periode_data,wilayah,kecamatan,kelurahan,nama_tps,jenis_tps,alamat
2023,"Jakarta Utara",Cilincing,"Semper Barat","TPS RW  01 Semper Barat","Tipe 4","Jl  Belibis IV"
2023,"Jakarta Utara",Cilincing,Rorotan,"TPS RW  03 Rorotan","Tipe 4","Jl  Green Garden 3"
2023,"Jakarta Utara",Cilincing,Rorotan,"TPS RW  10 Rorotan","Tipe 4","Jl  Rorotan III No 21"
2023,"Jakarta Utara",Cilincing,Rorotan,"TPS RW  07 RT  19 Rorotan","Tipe 4","Jl  Rorotan IX Gg IV"
2023,"Jakarta Utara",Cilincing,Rorotan,"TPS RW  07 RT  01 Rorotan","Tipe 4","Jl  Rorotan IX Gg 1"
2023,"Jakarta Utara",Cilincing,Rorotan,"TPS RW  07 Rorotan","Tipe 4","Jl  Batas Rorotan No 12"
2023,"Jakarta Utara",Cilincing,Rorotan,"TPS RW  13 Rorotan","Tipe 4","Jl  Sarang Bango No  3"
2023,"Jakarta Utara",Cilincing,Rorotan,"TPS RW  12 Rorotan","Tipe 4","Jl  Rorotan Marunda 23 25"
2023,"Jakarta Utara",Cilincing,Rorotan,"TPS Pasar Lokbin","Tipe 4","Jl  Malaka I No  42 RT  04 RW  05"
2023,"Jakarta Timur",Pulogadung,Jati,"TPS RW 03 04","Tipe 4","Jl  Poncol"
2023,"Jakarta Timur",Pulogadung,Jati,"TPS RW 05","Tipe 4","Jl  Bendungan Jati"
2023,"Jakarta Timur",Pulogadung,"Jatinegara Kaum","TPS RW  004 Kel  Jatinegara Kaum","Tipe 4","Jl  Remaja RT  08 RW  04"
2023,"Jakarta Timur",Pulogadung,"Jatinergara Kaum","TPS RW  009 Rusun Jatinegara Kaum","Tipe 4","Jl  Bekasi Timur Raya RW  01"
2023,"Jakarta Timur",Pulogadung,Pulogadung,"TPS RW  003 Taruna Pulogadung","Tipe 4","Jl  Taruna"
2023,"Jakarta Timur",Pulogadung,Pulogadung,"TPS RW  008 Pulogadung","Tipe 4","Jl  Pulo Nangka Timur"
2023,"Jakarta Timur",Pulogadung,Pulogadung,"TPS RW  009 Pulogadung","Tipe 4","Jl Kayu Mas Utara"
2023,"Jakarta Timur",Pulogadung,Pulogadung,"TPS RW  001 Pulogadung","Tipe 4","Jl  Kayu Mas Raya"
2023,"Jakarta Timur",Pulogadung,Cipinang,"TPS RW  008","Tipe 4","Jl  Cipinang Lontar RW 008"
2023,"Jakarta Timur",Pulogadung,Cipinang,"TPS RW  005 Brimob Cipinang","Tipe 4","Jl  Raya Bekasi Timur"
2023,"Jakarta Timur",Pulogadung,Cipinang,"TPS RW  006 Musik Cipinang","Tipe 4","Jl  Cipinang Baru Raya RW  06"
2023,"Jakarta Timur",Pulogadung,Cipinang,"TPS RW  16 Jagal","Tipe 4","Jl  Cipinang Jagal RW 016"
2023,"Jakarta Timur",Pulogadung,Rawamangun,"TPS RW  11","Tipe 4","Jl  Wisma Jaya"
2023,"Jakarta Timur",Pulogadung,Rawamangun,"TPS RW  12","Tipe 4","Jl Rawamangun Muka Selatan"
2023,"Jakarta Timur",Pulogadung,"Kayu Putih","TPS RW  016","Tipe 4","Jl  Pulo Nangka Barat RT  03 RW 016"
2023,"Jakarta Timur","Pasar Rebo",Pekayon,"Jl  Gandaria I  II  III  IV RW 02 Kel  Pekayon","Tipe 4","Jl  Gandaria RW 02 Pekayon"
2023,"Jakarta Timur","Pasar Rebo",Pekayon,"Komplek Zeni Kel  Pekayon","Tipe 4","Jl  Raya Jakarta Bogor No 10A  RT 2 RW 8  Pekayon"
2023,"Jakarta Timur","Pasar Rebo",Pekayon,"Jl  Raya Bogor Ciba Kel  Pekayon","Tipe 4","Jl  Raya Bogor samping Hutsman Pekayon"
2023,"Jakarta Timur","Pasar Rebo",Pekayon,"Kantor Camat Pasar Rebo","Tipe 4","Jl  Raya Bogor  RT 1 RW 4  Pekayon"
2023,"Jakarta Timur","Pasar Rebo",Pekayon,"Jl  Lapan Toledo Kel  Pekayon","Tipe 4","Jl  Lapan Toledo Pekayon"
2023,"Jakarta Timur","Pasar Rebo",Pekayon,"Jl  Lapan depan RPTRA Kaca Piring Kel  Pekayon","Tipe 4","Jl  Lapan Rw 01 Pekayon"
2023,"Jakarta Timur","Pasar Rebo",Pekayon,"Jl  Lapan III Kel  Pekayon","Tipe 4","Jl  Lapan III Pekayon"
2023,"Jakarta Timur","Pasar Rebo",Pekayon,"Yonif 201 Kel  Pekayon","Tipe 4","Jl  Raya Bogor Jaya Yudha Rw 05 Pekayon"
2023,"Jakarta Timur","Pasar Rebo",Pekayon,"Jl  H  Balok Kel  Pekayon","Tipe 4","Jl  H  Balok Pekayon"
2023,"Jakarta Timur","Pasar Rebo",Pekayon,"Detta Marina Kel  Pekayon","Tipe 4","Jl  Raya Bogor KM 28 Pekayon"
2023,"Jakarta Timur","Pasar Rebo",Pekayon,"Jl  Kopi Kel  Pekayon","Tipe 4","Jl  Kopi Rw 03 Pekayon"
2023,"Jakarta Timur","Pasar Rebo",Pekayon,"POLSEK Pasar Rebo Kel  Pekayon","Tipe 4","Jl  Raya Jakarta Bogor KM 26 5  RT 4 RW 8  Pekayon"
2023,"Jakarta Timur","Pasar Rebo",Pekayon,"Balai Diklat Industri Jakarta Kel  Pekayon","Tipe 4","Jl  Balai Kimia No 1 A  RW 9  Pekayon"
2023,"Jakarta Timur","Pasar Rebo",Kalisari,"Jl  Sawit Kel  Kalisari","Tipe 4","Jl  Kalisari III Kel  Kalisari"
2023,"Jakarta Timur","Pasar Rebo",Kalisari,"Jl  Puskesmas Kel  Kalisari","Tipe 4","Jl  Puskesmas Kalisari"
2023,"Jakarta Timur","Pasar Rebo",Kalisari,"Jl  Manunggal Bhakti RW 11 Kel  Kalisari","Tipe 4","Jl  Manunggal Bkati RW 011 Kel  Kalisari"
2023,"Jakarta Timur","Pasar Rebo",Kalisari,"GOR Kalisari Kel  Kalisari","Tipe 4","Jl  Kalisari III Kel  Kalisari"
2023,"Jakarta Timur","Pasar Rebo",Kalisari,"Jl  Damai Kel  Kalisari","Tipe 4","Jl  Damai RW 001 Kerl  Kalisari"
2023,"Jakarta Timur","Pasar Rebo",Kalisari,"Jl  Albarokah RW 09 Kel  Kalisari","Tipe 4","Jl  Lingkar Sari RW 009 Kel  Kalisari"
2023,"Jakarta Timur","Pasar Rebo",Kalisari,"Jl  Caraka Buana Kel  Kalisari","Tipe 4","Jl  Caraka Buana RW 003 Kel  Kalisari"
2023,"Jakarta Timur","Pasar Rebo",Kalisari,"Komplek Brigief Kel  Kalisari","Tipe 4","Komplek Brigif Kalisari"
2023,"Jakarta Timur","Pasar Rebo",Kalisari,"Jl  Alfamart Kel  Kalisari","Tipe 4","Jl  Kalisari Raya Kel  Kalisari"
2023,"Jakarta Selatan","Mampang Prapatan","Kuningan Barat","TPS Museum Satria Mandala","Tipe 2","Jl  Gatot Subroto R 01 Kel Kuningan Barat"
2023,"Jakarta Selatan","Mampang Prapatan","Kuningan Barat","TPS LIPI","Tipe 2","Jl  Gatot Subroto R 01 Kel Kuningan Barat"
2023,"Jakarta Selatan",Pancoran,"Duren tiga","TPS PLN Sigura gura","Tipe 2","Jl  Duren Tiga PLN"
2023,"Jakarta Selatan",Pancoran,Pancoran,"TPS ABN Pancoran","Tipe 2","Jl  Pancoran Timur 2A No  24"
2023,"Jakarta Selatan",Pancoran,Rawajati,"TPS Transmigrasi","Tipe 2","Jl  Jati Luhur No  33 RT  6 RW  7 Rawajati Kec  Pancoran"
2023,"Jakarta Selatan",Pancoran,Pengadegan,"TPS BPK Pengadegan","Tipe 2","Jl  Binawarga II Selatan RT  6 RW  7 Kalibata Pancoran"
2023,"Jakarta Selatan",Pancoran,Cikoko,"TPS Dinas Pariswisata BSF","Tipe 2","Jl  MT  Haryono"
2023,"Jakarta Selatan",Pancoran,Pengadegan,"TPS Rusun Pengadegan","Tipe 2","Jl  Pengadegan Timur I RT  7 RW  1 Pengadegan  Kec  Pancoran"
2023,"Jakarta Selatan",Pancoran,Pancoran,"TPS Catering Puspa","Tipe 2","Jl  Pancoran Timur"
2023,"Jakarta Selatan",Pancoran,Cikoko,"TPS BPK Cikoko","Tipe 2","Jl  Letjen MT  Haryono  RT  4 RW  2 Cikoko  Kec  Pancoran"
2023,"Jakarta Selatan",Pancoran,Rawajati,"TPS Pool Taksi Blue Bird","Tipe 2","Jl  Rawajati"
2023,"Jakarta Selatan",Pancoran,Pengadegan,"TPS LIA Pengadegan","Tipe 2","Jl  Pengadegan Tmr Raya 3 Cikoko Pancoran RT  3 RW  7 Pengadegan Kec  Pancoran"
2023,"Jakarta Selatan",Pancoran,"Duren Tiga","TPS Mendagri","Tipe 2","Jl  Raya Kalibata No  8 RT  11 RW  7 Duren Tiga Kec  Pancoran"
2023,"Jakarta Selatan","Pasar Minggu","Pejaten Barat","TPS Buncit Indah","Tipe 2","Perumahan Buncit Indah"
2023,"Jakarta Selatan",Pesanggrahan,Pesanggrahan,"TPS RW  003 H  Garie","Tipe 2","Jl  H  Garie"
2023,"Jakarta Selatan",Pesanggrahan,Pesanggrahan,"TPS PD  Pasar Pesanggrahan","Tipe 2","Jl  Pesanggrahan Raya"
2023,"Jakarta Selatan",Pesanggrahan,Pesanggrahan,"TPS Pasar Lokbin Pesanggrahan","Tipe 2","Jl  Bintaro Permai"
2023,"Jakarta Selatan",Pesanggrahan,Pesanggrahan,"TPS Jl Kesaradan  SMA 108  Pesanggrahan","Tipe 2","Jl  Kesadaran  SMA 108"
2023,"Jakarta Selatan",Pesanggrahan,Bintaro,"TPS RW  004 IKPN","Tipe 2","Komp  IKPN"
2023,"Jakarta Selatan",Pesanggrahan,Bintaro,"TPS RW  010 Bintaro","Tipe 2","Jl  Masjid Al Muflihun"
2023,"Jakarta Selatan",Pesanggrahan,Ulujami,"TPS Komp  Polri RW  006","Tipe 2","Komplek POLRI"
2023,"Jakarta Selatan",Pesanggrahan,Ulujami,"TPS Ponpes Darunajah RW  004","Tipe 2","Jl  Ulujami Raya"
2023,"Jakarta Selatan",Pesanggrahan,Ulujami,"TPS RW  004 Ulujami","Tipe 2","Jl  Puskesmas Darul Najah"
2023,"Jakarta Selatan",Pesanggrahan,"Petukangan Utara","TPS Pasar Alfa Petukangan Utara","Tipe 2","Jl  Taman Alfa Indah"
2023,"Jakarta Selatan",Setiabudi,"Pasar Manggis","TPS PD Pasar Jaya Pasar Rumput","Tipe 2","Jl  Sultan Agung Kel  Menteng Atas"
2023,"Jakarta Selatan",Setiabudi,Karet,"TPS PD Pasar Jaya Pasar Mencos","Tipe 2","Jl  Karet Belakang Barat No  2 RT  11 RW  02 Kel  Karet"
2023,"Jakarta Selatan",Setiabudi,"Menteng Atas","TPS PD Pasar Jaya Pasar Menteng Pulo","Tipe 2","Jl  Menteng Pulo Raya RT  13 RW  08 Kel  Menteng Atas"
2023,"Jakarta Selatan",Setiabudi,"Pasar Manggis","TPS PD Pasar Jaya Pasar Manggis","Tipe 2","Jl  Guntur RT  13 RW  05 Kel  Pasar Manggis"
2023,"Jakarta Selatan",Setiabudi,"Karet Semanggi","TPS PD Pasar Jaya Pasar Karet Sawah","Tipe 2","Jl  Karet Belakang Barat RT  03 RW  03 Kel  Karet Kuningan"
2023,"Jakarta Selatan",Setiabudi,"Karet Semanggi","TPS RW  04 Karet Semanggi","Tipe 2","Jl Karet Sawah RT  05 RW  04 Kel  Karet Semanggi"
2023,"Jakarta Selatan",Setiabudi,"Kuningan Timur","TPS RW  04 Kuningan Timur","Tipe 2","Jl  Casablanca Pemakaman Menteng Pulo RW  04 Kel  Kuningan Timur"
2023,"Jakarta Selatan",Tebet,"Bukit Duri","TPS RW  12 bukit duri","Tipe 2","Jl  Kampung Melayu Kecil"
2023,"Jakarta Selatan",Tebet,"Kebon Baru","TPS RW  01 Kebon Baru","Tipe 2","RW  01 Kebon Baru"
2023,"Jakarta Selatan",Tebet,"Tebet Timur","TPS Pasar Tebet Timur","Tipe 2","Jl  Tebet Timur Dalam Raya RT  005 RW  05"
2023,"Jakarta Selatan",Tebet,"Tebet Barat","TPS Pasar Tebet Barat","Tipe 2","Jl  Tebet Barat Dalam Raya RT  002 RW  05"
2023,"Jakarta Timur",Cakung,"Ujung Menteng","TPS Perum Taman Modern","Tipe 2","Perum Taman Modern"
2023,"Jakarta Timur",Cakung,"Ujung Menteng","TPS Dishub","Tipe 2","Jl  Raya Bekasi"
2023,"Jakarta Timur",Cakung,"Cakung Barat","TPS RW  04","Tipe 2","Jl  Cacing"
2023,"Jakarta Timur",Cakung,"Cakung Barat","TPS RW  07","Tipe 2","Jl  Inspeksi Kalimalang"
2023,"Jakarta Timur",Cakung,"Rawa Terate","TPS RW  01 02 03","Tipe 2","Jl  Rawa Bali 1 RW  01"
2023,"Jakarta Timur",Cakung,Penggilingan,"TPS Rasamala","Tipe 2","Jl  Rasamala"
2023,"Jakarta Timur",Cakung,Penggilingan,"TPS Rusun Pinus Blok C","Tipe 2","Rusun Pinus Blok C"
2023,"Jakarta Timur",Cakung,Penggilingan,"TPS RW  18","Tipe 2","Jl  Bulavar"
2023,"Jakarta Timur",Cakung,"Cakung Timur","TPS RW  02","Tipe 2","RW  02"
2023,"Jakarta Timur",Cakung,"Cakung Timur","TPS Perum JGC","Tipe 2","Perum JGC"
2023,"Jakarta Timur",Cakung,"Cakung Timur","TPS RW  06","Tipe 2","RW  06"
2023,"Jakarta Timur",Cakung,"Cakung Timur","TPS RW  11","Tipe 2","RW  11"
2023,"Jakarta Timur",Cakung,Jatinegara,"TPS Pasar SS","Tipe 2","Pasar SS"
2023,"Jakarta Timur",Cakung,Jatinegara,"TPS Pasar Pulojahe","Tipe 2","Pasar Pulojahe"
2023,"Jakarta Timur",Cakung,Jatinegara,"TPS Rusun Pulojahe","Tipe 2","Rusun Pulojahe"
2023,"Jakarta Timur",Cakung,Jatinegara,"TPS RW  06","Tipe 2","RW  06"
2023,"Jakarta Timur",Cakung,Pulogebang,"TPS Rusun Pulogebang","Tipe 2","Rusun Pulogebang"
2023,"Jakarta Timur",Cakung,Pulogebang,"TPS Rusun Rawa Bebek","Tipe 2","Rusun Rawa Bebek"
2023,"Jakarta Timur",Cakung,Pulogebang,"TPS Eramas 2000","Tipe 2","Jl  Komplek eramas 2000"
2023,"Jakarta Timur",Cipayung,Cilangkap,BPOM,"Tipe 2","Jl  Assyafiyah"
2023,"Jakarta Timur",Cipayung,Cipayung,"Komplek Binamarga","Tipe 2","Komplek Binamarga RW  05"
2023,"Jakarta Timur",Cipayung,Setu,"TPS Perum Kopti","Tipe 2","Komplek Kopti RT  03 RW  06"
2023,"Jakarta Timur",Cipayung,Munjul,"TPS Pasar UKM Munjul","Tipe 2","Pasar Munjul"
2023,"Jakarta Timur",Cipayung,Ceger,"TPS Rambo","Tipe 2","Jl  Rambo"
2023,"Jakarta Timur",Cipayung,"Pondok Ranggon","TPS RW  04","Tipe 2","Jl  Tengki RW  04"
2023,"Jakarta Timur",Ciracas,"Kelapa Dua Wetan","TPS Manunggal","Tipe 2","Jl  Manunggal"
2023,"Jakarta Timur",Ciracas,Cibubur,"TPS SMA 99","Tipe 2","Jl  Bulak Ringin RW  03"
2023,"Jakarta Timur",Ciracas,Cibubur,"TPS Transito Komplek KODAM","Tipe 2","Jl  Kapulaga 4 Blok E"
2023,"Jakarta Timur",Ciracas,Cibubur,"TPS Komplek DPRD","Tipe 2","Jl  Kumis Kucing 2"
2023,"Jakarta Timur",Ciracas,Susukan,"TPS RW  02","Tipe 2","Jl  Makmur Atas"
2023,"Jakarta Timur",Ciracas,Susukan,"TPS RW  02","Tipe 2","Jl  Makmur Bawah"
2023,"Jakarta Timur","Duren Sawit","Pondok Kelapa","TPS H  Ammar RW  08","Tipe 2","Jl  H  Ammar RT  006 RW  008 Kel  Pondok Kelapa"
2023,"Jakarta Timur","Duren Sawit","Pondok Kopi","TPS RW  11","Tipe 2","Jl  BKT Ujung RW  11 Kel  Pondok Kopi"
2023,"Jakarta Timur","Duren Sawit","Pondok Kopi","TPS RW  09","Tipe 2","Jl  I Gusti Ngurai Rai RW  09 Kel  Pondok Kopi"
2023,"Jakarta Timur","Duren Sawit","Pondok Bambu","TPS RW  05","Tipe 2","Jl  Komplek Bea Cukai RW  05 Kel  Pondok Bambu Kec  Duren Sawit"
2023,"Jakarta Timur",Jatinegara,"Cipinang Muara","TPS LPS Cipinang Elok RW  10","Tipe 2","Jl Cipinang Elok Blok Ag No  18"
2023,"Jakarta Timur",Jatinegara,Rawabunga,"TPS Pasar Rawa Bening","Tipe 2","Jl  Bekasi Barat"
2023,"Jakarta Timur",Jatinegara,Rawabunga,"TPS PT  Telkom","Tipe 2","Jl  Mayjen DI Panjaitan"
2023,"Jakarta Timur",Jatinegara,Balimester,"TPS Pasar Regional Jatinegara","Tipe 2","Jl  Jatinegara Barat RT  05 RW  03"
2023,"Jakarta Timur",Jatinegara,"Cipinang Muara","TPS RW  013 Cip  Muara","Tipe 2","Jl  Cipinang Bali lll RT  05 013"
2023,"Jakarta Timur",Jatinegara,"Bidara Cina","TPS Rusun Bidara Cina","Tipe 2","Jl  Biduri Bulan"
2023,"Jakarta Timur",Jatinegara,"Cipinang Besar Utara","TPS LP Narkotik","Tipe 2","Jl  Bekasi Timur"
2023,"Jakarta Timur",Jatinegara,"Cipinang Besar Utara","TPS Lapas Kelas I Cipinang","Tipe 2","Jl  Bekasi Timur"
2023,"Jakarta Timur",Jatinegara,"Cipinang Besar Utara","TPS RS  Pengayoman","Tipe 2","Jl  Bekasi Timur"
2023,"Jakarta Timur",Jatinegara,"Cipinang Cempedak","TPS RW  08","Tipe 2","Jl  Kebon Nanas Selatan 1"
2023,"Jakarta Timur",Jatinegara,"Cipinang Besar Selatan","TPS RW  05 CBS","Tipe 2","Jl  Panca Warga Satu RW  05"
2023,"Jakarta Timur",Jatinegara,"Cipinang Cempedak","TPS Totogan","Tipe 2","Jl  Cipinang Cempedak l"
2023,"Jakarta Timur",Jatinegara,"Cipinang Besar Utara","TPS Container RW  01","Tipe 2","Jl  DI Panjaitan RW  01"
2023,"Jakarta Timur",Jatinegara,"Kampung Melayu","TPS Bahtera Wiraniaga Internusa","Tipe 2","Jl  Jatinegara Barat Raya"
2023,"Jakarta Timur","Kramat Jati",Cililitan,"TPS Komplek Puskesad","Tipe 2","Komplek Puskesad"
2023,"Jakarta Timur","Kramat Jati",Dukuh,"TPS Pijar RT  12 RW  04","Tipe 2","Jl  Pijar RT  12 RW  04"
2023,"Jakarta Timur","Kramat Jati",Dukuh,"TPS BHP RT  05 RW  06","Tipe 2","Jl  BHP RT  05 RW  06"
2023,"Jakarta Timur","Kramat Jati",Dukuh,"TPS Dukuh 4 RT  05 RW  01","Tipe 2","Jl  Dukuh 4 RT  05 RW  01"
2023,"Jakarta Timur","Kramat Jati","Kramat Jati","TPS H  Mudenia RT  06 RW  09","Tipe 2","Jl  H  Mudenia RT  06 RW  09"
2023,"Jakarta Timur","Kramat Jati","Kramat Jati","TPS Al Amin RW  06","Tipe 2","Jl  Al Amin"
2023,"Jakarta Timur","Kramat Jati",Tengah,"TPS Komplek Paspampres","Tipe 2","Komplek Paspampres"
2023,"Jakarta Timur","Kramat Jati",Tengah,"TPS Karya","Tipe 2","Jl  Karya"
2023,"Jakarta Timur",Makasar,"Cipinang Melayu","TPS RW  09","Tipe 2","Jl  Pangkalan Jati VII"
2023,"Jakarta Timur",Makasar,"Cipinang Melayu","TPS RW  04 Borobudur","Tipe 2","Jl  Pangeran"
2023,"Jakarta Timur",Makasar,"Cipinang Melayu","TPS RW  03","Tipe 2","Jl  Al Muqorobin"
2023,"Jakarta Timur",Makasar,"Halim Perdana Kusuma","TPS RW  12 Rajawali","Tipe 2","Jl  Siaga 4"
2023,"Jakarta Timur",Makasar,"Halim Perdana Kusuma","TPS RW  010 Halim PK  RSAU","Tipe 2","Jl  Jatayu"
2023,"Jakarta Timur",Makasar,"Halim Perdana Kusuma","TPS RW  009 Halim PK  STTD","Tipe 2","Jl  Raya Halim"
2023,"Jakarta Timur",Makasar,"Halim Perdana Kusuma","TPS RW  04","Tipe 2","Jl  Squadron"
2023,"Jakarta Timur",Makasar,"Halim Perdana Kusuma","TPS RW  003  Gedung Garda","Tipe 2","Jl  Raya Pondok Gede"
2023,"Jakarta Timur",Makasar,"Halim Perdana Kusuma","TPS RW  002 Halim PK  LAKESGILUT","Tipe 2","Jl  Raya Pondok Gede RT  9 RW  1"
2023,"Jakarta Timur",Makasar,"Kebon Pala","TPS RW  06  Lahan Yongki","Tipe 2","Jl  DI Panjaitan"
2023,"Jakarta Timur",Makasar,"Kebon Pala","TPS RW  06 Kebon Pala  Hotel 678","Tipe 2","Jl  Mayjend Sutoyo"
2023,"Jakarta Timur",Makasar,"Pinang Ranti","TPS RW  05","Tipe 2","Jl  Al Falah"
2023,"Jakarta Timur",Makasar,"Pinang Ranti","TPS RW  04","Tipe 2","Gg  Melati"
2023,"Jakarta Timur",Makasar,"Pinang Ranti","TPS RW  01","Tipe 2","Jl  Pinang Ranti Barat"
2023,"Jakarta Timur",Makasar,"Pinang Ranti","TPS RW  02 Gedung Pewayangan","Tipe 2","Jl  Pintu I TMII"
2023,"Jakarta Timur",Makasar,"Pinang Ranti","TPS RW  03 Padepokan Pencak Silat","Tipe 2","Jl  Raya TMII"
2023,"Jakarta Timur",Makasar,"Pinang Ranti","TPS RW  03 Masjid At Tin","Tipe 2","Jl  Raya TMII"
2023,"Jakarta Timur",Matraman,Palmeriam,"TPS RW  08","Tipe 2","Jl  Kayu Manis Lama I RW  08"
2023,"Jakarta Timur",Matraman,Palmeriam,"TPS RW  10","Tipe 2","Jl  Pramuka RW  10"
2023,"Jakarta Timur","Pasar Rebo",Baru,"Yonkav Atas Barak Kel  Baru","Tipe 2","Jl  Yonkav Rt 001 Rw 006 Kel  Baru"
2023,"Jakarta Timur","Pasar Rebo",Baru,"Komplek Bekangdam Jaya Kel  Baru","Tipe 2","Jl  Ra  Fadillah Rt 003 Rw 006 Kel  Baru"
2023,"Jakarta Timur","Pasar Rebo",Cijantung,"Komplek Denzipur Kel  Cijantung","Tipe 2","Jl  Pendidikan II RT 06 RW 04"
2023,"Jakarta Timur","Pasar Rebo",Cijantung,"Jl  Selayar Kel  Cijantung","Tipe 2","Jl  Selayar Rw 04"
2023,"Jakarta Timur","Pasar Rebo",Cijantung,"Yayasan Sudirman Kel  Cijantung","Tipe 2","Jl  Pendidikan III RT 03 RW 04"
2023,"Jakarta Timur","Pasar Rebo",Cijantung,"Jl  Lebak Sari Kel  Cijantung","Tipe 2","Jl  Lebak Sari Rw 05"
2023,"Jakarta Timur","Pasar Rebo",Cijantung,"MTS Negeri 33 Kel  Cijantung","Tipe 2","Jl  Pertengahan Rt 01 Rw 03"
2023,"Jakarta Selatan","Mampang Prapatan","Kuningan Barat","TPS Pariwisata","Tipe 2","Jl  Abd  Rohim RW  01 Kel  Kuningan Barat"
2023,"Jakarta Utara",Cilincing,Cilincing,"TPS RW  01 Cilincing","Tipe 4","Jl  Cilincing Baru 1"
2023,"Jakarta Utara",Cilincing,Cilincing,"TPS RW  08 Cilincing","Tipe 4","Pasar Pagi RW  08"
2023,"Jakarta Utara",Cilincing,Cilincing,"TPS RW  07 Cilincing","Tipe 4","Komp Brimob"
2023,"Jakarta Utara",Cilincing,Cilincing,"TPS Bulak Cabe RW  09 Cilincing","Tipe 4","Jl  Cakung Drain RW  09"
2023,"Jakarta Utara",Cilincing,Cilincing,"TPS Al Alam RT 05 RW  04 Cilincing","Tipe 4","Jl  Rekreasi Cilincing RT  05 RW  04"
2023,"Jakarta Utara",Cilincing,Cilincing,"TPS Rawa Malang RT  09 RW  09 Cilincing","Tipe 4","Jl  Cakung Drain RT  09 RW  09"
2023,"Jakarta Utara",Cilincing,Cilincing,"TPS RT  13 RW 09 Cilincing","Tipe 4","Jl  Komp Pelindo RT  13 RW  09"
2023,"Jakarta Utara",Cilincing,Cilincing,"TPS RW  10 Rusun Cilincing","Tipe 4","Jl  Cakung Drain RW  10"
2023,"Jakarta Utara",Cilincing,Cilincing,"TPS Kali Banglio bak 3 RT  16 RW  03 Cilincing","Tipe 4","Jl  Kali Banglio RT  16 RW  03"
2023,"Jakarta Utara",Cilincing,Cilincing,"TPS Kali Banglio bak 2 RT  11 Cilincing","Tipe 4","Jl  Kali Banglio RT  11"
2023,"Jakarta Utara",Cilincing,Cilincing,"TPS Kali Banglio bak 1 RT  09","Tipe 4","Jl  Kali Banglio RT  09"
2023,"Jakarta Utara",Cilincing,Cilincing,"TPS Kali Banglio RT  08 Cilincing","Tipe 4","Jl  Kali Banglio RT  08"
2023,"Jakarta Utara",Cilincing,Cilincing,"TPS TPI RW  04 Cilincing","Tipe 4","Jl  Cakung Drain TPI Kel Cilincing"
2023,"Jakarta Utara",Cilincing,Marunda,"TPS RW  01 Dempet Marunda","Tipe 4","Jl  H  Dempet"
2023,"Jakarta Utara",Cilincing,Marunda,"TPS KEPU","Tipe 4","Jl  Kp  Marunda Kepu"
2023,"Jakarta Utara",Cilincing,Marunda,"TPS RW  03 Cabang 4 Marunda","Tipe 4","Jl  Marunda Baru 4"
2023,"Jakarta Utara",Cilincing,Marunda,"TPS RW  01 Marunda","Tipe 4","Jl  Raya Bidara"
2023,"Jakarta Utara",Cilincing,Marunda,"TPS RW  11 Marunda","Tipe 4","Rusun Marunda Cluster B"
2023,"Jakarta Utara",Cilincing,Marunda,"TPS RW  10 Marunda","Tipe 4","Rusun Marunda Cluster A"
2023,"Jakarta Utara",Cilincing,Kalibaru,"TPS PD Pasar Jaya Kalibaru","Tipe 4","Jl Kalibaru Timur RW  02"
2023,"Jakarta Utara",Cilincing,Kalibaru,"TPS RW  02 Kalibaru","Tipe 4","Jl  Kalibaru Timur"
2023,"Jakarta Utara",Cilincing,Kalibaru,"TPS RW  08 Kalibaru","Tipe 4","Jl  Kalibaru Barat"
2023,"Jakarta Utara",Cilincing,Kalibaru,"TPS RW  002 Kalibaru","Tipe 4","Jl  Kosambi 1 RT 13 RW  02"
2023,"Jakarta Utara",Cilincing,Kalibaru,"TPS RW  014 Kalibaru","Tipe 4","Jl  Kali Baru Timur"
2023,"Jakarta Utara",Cilincing,Kalibaru,"TPS RW  013 Kalibaru","Tipe 4","Jl  Kalibaru Timur RT  13 RW  13"
2023,"Jakarta Utara",Cilincing,Kalibaru,"TPS RW  01 Kalibanglio Kali Baru","Tipe 4","Jl  Kali Banglio RT  02 01 Kel  Kalibaru"
2023,"Jakarta Utara",Cilincing,"Semper Timur","TPS Gaya Motor RW  08 Semper Timur","Tipe 4","Komp  Gaya Motor RW  08"
2023,"Jakarta Utara",Cilincing,"Semper Timur","TPS RW  02 Semper Timur","Tipe 4","Jl  Cakung Cilincing RT  03 RW  02"
2023,"Jakarta Utara",Cilincing,"Semper Timur","TPS RW  11 Cakung Drain Semper Timur","Tipe 4","Jl  Swadaya I RT  01 RW  11"
2023,"Jakarta Utara",Cilincing,"Semper Timur","TPS RW  10 Cakung Drain Semper Timur","Tipe 4","Jl  Inspeksi Cakung Drain RT  06 RW  10"
2023,"Jakarta Utara",Cilincing,"Semper Timur","TPS Jembatan Budidharma Semper Timur","Tipe 4","Jl  TPU Semper RT 04 RW 10"
2023,"Jakarta Utara",Cilincing,"Semper Timur","TPS RW  03 Budidarma Semper Timur","Tipe 4","Jl  Alteri Marunda RT  01 RW 03"
2023,"Jakarta Utara",Cilincing,"Semper Timur","TPS RW  10 Bak Tugu Semper Timur","Tipe 4","Jl  Cacing RW  010"
2023,"Jakarta Utara",Cilincing,"Semper Timur","TPS RW  09 Airud","Tipe 4","Jl  Arjuna III RT  10 RW  09"
2023,"Jakarta Utara",Cilincing,"Semper Timur","TPS RW  03 Sungai Begog Semper Timur","Tipe 4","Jl  Peralihan RT  06 RW  03"
2023,"Jakarta Utara",Cilincing,"Semper Barat","TPS LINTAS RW  05 Semper Barat","Tipe 4","Jl  Raya Tipar Cakung RW  05"
2023,"Jakarta Utara",Cilincing,"Semper Barat","TPS RW  06 Semper Barat","Tipe 4","Jl  Raya Cacing RT  11 RW  06"
2023,"Jakarta Utara",Cilincing,"Semper Barat","TPS RW  04 Waduk Belibis Semper Barat","Tipe 4","Jl  Rusun Embrio RW 04"
2023,"Jakarta Utara",Cilincing,"Semper Barat","TPS RW  04 Semper Barat","Tipe 4","Rusun Embrio"
2023,"Jakarta Selatan","Pasar Minggu","Jati Padang","TPS Kel  Jatipadang","Tipe 4","Kelurahan Jati Padang"
2023,"Jakarta Selatan","Pasar Minggu",Ragunan,"TPS RS  Hewan","Tipe 4","Jl  Harsono RM No  28 RT  9 RW  4"
2023,"Jakarta Selatan","Pasar Minggu",Ragunan,"TPS Saco","Tipe 4","Jl  Saco RW  08"
2023,"Jakarta Selatan","Pasar Minggu","Jati Padang","TPS JPO SMK 57","Tipe 4","Jl  Raya Taman Margasatwa  JPO SMKN 57"
2023,"Jakarta Selatan","Pasar Minggu","Cilandak Timur","TPS LPS Jeruk Purut","Tipe 4","Jl  Raya Madrasah No  14 RT  007 06  Jeruk Purut"
2023,"Jakarta Selatan","Pasar Minggu",Kebagusan,"TPS Kober","Tipe 4","RW  07 Jalan Kebagusan Raya  Kober"
2023,"Jakarta Selatan","Pasar Minggu","Pasar Minggu","PD Pasar Jaya","Tipe 4","Jl  Raya Pasar Minggu PD Pasar Jaya"
2023,"Jakarta Selatan",Pesanggrahan,Pesanggrahan,"TPS Depen RW  007","Tipe 4","Jl  Pesanggrahan Raya RW  007"
2023,"Jakarta Selatan",Pesanggrahan,Pesanggrahan,"TPS RW  001 Pesanggrahan","Tipe 4","Jl  Ulujami Raya"
2023,"Jakarta Selatan",Pesanggrahan,Pesanggrahan,"TPS RW  005 Komp  Kodam","Tipe 4","Jl  Pesanggrahan Raya"
2023,"Jakarta Selatan",Pesanggrahan,Pesanggrahan,"TPS RW  008 Pesanggrahan","Tipe 4","Jl  Bintaro Puspita Raya Perumahan Bumi Bintaro Permai"
2023,"Jakarta Selatan",Pesanggrahan,Bintaro,"TPS RW  002 Bintaro","Tipe 4","Jl  Depsos Raya"
2023,"Jakarta Selatan",Pesanggrahan,Bintaro,"TPS Deplu RW  003","Tipe 4","Jl  Deplu"
2023,"Jakarta Selatan",Pesanggrahan,Bintaro,"TPS RW  08 Bintaro","Tipe 4","Jl  Garuda RT  006 RW  008"
2023,"Jakarta Selatan",Pesanggrahan,Ulujami,"TPS RW  003 Ulujami","Tipe 4","Jl  H  Rohimin"
2023,"Jakarta Selatan",Pesanggrahan,Ulujami,"TPS RW  007 Ulujami","Tipe 4","Jl  Inspeksi"
2023,"Jakarta Selatan",Pesanggrahan,"Petukangan Selatan","TPS RW  008 Petukangan Selatan","Tipe 4","Jl  Pesanggrahan Mas  Komp  Bumi Pesanggrahan Mas"
2023,"Jakarta Selatan",Pesanggrahan,"Petukangan Selatan","TPS Gateway","Tipe 4","Jl  Ciledug Raya"
2023,"Jakarta Selatan",Pesanggrahan,"Petukangan Utara","TPS RW  007 Petukangan Utara","Tipe 4","Jl  Taman Alfa Indah  Komp  Alfa"
2023,"Jakarta Selatan",Pesanggrahan,"Petukangan Utara","TPS RW  010 Petukangan Utara","Tipe 4","Jl  Masjid"
2023,"Jakarta Selatan",Pesanggrahan,"Petukangan Utara","TPS RW  001 Petukangan Utara","Tipe 4","Jl  AMD  SMA 63"
2023,"Jakarta Selatan",Setiabudi,"Pasar Manggis","TPS Kota Gedang","Tipe 4","Jl  Kota Gedang RW  01 Kel  Ps Manggis"
2023,"Jakarta Selatan",Setiabudi,Setiabudi,"TPS RW  02 Setiabudi","Tipe 4","Jl  Setiabudi Selatan RW  02 Kel  Setiabudi"
2023,"Jakarta Selatan",Setiabudi,Karet,"TPS RW  05 Karet","Tipe 4","Jl  Karet Karya RW  05 Kel  Karet"
2023,"Jakarta Selatan",Setiabudi,"Pasar Manggis","TPS Kawi","Tipe 4","Jl  Kawi RW  06 Kel  Ps  Manggis"
2023,"Jakarta Selatan",Tebet,"Kebon Baru","TPS Ciliwung","Tipe 4","Jl  Asem Baris Raya"
2023,"Jakarta Selatan",Tebet,"Bukit Duri","TPS Pasar Bukit Duri","Tipe 4","Jl  Bukit Duri Barat RT  008 RW  01"
2023,"Jakarta Selatan",Tebet,Manggarai,"TPS Manggarai","Tipe 4","Jl  Manggarai Utara"
2023,"Jakarta Selatan",Tebet,"Bukit Duri","TPS RW  12 Bukit Duri","Tipe 4","Jl  Kampung Melayu Kecil"
2023,"Jakarta Selatan",Tebet,Manggarai,"TPS RW  05  amp  08 Manggarai","Tipe 4","Jl  Manggarai Utara"
2023,"Jakarta Timur",Cakung,"Ujung Menteng","TPS RW  05","Tipe 4","Jl  Rawa Kuning"
2023,"Jakarta Timur",Cakung,"Cakung Barat","TPS RW  003","Tipe 4","Jl  Sisi Tol"
2023,"Jakarta Timur",Cakung,"Cakung Barat","TPS Rusun Albo","Tipe 4","Rusun Albo"
2023,"Jakarta Timur",Cakung,"Cakung Barat","TPS Rusun Tipar","Tipe 4","Rusun Tipar"
2023,"Jakarta Timur",Cakung,"Cakung Barat","TPS Rusun KM2","Tipe 4","Rusun KM2"
2023,"Jakarta Timur",Cakung,"Cakung Barat","TPS Palad","Tipe 4","Jl  Raya Bekasi Komp  Palad"
2023,"Jakarta Timur",Cakung,"Rawa Terate","TPS RT  14","Tipe 4","Jl  Radjiman RW  004"
2023,"Jakarta Timur",Cakung,"Rawa Terate","TPS Indomaret","Tipe 4","Jl  Radjiman RW  006"
2023,"Jakarta Timur",Cakung,"Rawa Terate","TPS RT  006","Tipe 4","Jl  Radjiman RW  006"
2023,"Jakarta Timur",Cakung,"Rawa Terate","TPS RT  002","Tipe 4","Jl  Radjiman RW  006"
2023,"Jakarta Timur",Cakung,"Rawa Terate","TPS RT  009","Tipe 4","Jl  Radjiman RW  006"
2023,"Jakarta Timur",Cakung,"Rawa Terate","TPS RT  001","Tipe 4","Jl  Radjiman RW  004"
2023,"Jakarta Timur",Cakung,"Rawa Terate","TPS RT  11","Tipe 4","Jl  Radjiman RW  004"
2023,"Jakarta Timur",Cakung,"Rawa Terate","TPS RT  005","Tipe 4","Jl  Radjiman RW  006"
2023,"Jakarta Timur",Cakung,"Rawa Terate","TPS Damri","Tipe 4","Jl  Radjiman RW  006"
2023,"Jakarta Timur",Cakung,"Rawa Terate","TPS RT  010","Tipe 4","Jl  Radjiman RW  004"
2023,"Jakarta Timur",Cakung,"Rawa Terate","TPS RT  014","Tipe 4","Jl  Radjiman RW  004"
2023,"Jakarta Timur",Cakung,"Rawa Terate","TPS RT  10","Tipe 4","Jl  Radjiman RW  004"
2023,"Jakarta Timur",Cakung,"Rawa Terate","TPS RT  09","Tipe 4","Jl  Radjiman RW  006"
2023,"Jakarta Timur",Cakung,Penggilingan,"TPS RW  008","Tipe 4","Jl  Raya Pengiilingan"
2023,"Jakarta Timur",Cakung,Penggilingan,"TPS Rusun Pinus Blok A","Tipe 4","Rusun Pinus Blok A"
2023,"Jakarta Timur",Cakung,Penggilingan,"TPS Rusun Pinus Blok B","Tipe 4","Rusun Pinus Blok B"
2023,"Jakarta Timur",Cakung,Penggilingan,"TPS Rusun Pinus Blok D","Tipe 4","Rusun Pinus Blok B"
2023,"Jakarta Timur",Cakung,Penggilingan,"TPS Rusun Pinus Blok E","Tipe 4","Rusun Pinus Blok B"
2023,"Jakarta Timur",Cakung,Penggilingan,"TPS Rusun Komarudin","Tipe 4","Rusun P Komarudin"
2023,"Jakarta Timur",Cakung,Penggilingan,"TPS Tikungan","Tipe 4","Jl  Raya Soemarno"
2023,"Jakarta Timur",Cakung,"Cakung Timur","TPS RW  08","Tipe 4","RW  008"
2023,"Jakarta Timur",Cakung,"Cakung Timur","TPS RW  07","Tipe 4","RW  07"
2023,"Jakarta Timur",Cakung,Jatinegara,"TPS Gardu","Tipe 4","Bak Gardu"
2023,"Jakarta Timur",Cakung,Jatinegara,"TPS Arion","Tipe 4",Arion
2023,"Jakarta Timur",Cakung,Pulogebang,"TPS PTUN","Tipe 4","Jl  Sawo Kecik RT  11 RW  08"
2023,"Jakarta Timur",Cakung,Pulogebang,"TPS PLN","Tipe 4","Jl  Sawo Kecik RW  08"
2023,"Jakarta Timur",Cakung,Pulogebang,"TPS Merah","Tipe 4","Jl  Soemarno"
2023,"Jakarta Timur",Cakung,Pulogebang,"TPS Permai","Tipe 4","Jl  Pulau Sangiyang"
2023,"Jakarta Timur",Cakung,"Cakung Barat","TPS Pasar","Tipe 4","Jl  Raya Bekasi"
2023,"Jakarta Timur",Cipayung,Setu,"TPS RT  04 RW  05 No  95","Tipe 4","Jl  H  Karim RT  04 RW  05"
2023,"Jakarta Timur",Cipayung,Setu,"TPS RT 04 RW 05 No  65","Tipe 4","Jl  H  Karim RT  04 RW  05"
2023,"Jakarta Timur",Cipayung,Cipayung,"TPS PBSI","Tipe 4","Jl  PBSI"
2023,"Jakarta Timur",Cipayung,Setu,"TPS RT  05 RW  05","Tipe 4","Jl  H  Karim RT  05 RW  05"
2023,"Jakarta Timur",Cipayung,"Bambu Apus","TPS RW  03","Tipe 4","Jl  Mini III A RW  03"
2023,"Jakarta Timur",Cipayung,"Bambu Apus","TPS Madu Indah","Tipe 4","Jl  Madu Indah RT  02 RW  03"
2023,"Jakarta Timur",Cipayung,Munjul,"TPS Buni","Tipe 4","Asrama POLRI Buni RT  08 RW  08"
2023,"Jakarta Timur",Cipayung,"Lubang Buaya","TPS Kramat 1","Tipe 4","Jl  Kramat 1 RW  10"
2023,"Jakarta Timur",Cipayung,Ceger,"TPS Panti Sosial Bina Insani","Tipe 4","Jl  Bina Marga"
2023,"Jakarta Timur",Cipayung,Ceger,"TPS Panti PSAA","Tipe 4","Jl  Bina Marga"
2023,"Jakarta Timur",Cipayung,Ceger,"TPS RW  03","Tipe 4","Jl  Raya Ceger RT  03 RW  03"
2023,"Jakarta Timur",Cipayung,Setu,"TPS RT  03 RW  05  JPO","Tipe 4","Jl  H  Karim RT  03 RW  05"
2023,"Jakarta Timur",Cipayung,Setu,"TPS Lintas Setu Raya","Tipe 4","Jl  Setu Raya RT  05 RW  01"
2023,"Jakarta Timur",Cipayung,"Bambu Apus","TPS Palem Kartika Depan","Tipe 4","Perum Palem Kartika"
2023,"Jakarta Timur",Cipayung,"Bambu Apus","TPS Palem Kartika Tengah","Tipe 4","Perum Palem Kartika"
2023,"Jakarta Timur",Cipayung,"Bambu Apus","TPS Palem Kartika Belakang","Tipe 4","Perum Palem Kartika"
2023,"Jakarta Timur",Cipayung,Cipayung,"TPS Panti Bina Laras Harapan Sentosa","Tipe 4","Jl  Bina Marga No  18  RT  5 RW  4 Ceger Kec  Cipayung"
2023,"Jakarta Timur",Cipayung,Munjul,"TPS Jankes RW 01 Munjul","Tipe 4","Jl  Jankes AD RW  01 Munjul"
2023,"Jakarta Timur",Ciracas,Ciracas,"TPS RW  03","Tipe 4","Gg  Hanafi Jl  Raya Centex"
2023,"Jakarta Timur",Ciracas,Rambutan,"TPS RW  01","Tipe 4","Jl  H  Jenih"
2023,"Jakarta Timur",Ciracas,Rambutan,"TPS Gebras","Tipe 4","Jl  Tanah Merdeka"
2023,"Jakarta Timur",Ciracas,"Kelapa Dua Wetan","TPS Komplek HANKAM","Tipe 4","Jl  Komplek HANKAM"
2023,"Jakarta Timur",Ciracas,Cibubur,"TPS Panti Jompo Bakti Mandiri","Tipe 4","Jl  Karya Bakti"
2023,"Jakarta Timur",Ciracas,Cibubur,"TPS GOR Cibubur","Tipe 4","Jl  Karya Bakti Cibubur"
2023,"Jakarta Timur",Ciracas,Ciracas,"TPS Komplek POLRI","Tipe 4","Jl  Komplek POLRI Jl  Formos"
2023,"Jakarta Timur",Ciracas,Ciracas,"TPS Rusun Pemadam","Tipe 4","Jl  Raya Poncol"
2023,"Jakarta Timur",Ciracas,Susukan,"TPS Bak Madrasah","Tipe 4","Jl  Madrasah RW  05"
2023,"Jakarta Timur",Ciracas,Susukan,"TPS Bak Buah","Tipe 4","Jl  Supriyadi RW  05"
2023,"Jakarta Timur",Ciracas,Susukan,"TPS Bak RT","Tipe 4","Jl  Supriyadi RW  02"
2023,"Jakarta Timur",Ciracas,Susukan,"TPS Kuburan Cina Sentiong","Tipe 4","Jl  Tanah Merdeka"
2023,"Jakarta Timur",Ciracas,Rambutan,"TPS Polsek Ciracas","Tipe 4","Jl  Raya Bogor"
2023,"Jakarta Timur",Ciracas,Rambutan,"TPS Kavling 3","Tipe 4","Jl  Laning"
2023,"Jakarta Timur",Ciracas,Rambutan,"TPS Kavling 2","Tipe 4","Jl  SD Inpres"
2023,"Jakarta Timur",Ciracas,Rambutan,"TPS Kavling 1","Tipe 4","Jl  Delima"
2023,"Jakarta Timur",Ciracas,Rambutan,"TPS Kampus UHAMKA","Tipe 4","Jl  Tanah Merdeka"
2023,"Jakarta Timur",Ciracas,Rambutan,"TPS Bak Pisang","Tipe 4","Jl  Supriyadi"
2023,"Jakarta Timur",Ciracas,"Kelapa Dua Wetan","TPS Yayasan PKP","Tipe 4","Jl  Raya PKP"
2023,"Jakarta Timur","Duren Sawit","Duren Sawit","TPS RW  06 Abadi","Tipe 4","Jl  Abadi Komplek Abadi RW  06 Kel  Duren Sawit"
2023,"Jakarta Timur","Duren Sawit","Malaka Sari","TPS RW  10 Malaka Sari","Tipe 4","Jl  Perumnas Raya RW  10 Kel  Malakasari"
2023,"Jakarta Timur","Duren Sawit",Klender,"TPS Pertanian RW  02","Tipe 4","Jl  I Gusti Ngurah Rai RW  02 Kel  Klender"
2023,"Jakarta Timur","Duren Sawit","Duren Sawit","TPS Stasiun Pengendali Sampah RW  01  SPS 01","Tipe 4","Jl  Swadaya Raya RT  05 RW  01 Kel  Duren Sawit"
2023,"Jakarta Timur","Duren Sawit","Pondok Kelapa","TPS Aetra RW  05","Tipe 4","Jl  Raya Kalimalang RW  05 Kel  Pondok Kelapa"
2023,"Jakarta Timur","Duren Sawit","Duren Sawit","TPS RW  17 Duren Sawit","Tipe 4","Jl  Laut Samudra RT  06 RW  17 Kel  Duren Sawit"
2023,"Jakarta Timur","Duren Sawit",Klender,"TPS RW  06","Tipe 4","Jl  Pahlawan Revolusi RW  06 Kel  Klender"
2023,"Jakarta Timur",Jatinegara,"Cipinang Besar Selatan","TPS LPS BKT  Sementara","Tipe 4","Jl  Basuki Rahmat"
2023,"Jakarta Timur",Jatinegara,"Cipinang Muara","TPS Pasar Elok","Tipe 4","Gang HH No  14"
2023,"Jakarta Timur",Jatinegara,"Cipinang Besar Utara","TPS RW  08","Tipe 4","Jl  Bekasi Timur IV"
2023,"Jakarta Timur",Jatinegara,"Cipinang Besar Utara","TPS RW  14","Tipe 4","Jl  Cipinang Latihan"
2023,"Jakarta Timur",Jatinegara,"Kampung Melayu","TPS Rusun Kp  Melayu RW  09","Tipe 4","Jl  Jatinegara Barat"
2023,"Jakarta Timur",Jatinegara,"Cipinang Besar Utara","TPS RW  05 Sobur","Tipe 4","Jl  Prumpung Sawah"
2023,"Jakarta Timur","Kramat Jati",Cawang,"TPS RW 11 Cawang","Tipe 4","Jl Waru Dalam RW 11 Cawang"
2023,"Jakarta Timur","Pasar Rebo",Cijantung,"Denzibang Kel  Cijantung","Tipe 2","Jl  Pendidikan II Rt  04 Rw 04"
2023,"Jakarta Timur","Pasar Rebo",Gedong,"Komplek Rindam Kel  Gedong","Tipe 2","Jl  komp  Rindam Jaya Rt 02 Rw 05 Kel  Gedong"
2023,"Jakarta Timur","Pasar Rebo",Gedong,"Tanah Merah Kel  Gedong","Tipe 2","Jl  Raya Condet Rw 03 Kel  Gedong"
2023,"Jakarta Timur","Pasar Rebo",Gedong,"Gamya Kel  Gedong","Tipe 2","Jl  Raya Condet Rw 01 Kel  Gedong"
2023,"Jakarta Timur","Pasar Rebo",Gedong,"Pasar Cijantung Kel  Gedong","Tipe 2","Jl  Beringin Rw 011 Kel  Gedong"
2023,"Jakarta Timur","Pasar Rebo",Gedong,"K5 Pasar Cijantung Kel  Gedong","Tipe 2","Jl  Beringin RW 04 Kel  Gedong"
2023,"Jakarta Timur","Pasar Rebo",Gedong,"SMA 104 Kel  Gedong","Tipe 2","Jl  Ujung Gedong Rw 010 Kel Gedong"
2023,"Jakarta Timur","Pasar Rebo",Gedong,"Jl  Sederhana Kel  Gedong","Tipe 2","Jl  Sederhana Rw 06 Kel  Gedong"
2023,"Jakarta Timur","Pasar Rebo",Gedong,"Asrama Polantas Kel  Gedong","Tipe 2","Jl  TB  Simatupang RW 07 Kel  Gedong"
2023,"Jakarta Timur","Pasar Rebo",Gedong,"Jl  Bakung Kel  Gedong","Tipe 2","Jl  Bakung Rt 01 02 Rw 011 Kel  Gedong"
2023,"Jakarta Barat",Cengkareng,"Cengkareng Barat","TPS RW  5 Cengkareng  Bambu Larangan","Tipe 1","Jl  Bina Serasih III"
2023,"Jakarta Barat",Cengkareng,"Cengkareng Barat","TPS RW  7","Tipe 1","Jl  Cendrawasih X No  8"
2023,"Jakarta Barat",Cengkareng,"Cengkareng Barat","TPS RW  15","Tipe 1","Jl  Taman Palem Lestari"
2023,"Jakarta Barat",Cengkareng,"Cengkareng Timur","TPS RW  14","Tipe 1","Jl  Rawa Kedaung"
2023,"Jakarta Barat",Cengkareng,"Duri Kosambi","TPS RW  10","Tipe 1","Jl  Mawar Utama RW  010"
2023,"Jakarta Barat",Cengkareng,"Duri Kosambi","TPS RW  9","Tipe 1","Jl  Angsana RW  09"
2023,"Jakarta Barat",Cengkareng,"Duri Kosambi","TPS RW  2","Tipe 1","Jl  Pondok Randu RW  02"
2023,"Jakarta Barat",Cengkareng,"Rawa Buaya","TPS RW  1","Tipe 1","Jl  Darma Wanita 1 RW  01"
2023,"Jakarta Barat",Cengkareng,"Rawa Buaya","TPS RW  10","Tipe 1","Jl  Carina Sayang"
2023,"Jakarta Barat","Grogol Petamburan","Tanjung Duren Utara","TPS RW  03","Tipe 1","RT  09   RW  03 Tanjung Duren Utara"
2023,"Jakarta Barat","Grogol Petamburan","Tanjung Duren Utara","TPS RW  07","Tipe 1","Jl  Tanjung Duren Utara RW  007"
2023,"Jakarta Barat","Grogol Petamburan","Tanjung Duren Selatan","TPS RW  02","Tipe 1","Jl  Arjuna RW  02 Tanjung Duren Selatan"
2023,"Jakarta Barat","Grogol Petamburan",Grogol,"TPS MAKALIWE","Tipe 1","Jl  Makaliwe RW  007 Kel  Grogol"
2023,"Jakarta Barat","Grogol Petamburan","Wijaya Kusuma","TPS INDRALOKA","Tipe 1","Jl  Indraloka RT  001   RW  006"
2023,"Jakarta Barat",Kalideres,Kamal,"TPS RW  10","Tipe 1","Jl  Perumahan Citra 5"
2023,"Jakarta Barat",Kalideres,"Tegal Alur","TPS RW  04  Menceng","Tipe 1","Komplek Kebersihan Tegal Alur"
2023,"Jakarta Barat",Kalideres,"Tegal Alur","TPS RW  11","Tipe 1","Jl  Pelopor II Tegal Alur"
2023,"Jakarta Barat",Kalideres,Pegadungan,"TPS RW  01","Tipe 1","Jl  Bulak Sereh"
2023,"Jakarta Barat",Kalideres,Pegadungan,"TPS RW  09","Tipe 1","Jl  Bambu Larangan"
2023,"Jakarta Barat",Kalideres,Kalideres,"TPS RW  09 10","Tipe 1","Jl  Rawa Lele"
2023,"Jakarta Barat",Kalideres,Semanan,"TPS RW  11","Tipe 1","Jl  Aseni"
2023,"Jakarta Barat","Kebon Jeruk","Kebon Jeruk","TPS RW  08","Tipe 1","Jl  Perumahan Baru Kebon Jeruk"
2023,"Jakarta Barat","Kebon Jeruk","Duri Kepa","TPS RW  01","Tipe 1","Jl  Duri Kepa Raya"
2023,"Jakarta Barat",Kembangan,"Kembangan Utara","TPS Taman Kota","Tipe 1","Jl  Perumahan Taman Kota Blok B1 RW  05"
2023,"Jakarta Barat",Palmerah,Palmerah,"TPS Hankam","Tipe 1","Jl  Kepondang Raya RT  006 RW  02"
2023,"Jakarta Barat",Palmerah,Jatipulo,"TPS RW  04 Jatipulo","Tipe 1","Jl  Tomang Banjir Kanal Jatipulo"
2023,"Jakarta Barat",Palmerah,Slipi,"TPS KSTD 3 SLIPI","Tipe 1","Jl  KS  Tubun Dalam III Slipi"
2023,"Jakarta Barat",Tambora,"Duri Utara","TPS Duri Utara","Tipe 1","Jl  Duri Utara III RW  02"
2023,"Jakarta Barat",Tambora,"Tanah Sereal","TPS Hanura","Tipe 1","Jl  Hanura Raya RW  015"
2023,"Jakarta Pusat","Cempaka Putih","Cempaka Putih Timur","DIPO Rawa Kerbo","Tipe 1","Jl  Rawasari Sel"
2023,"Jakarta Pusat",Gambir,Cideng,"TPS Tanjung Selor","Tipe 1","Jl  Tanjung Selor"
2023,"Jakarta Pusat",Gambir,Gambir,"TPS Kementerian Pertahanan","Tipe 1","Jl  Tanah Abang Timur"
2023,"Jakarta Pusat",Gambir,"Kebon Kelapa","TPS Kebon Kelapa","Tipe 1","Jl  Pintu Air 2"
2023,"Jakarta Pusat",Gambir,"Petojo Selatan","TPS Jl  Tanah Abang I","Tipe 1","Jl  Tanah Abang I"
2023,"Jakarta Pusat","Johar Baru","Johar Baru","TPS Johar Baru","Tipe 1","Jl  Johar Baru Utara 1"
2023,"Jakarta Pusat",Kemayoran,"Gunung Sahari Selatan","TPS Kran","Tipe 1","Jl  Kran Raya"
2023,"Jakarta Pusat",Kemayoran,"Kebon Kosong","TPS 3R Dakota","Tipe 1","Jl  Dakota Raya"
2023,"Jakarta Pusat",Menteng,Pegangsaan,"TPS Matraman","Tipe 1","Jl  Matraman Dalam 1"
2023,"Jakarta Pusat","Sawah Besar","Gunung Sahari Utara","TPS Gunung Sahari Utara","Tipe 1","Jl  Gunung Sahari 7A"
2023,"Jakarta Pusat",Senen,Paseban,"TPS Pramuka Jati","Tipe 1","Jl  Pramuka Jati"
2023,"Jakarta Pusat",Senen,Bungur,"TPS Berlin","Tipe 1","Jl  Bungur Besar"
2023,"Jakarta Pusat",Senen,Paseban,"TPS Keramat Sawah","Tipe 1","Jl  Keramat Sawah"
2023,"Jakarta Pusat","Tanah Abang",Gelora,"TPS 3R GBK","Tipe 1","Jl  Pintu X Gelora Bung Karno"
2023,"Jakarta Selatan",Cilandak,"Gandaria Selatan","TPS Poncol","Tipe 1","Jl  Poncol Gandaria Selatan"
2023,"Jakarta Selatan",Cilandak,"Lebak Bulus","TPS Pertanian","Tipe 1","Jl  Pertanian Raya Kel  Lebak Bulus"
2023,"Jakarta Selatan",Jagakarsa,"Lenteng Agung","TPS RW  08","Tipe 1","Jl  Raya Lenteng Agung Timur"
2023,"Jakarta Selatan",Jagakarsa,"Lenteng Agung","TPS LPS RW  01 Jalan Joe","Tipe 1","Jl  Joe RT  007 01 Kelurahan Lenteng Agung"
2023,"Jakarta Selatan",Jagakarsa,Jagakarsa,"TPS LPS Kampung Kandang","Tipe 1","Jl  H  Thohir I Kelurahan Jagakarsa"
2023,"Jakarta Selatan",Jagakarsa,"Srengseng Sawah","TPS LPS Kabeda","Tipe 1","Jl  Pemuda RW  09 Kel  Srengseng Sawah"
2023,"Jakarta Selatan",Jagakarsa,Ciganjur,"TPS LPS Manggis","Tipe 1","Jl  Manggis RT  001 01 Kelurahan Ciganjur"
2023,"Jakarta Selatan",Jagakarsa,"Tanjung Barat","TPS Jalan Gintung","Tipe 1","Jl  Gintung Kelurahan Tanjung Barat"
2023,"Jakarta Selatan",Jagakarsa,Ciganjur,"TPS Jalan Sadar","Tipe 1","Jl  Sadar RT  005 05 Kelurahan Ciganjur"
2023,"Jakarta Selatan","Kebayoran Baru","Rawa Barat","TPS Rawa Barat","Tipe 1","Jl  Bakti 1 Kel  Rawa Barat"
2023,"Jakarta Selatan","Kebayoran Baru","Kramat Pela","TPS Kramat Pela","Tipe 1","Jl  Raya Kramat Pela RW 04 Kel  Kramat Pela"
2023,"Jakarta Selatan","Kebayoran Baru","Gandaria Utara","TPS Gandaria Utara","Tipe 1","Jl  BRI Radio Dalam Ps Inpres NO  41 Kel  Gandaria Utara"
2023,"Jakarta Selatan","Kebayoran Lama","Grogol Selatan","TPS Permata Hijau","Tipe 1","Dipo Permata Hijau II Perum Permata Hijau II RW  012 Kel  Grogol Selatan"
2023,"Jakarta Selatan","Kebayoran Lama","Pondok Pinang","TPS Pondok Pinang","Tipe 1","Dipo Pondok Pinang  Jl  Pinang Emas Rw  002 Kel  Pondok Pinang"
2023,"Jakarta Selatan","Mampang Prapatan",Bangka,"TPS Dharma Jaya","Tipe 1","Jl  Kemang Utara IX RT  06 RW  04 Kel  Bangka"
2023,"Jakarta Selatan","Mampang Prapatan",Bangka,"TPS Kober","Tipe 1","Jl  Kemang Selatan VIII RW  02 Kel  Bangka"
2023,"Jakarta Selatan",Pancoran,Rawajati,"TPS DPR Rawajati","Tipe 1","JI  Rawajati Barat"
2023,"Jakarta Selatan",Pancoran,Rawajati,"TPS KBI Rawajati","Tipe 1","JI  Perumahan Kalibata Indah"
2023,"Jakarta Selatan",Pancoran,Rawajati,"TPS 3R","Tipe 1","Jl  Zeni AD 4 RT  009 03 Kel  Rawajati Kec  Pancoran"
2023,"Jakarta Selatan",Pesanggrahan,Pesanggrahan,"TPS RT  009 RW  002 Pesanggrahan","Tipe 1","Jl  Bintaro Puspita Raya"
2023,"Jakarta Selatan",Pesanggrahan,Bintaro,"TPS Rengas RW  011","Tipe 1","Jl  Rengas"
2023,"Jakarta Selatan",Pesanggrahan,"Petukangan Selatan","TPS KKN","Tipe 1","Jl  Kemajuan RW  06"
2023,"Jakarta Selatan",Setiabudi,"Menteng Atas","TPS Menteng Atas","Tipe 1","Jl  Menteng Atas Barat RT  16 RW  05 Kel  Menteng Atas"
2023,"Jakarta Selatan",Tebet,"Tebet Barat","TPS Tebet Barat","Tipe 1","Jl  Tebet Barat Raya"
2023,"Jakarta Timur",Cakung,Penggilingan,"TPS Penggilingan RW  9 RT  1","Tipe 1","Perum Aneka Elok RW  09"
2023,"Jakarta Timur",Cakung,"Ujung Menteng","TPS RW  04","Tipe 1","Perum Pertamina"
2023,"Jakarta Timur",Cakung,Penggilingan,"TPS PIK 1","Tipe 1","Jl  Kali Buaran"
2023,"Jakarta Timur",Cipayung,"Bambu Apus","TPS RW  04 Bina Asri Nusantara","Tipe 1","Komplek Perum Taman Mini RT  08 RW  04"
2023,"Jakarta Timur",Ciracas,Susukan,"TPS Susukan RW  6 RT  10","Tipe 1","Jl  H  Baping"
2023,"Jakarta Timur",Ciracas,Cibubur,"TPS Bukit Permai","Tipe 1","Jl  Raya Jambore"
2023,"Jakarta Timur",Ciracas,Ciracas,"TPS RW  09","Tipe 1","Jl  Asrama Lingkungan Hidup"
2023,"Jakarta Timur","Duren Sawit","Pondok Kelapa","TPS Pondok Kelapa RW  09 RT  03","Tipe 1","Jl  Taman Malaka Selatan RT  3 RW  9 Kel  Pondok Kelapa"
2023,"Jakarta Timur","Duren Sawit","Pondok Bambu","TPS Pondok Bambu RW  1 RT  13","Tipe 1","Jl  Balai Rakyat III RT  13 RW  01 Kel  Pondok Bambu"
2023,"Jakarta Timur","Duren Sawit","Pondok Kelapa","TPS Pondok Kelapa RW  10 RT  9","Tipe 1","Jl  Janur IV Blok CF2 RW  10 Kel  Pondok Kelapa"
2023,"Jakarta Timur","Duren Sawit","Malaka Jaya","TPS Malaka Jaya RW  1 RT  1","Tipe 1","Jl  I Gusti Ngurah Rai RT  01 RW  01 Kel  Malakajaya"
2023,"Jakarta Timur","Duren Sawit","Pondok Kelapa","TPS Tipar RW  04 Pondok Kelapa","Tipe 1","Jl  Raya Tipar RW  04 Kel  Pondok Kelapa"
2023,"Jakarta Timur","Duren Sawit","Pondok Kelapa","TPS Manggar RW  011 Pondok Kelapa","Tipe 1","Jl  Manggar Raya RW  11 Kel  Pondok Kelapa"
2023,"Jakarta Timur","Duren Sawit","Pondok Kelapa","TPS Marinir RW  013","Tipe 1","Jl  Raya Marinir RT  009 RW  013 Kel  Pondok Kelapa"
2023,"Jakarta Timur","Duren Sawit",Klender,"TPS RW  10","Tipe 1","Jl  Kampung Sumur RW  10 Kel  Klender"
2023,"Jakarta Timur","Duren Sawit","Duren Sawit","TPS PTB RW  08","Tipe 1","Jl  Lingkar PTB RW  08 RT  01 Kel  Duren Sawit"
2023,"Jakarta Timur",Jatinegara,Balimester,"TPS Bali Mester RW  1 RT  11 TPS 3R","Tipe 1","TPS Kolong Bali Mester RW  1 RT  11"
2023,"Jakarta Timur",Jatinegara,Rawabunga,"TPS Barkah","Tipe 1","Jl  Bekasi Timur ll RT  15 RW  04"
2023,"Jakarta Timur",Jatinegara,Balimester,"TPS Kolong Kp  Melayu","Tipe 1","Jl  Awab Dalam RT  13 RW  01"
2023,"Jakarta Timur",Jatinegara,"Bidara Cina","TPS GOR Otista","Tipe 1","Jl  Otista Raya"
2023,"Jakarta Timur","Kramat Jati",Dukuh,"TPS Dukuh RW  3 RT  6","Tipe 1","Jl  Juwet RT  06 RW  03"
2023,"Jakarta Timur","Kramat Jati",Tengah,"TPS Tengah RW  4 RT  9","Tipe 1","Jl  H Taiman RT  09 RW  04"
2023,"Jakarta Timur","Kramat Jati",Dukuh,"TPS Lebak Juwet RT  14 RW  03","Tipe 1","Jl  Lebak Juwet RT  14 RW  03"
2023,"Jakarta Timur","Kramat Jati",Tengah,"TPS Kerantai Perak RT  04 RW  05","Tipe 1","Jl  Kerantai Perak RT  04 RW  05"
2023,"Jakarta Timur",Makasar,"Halim Perdana Kusuma","TPS Halim Perdana Kusuma RW  3 RT  19","Tipe 1","Jl  Bima RT  19 RW  03"
2023,"Jakarta Timur",Makasar,"Halim Perdana Kusuma","TPS RW  03 Kukila","Tipe 1","Jl  Kukila Raya"
2023,"Jakarta Timur",Makasar,"Pinang Ranti","TPS RW  01 Asrama Haji","Tipe 1","Jl  Raya Pondok Gede"
2023,"Jakarta Timur",Makasar,"Pinang Ranti","TPS RW  02 Jasamarga","Tipe 1","Jl  Raya TMII"
2023,"Jakarta Timur",Makasar,"Pinang Ranti","TPS RW  02 RTM","Tipe 1","Jl  Asem Nirbaya"
2023,"Jakarta Timur",Matraman,"Pisangan Baru","TPS Pisangan Baru","Tipe 1","Jl  Pisangan Baru Tengah RT  14"
2023,"Jakarta Timur",Matraman,"Utan Kayu Selatan","TPS Utan Kayu Selatan","Tipe 1","Jl  Galur Sari RT  12 RW  01"
2023,"Jakarta Timur",Matraman,"Kayu Manis","TPS Kayu Manis","Tipe 1","Jl  Kayu Manis 4 Baru RW  03"
2023,"Jakarta Timur",Matraman,Palmeriam,"LPS RW 10","Tipe 1","Jl  Siaga Raya"
2023,"Jakarta Timur","Pasar Rebo",Baru,"Dipo H  Moong Kel  Baru","Tipe 1","Jl  H  Moong Rt 006 Rw 002 Kel  Baru"
2023,"Jakarta Timur","Pasar Rebo",Gedong,"Dipo Beringin Kel  Gedong","Tipe 1","Jl Beringin Rw 04 Kel Gedong"
2023,"Jakarta Timur","Pasar Rebo",Pekayon,"Dipo Tipar Kel  Pekayon","Tipe 1","Jl  Tipar Rw 07 Pekayon"
2023,"Jakarta Timur","Pasar Rebo",Cijantung,"Dipo Pendidikan Kel  Cijantung","Tipe 1","Jl  Pendidikan III Rt 02 Rw 04"
2023,"Jakarta Timur",Pulogadung,"Kayu Putih","TPS Pulomas Kayu Putih RW  13 RT  3","Tipe 1","Dipo Indoor Pulomas Kel  Kayu Putih"
2023,"Jakarta Utara",Cilincing,"Semper Barat","TPS RW  15 Semper Barat","Tipe 1","Jl  Raya Cilincing RW  15"
2023,"Jakarta Utara",Cilincing,Sukapura,"TPS RW  07 Sukapura","Tipe 1",Dipo
2023,"Jakarta Utara","Kelapa Gading","Kelapa Gading Barat","TPS RW  005","Tipe 1","Jl  Inspeksi Kali Sunter"
2023,"Jakarta Utara",Pademangan,"Pademangan Timur","TPS Kelurahan Pademangan Timur","Tipe 1","Jl  Pademangan IX RT  02 010 Kel  Pademangan Timur"
2023,"Jakarta Utara",Pademangan,Ancol,"TPS Kel  Ancol","Tipe 1","Jl  Ancol Barat VIII Kel  Ancol"
2023,"Jakarta Utara",Pademangan,"Pademangan Barat","TPS Kel  Pademangan Barat","Tipe 1","Jl  Budi Mulya Raya No 114"
2023,"Jakarta Utara",Penjaringan,Penjaringan,"TPS Kali Gendong","Tipe 1","Jl  Pluit Selatan Raya"
2023,"Jakarta Utara",Penjaringan,Pluit,"TPS Muara Angke","Tipe 1","Jl  Dermaga Ujung Muara Angke"
2023,"Jakarta Utara","Tanjung Priok",Papanggo,"TPS Waduk Cincin","Tipe 1","Jl  Danau Bisma Blok E"
2023,"Jakarta Utara","Tanjung Priok","Sunter Jaya","TPS Sunter Jaya","Tipe 1","Jl  Sunter Jaya I RW  001"
2023,"Kepulauan Seribu","Pulau Seribu Selatan","Pulau Tidung","TPS Pulau Tidung","Tipe 1","Pulau Tidung"
2023,"Kepulauan Seribu","Pulau Seribu Utara","Pulau Harapan","TPS Pulau Harapan","Tipe 1","Pulau Harapan"
2023,"Jakarta Barat",Kalideres,Kalideres,"TPS RW  15","Tipe 2","Perumahan Citra 1"
2023,"Jakarta Barat",Kalideres,Kalideres,"TPS RW  16","Tipe 2","Perumahan Citra 1"
2023,"Jakarta Barat",Kembangan,"Meruya Utara","TPS Kebo","Tipe 2","Jl  Penyelesaian Tomang 3 RW  10"
2023,"Jakarta Pusat",Gambir,Gambir,"TPS Kantor Walikota","Tipe 2","Jl  Tanah Abang 1"
2023,"Jakarta Pusat",Gambir,Gambir,"TPS Kementerian Perdagangan","Tipe 2","Jl  Ridwan Rais"
2023,"Jakarta Pusat",Gambir,Gambir,"TPS LEMHANAS","Tipe 2","Jl  Kebon Sirih Raya"
2023,"Jakarta Pusat",Gambir,Gambir,"TPS Stasiun Gambir","Tipe 2","Jl  Medan Merdeka Timur"
2023,"Jakarta Pusat",Gambir,"Petojo Selatan","TPS PASPAMPRES","Tipe 2","Jl  Tanah Abang 2"
2023,"Jakarta Pusat",Gambir,"Petojo Utara","TPS Pasar Petojo Ilir","Tipe 2","Jl  Petojo Ilir"
2023,"Jakarta Pusat",Kemayoran,"Gunung Sahari Selatan","TPS Golden","Tipe 2","Jl  Bungur Besar Raya"
2023,"Jakarta Pusat",Kemayoran,"Gunung Sahari Selatan","TPS ARMABAR","Tipe 2","Jl  Bungur Besar Raya"
2023,"Jakarta Pusat",Kemayoran,"Kebon Kosong","TPS RT  10 RW  06 Kebon Kosong","Tipe 2","Jl  Swadaya"
2023,"Jakarta Pusat",Kemayoran,"Kebon Kosong","TPS APRON","Tipe 2","Jl  Angkasa Raya"
2023,"Jakarta Pusat",Kemayoran,"Utan Panjang","TPS Pasar Kemayoran","Tipe 2","Jl  D  Utan Panjang"
2023,"Jakarta Pusat",Menteng,Cikini,"TPS TIM","Tipe 2","Jl  Cikini Raya"
2023,"Jakarta Pusat",Menteng,Menteng,"TPS RW  01 Menteng Tenggulun","Tipe 2","Jl  Menteng Tenggulun"
2023,"Jakarta Pusat",Menteng,Pegangsaan,"TPS RW 01","Tipe 2","Jl  Cikini Kramat"
2023,"Jakarta Pusat",Senen,Senen,"TPS RW  05 Senen","Tipe 2","Jl  Abdurohman Saleh"
2023,"Jakarta Pusat",Senen,Paseban,"TPS RW  01 Paseban","Tipe 2","Jl  Keramat Lontar"
2023,"Jakarta Pusat",Senen,Senen,"TPS RW 03 Senen","Tipe 2","Jl  DR Abdul Rahmat Saleh"
2023,"Jakarta Pusat","Tanah Abang","Kampung Bali","TPS Pasar Kebon Jati   Blok G","Tipe 2","Jl  Kebon Jati"
2023,"Jakarta Pusat","Tanah Abang","Karet Tengsin","TPS RW   07 Karet Tengsin","Tipe 2","Jl  Karet Pasar Baru Barat I RW  07"
2023,"Jakarta Pusat","Tanah Abang","Kebon Kacang","TPS RSTA RW  11","Tipe 2","Jl  Kebon Kacang IX RW  11"
2023,"Jakarta Pusat","Tanah Abang","Kebon Kacang","TPS Pasar Gandaria","Tipe 2","Jl  Kebon Kacang I"
2023,"Jakarta Pusat","Tanah Abang","Kebon Kacang","TPS RSKK","Tipe 2","Jl  Kebon Kacang XI"
2023,"Jakarta Selatan",Cilandak,"Lebak Bulus","TPS Perumahan Karinda Indah","Tipe 2","Jl  Karang Tengah Raya RT  13 RW  3  Lb  Bulus  Kec  Cilandak"
2023,"Jakarta Selatan",Cilandak,"Pondok Labu","TPS Pasar Pondok Labu","Tipe 2","Jl  Pondok Labu Raya RT  04 RW  01 Kel  Pondok Labu"
2023,"Jakarta Selatan",Cilandak,"Cipete Selatan","TPS Pasar Cipete Selatan","Tipe 2","Jl  Pangeran Antasari RT  9 RW  4  Cipete Selatan  Kec  Cilandak"
2023,"Jakarta Selatan",Cilandak,"Cipete Selatan","TPS RW  04 Cipete Selatan","Tipe 2","Jl  H  ALi RT  04 RW  06 Kel  Cipete Selatan"
2023,"Jakarta Selatan",Cilandak,"Lebak Bulus","TPS Batan","Tipe 2","Jl  Lebak Bulus Raya No  9  RT  3 RW  2  Lebak Bulus  Cilandak  RT  3 RW  2  Lebak Bulus"
2023,"Jakarta Selatan",Cilandak,"Cilandak Barat","TPS Pasar Mede","Tipe 2","Jl  RS  Fatmawati Raya  RT  2 RW  5  Cilandak Barat  Kec  Cilandak"
2023,"Jakarta Selatan",Cilandak,"Gandaria Selatan","TPS Panti Sosial H  Nawi","Tipe 2","Jl  Margaguna Raya No 1  RT 11 RW 1  Gandaria Selatan  Kec  Cilandak"
2023,"Jakarta Selatan",Jagakarsa,"Srengseng Sawah","TPS Setu Babakan","Tipe 2","Unit Pengelola Kawasan Perkampungan Budaya Betawi Setu Babakan"
2023,"Jakarta Selatan",Jagakarsa,"Srengseng Sawah","TPS RW  04 Srengseng Sawah","Tipe 2","Jl  Raya Srengseng Sawah RW  04 Kelurahan Srengseng Sawah"
2023,"Jakarta Selatan",Jagakarsa,Jagakarsa,"TPS Pasar Lenteng Agung","Tipe 2","Jl  Raya Jagakarsa No  3 RT  003 01 Kelurahan Jagakarsa"
2023,"Jakarta Selatan",Jagakarsa,"Tanjung Barat","TPS TBI","Tipe 2","RW  02 Perumahan Tanjung Barat Indah Kelurahan Tanjung Barat"
2023,"Jakarta Selatan","Kebayoran Baru",Gunung,"TPS PD Pasar Jaya Mayestik","Tipe 2","Jl  Tebah III No  3  Kel  Gunung"
2023,"Jakarta Selatan","Kebayoran Baru",Petogogan,"TPS PD Pasar Jaya Santa","Tipe 2","Jl  Cisanggiri ll  Kel  Petogogan"
2023,"Jakarta Selatan","Kebayoran Baru","Cipete Utara","TPS PD Pasar Jaya Cipete Utara","Tipe 2","Jl  Damai Raya No 9 RW  05 Kel  Cipete Utara"
2023,"Jakarta Selatan","Kebayoran Baru",Pulo,"TPS Polres Jaksel","Tipe 2","Jl  Darmawangsa III No  12A Kel  Pulo"
2023,"Jakarta Selatan","Kebayoran Baru",Selong,"TPS ASEAN","Tipe 2","Jl  Sisingamangaraja No  2  Kel  Selong"
2023,"Jakarta Selatan","Kebayoran Baru",Selong,"TPS Bareskim Polri","Tipe 2","Jl  Trunojoyo No  3 Kel  Selong   Jl  Raden Fatah III No 25 Kel  Selong"
2023,"Jakarta Selatan","Kebayoran Baru",Pulo,"TPS Kantor Walikota Jakarta Selatan","Tipe 2","Jl  Prapanca Raya No 9  Kel  Pulo"
2023,"Jakarta Selatan","Kebayoran Baru","Kramat Pela","TPS Kantor Kejaksaan Agung","Tipe 2","Jl  Sultan Hassanuddin Dalam No  1  Kramat Pela   Jl  Kyai Maja No  1 Kel  Kramat Pela"
2023,"Jakarta Selatan","Kebayoran Lama","Grogol Utara","TPS Graha Pena","Tipe 2","Pool Countainer Graha Pena Jl  Kebayoran Lama RW  01"
2023,"Jakarta Selatan","Kebayoran Lama","Grogol Utara","TPS Rw  013 Kel Grogol Utara","Tipe 2","RW  013 Kel Grogol Utara"
2023,"Jakarta Selatan","Kebayoran Lama","Grogol Utara","TPS RW  07 Patal Senayan Kel  Grogol Utara","Tipe 2","RW  07 Patal Senayan Kel  Grogol Utara"
2023,"Jakarta Selatan","Kebayoran Lama","Grogol Utara","TPS RW  08 GU Tentara pelajar","Tipe 2","RW  08 GU Tentara Pelajar Pool Kontainer"
2023,"Jakarta Selatan","Kebayoran Lama","Grogol Utara","TPS RW  12 Kel  Grogol Utara","Tipe 2","RW  12 Kel  Grogol Utara"
2023,"Jakarta Selatan","Kebayoran Lama","Grogol Utara","TPS RW  003 Kemandoran Kel  Grogol Utara","Tipe 2","RW  003 Kemandoran Kel  Grogol Utara"
2023,"Jakarta Selatan","Kebayoran Lama","Grogol Selatan","TPS PD Pasar Bata Putih Jl Kramat Patal RW  02","Tipe 2","PD Pasar Bata Putih"
2023,"Jakarta Selatan","Kebayoran Lama","Grogol Selatan","TPS RW  008 Simprug Kel  Grogol Selatan","Tipe 2","RW  008 Simprug Kel  Grogol Selatan"
2023,"Jakarta Selatan","Kebayoran Lama","Grogol Selatan","TPS Cidodol Jl Panjang Cidodol","Tipe 2","Pool Kontainer PS Cidodol Jl  Panjang Cidodol"
2023,"Jakarta Selatan","Kebayoran Lama",Cipulir,"TPS Ps  Sayur RW  009 Cipulir","Tipe 2","Pasar Sayur RW  009 Cipulir"
2023,"Jakarta Selatan","Kebayoran Lama",Cipulir,"TPS Gedung Lemigas Jl Cileduk Raya","Tipe 2","Pool Kontainer Gedung Lemigas Jl Cileduk Raya"
2023,"Jakarta Selatan","Kebayoran Lama",Cipulir,"TPS  Pasar Sayur Jl Cileduk Raya","Tipe 2","Pool Kontainer Pasar Sayur Jl  Cileduk Raya"
2023,"Jakarta Selatan","Kebayoran Lama",Cipulir,"TPS PD Pasar Cipulir Jl Cileduk Raya","Tipe 2","Pool Kontainer PD Pasar Cipulir Jl  Cileduk Raya"
2023,"Jakarta Selatan","Kebayoran Lama","Kebayoran Lama Utara","TPS PD Pasar Kebayoran Lama Jl Kramat RW  01","Tipe 2","Pool Kontainer PD Pasar Kebayoran Lama Jl  Kramat RW  01"
2023,"Jakarta Selatan","Kebayoran Lama","Pondok Pinang","TPS RW  01 Pondok Pinang Jl Jati Indah","Tipe 2","Pool Kontainer RW  01 Pondok Pinang Jl  Jati Indah"
2023,"Jakarta Selatan","Kebayoran Lama","Pondok Pinang","TPS RW  08 Pondok Pinang Jl H Saikin","Tipe 2","Pool Kontainer RW  08 Pondok Pinang Jl  H  Saikin"
2023,"Jakarta Selatan","Mampang Prapatan",Bangka,"TPS Mira Sari","Tipe 2","Jl  Kemang Utara RW  04 Kel  Bangka"
2023,"Jakarta Selatan","Mampang Prapatan","Tegal Parang","TPS Blue Bird","Tipe 2","Jl  Mampang Raya RW  06 Kel  Tegal Parang"
2023,"Jakarta Selatan","Mampang Prapatan","Kuningan Barat","TPS Studio 41","Tipe 2","Jl  Kapt  Tendean RW  03 Kel  Kuningan Barat"
2023,"Jakarta Selatan","Mampang Prapatan","Kuningan Barat","TPS Cyber","Tipe 2","Jl  Kapt  Tendean RW  01 Kel  Kuningan Barat"
2023,"Jakarta Selatan","Pasar Minggu","Pejaten Timur","TPS RW  08 Pejaten Timur","Tipe 4","RW  08 Pejaten Timur"
2023,"Jakarta Selatan","Pasar Minggu","Pejaten Timur","TPS RW  06 Kemuning","Tipe 4","RW  06 Kemuning"
2023,"Jakarta Selatan","Pasar Minggu","Pejaten Timur","TPS RW  05","Tipe 4","Jl  Rukun Ujung RW  05"
2023,"Jakarta Selatan","Pasar Minggu","Pasar Minggu","TPS LP3i","Tipe 4","Jl  Raya Pasar Minggu  JPO LP3I"
2023,"Jakarta Selatan","Pasar Minggu","Pasar Minggu","TPS Sari Sakti  Eks Poltangan","Tipe 4","Jl  Raya Pasar Minggu"
2023,"Jakarta Selatan","Pasar Minggu","Pasar Minggu","TPS Lokbin terminal Pasar Baru Eks Buntu","Tipe 4","Jl  Raya Pasar Minggu Terminal Pasar Baru  Eks Buntu"
2023,"Jakarta Selatan","Pasar Minggu","Pasar Minggu","TPS Sentiong","Tipe 4","RW  02 Sentiong Pasar Minggu"
2023,"Jakarta Barat",Cengkareng,"Cengkareng Timur","TPS RW  11","Tipe 4","Jl  Kayu besar dalam"
2023,"Jakarta Barat",Cengkareng,"Duri Kosambi","TPS RW  09","Tipe 4","Jl  Sikas Selatan"
2023,"Jakarta Barat",Cengkareng,Kapuk,"TPS RW  01","Tipe 4","Jl  Kapuk Raya"
2023,"Jakarta Barat",Cengkareng,Kapuk,"TPS RW  04","Tipe 4","Jl  Kapuk Raya"
2023,"Jakarta Barat",Cengkareng,Kapuk,"TPS RW  06","Tipe 4","Jl  Pedongkelan"
2023,"Jakarta Barat",Cengkareng,"Rawa Buaya","TPS RW  04","Tipe 4","Jl  Bojong Raya 3"
2023,"Jakarta Barat",Cengkareng,"Kedaung Kali Angke","TPS RW  02","Tipe 4","Jl  Pulo Nangka 2"
2023,"Jakarta Barat",Cengkareng,"Kedaung Kali Angke","TPS RW  03","Tipe 4","Jl  Departemen Agama"
2023,"Jakarta Barat","Grogol Petamburan","Tanjung Duren Selatan","TPS RW  05","Tipe 4","Loksem Pasar Kopro"
2023,"Jakarta Barat","Grogol Petamburan","Tanjung Duren Utara","TPS Joker","Tipe 4","Jl  Jelambar Utama Sakti VIII"
2023,"Jakarta Barat","Grogol Petamburan","Wijaya Kusuma","TPS RW  01","Tipe 4","Jl  Wijaya Kusuma II RW  01"
2023,"Jakarta Barat","Grogol Petamburan","Wijaya Kusuma","TPS RW  02","Tipe 4","Jl  Tawakal Raya RW  009"
2023,"Jakarta Barat","Grogol Petamburan","Wijaya Kusuma","TPS RW  08  amp  03","Tipe 4","Jl  Tawakal Ujung"
2023,"Jakarta Barat","Grogol Petamburan","Wijaya Kusuma","TPS RW  04","Tipe 4","Jl  Wijaya Kusuma I"
2023,"Jakarta Barat","Grogol Petamburan","Wijaya Kusuma","TPS RW  07","Tipe 4","Jl  Jelambar Utama Sakti VIII"
2023,"Jakarta Barat","Grogol Petamburan","Wijaya Kusuma","TPS RW  09","Tipe 4","Jl  Prof Latumenten RW  09"
2023,"Jakarta Barat","Grogol Petamburan",Tomang,"TPS RW  07","Tipe 4","Jl  Tawakal Raya RW  007"
2023,"Jakarta Barat","Grogol Petamburan",Tomang,"TPS RW  09","Tipe 4","Jl  Tawakal Ujung RW  09"
2023,"Jakarta Barat","Grogol Petamburan",Tomang,"TPS RW  08","Tipe 4","Jl  Jelambar Utara 15"
2023,"Jakarta Barat","Grogol Petamburan",Jelambar,"TPS RW  01","Tipe 4","Jl  Jelambar Selatan No  25"
2023,"Jakarta Barat","Grogol Petamburan",Jelambar,"TPS RW  03","Tipe 4","Jl  Jelambar RW  03"
2023,"Jakarta Barat","Grogol Petamburan",Jelambar,"TPS RW  05","Tipe 4","Jl  Jelambar Utara RW  05"
2023,"Jakarta Barat","Grogol Petamburan",Jelambar,"TPS RW  010","Tipe 4","Jl  Penerangan II RW  10"
2023,"Jakarta Barat","Grogol Petamburan",Jelambar,"TPS RW  04","Tipe 4","Jl  Prof Latumenten II RW  04"
2023,"Jakarta Barat","Grogol Petamburan",Jelambar,"TPS RW  11","Tipe 4","Jl  Taman Madya V RW  11"
2023,"Jakarta Barat","Grogol Petamburan","Jelambar Baru","TPS UCI RW  05   07","Tipe 4","Jl  Latumenten 3"
2023,"Jakarta Barat","Grogol Petamburan","Jelambar Baru","TPS RW  02","Tipe 4","Jl  Wijaya No  11 RW  02"
2023,"Jakarta Barat","Grogol Petamburan","Jelambar Baru","TPS PAKUWON RW  09","Tipe 4","Jl  Jelambar Selatan No  25"
2023,"Jakarta Barat","Grogol Petamburan","Jelambar Baru","TPS DUTAMAS RW  11 12","Tipe 4","Jl  Wijaya No  15 Taman Duta Mas RW  11"
2023,"Jakarta Barat",Kalideres,Kamal,"TPS RW  05","Tipe 4","Jl  Sahabat Kebun 200"
2023,"Jakarta Barat",Kalideres,"Tegal Alur","TPS RW  01","Tipe 4","Jl  Kapuk Kamal Rawamelati"
2023,"Jakarta Barat",Kalideres,"Tegal Alur","TPS RW  02","Tipe 4","Jl  Bakti Mulya 2"
2023,"Jakarta Barat",Kalideres,"Tegal Alur","TPS RW  03","Tipe 4","Jl  Lingkungan III Raya"
2023,"Jakarta Barat",Kalideres,"Tegal Alur","TPS RW  07","Tipe 4","Jl  Sukatani Raya Pasar Binaan"
2023,"Jakarta Barat",Kalideres,"Tegal Alur","TPS RW  08","Tipe 4","Jl Kapuk Kamal Kayu Besar"
2023,"Jakarta Barat",Kalideres,"Tegal Alur","TPS RW  14","Tipe 4","Perum Taman Kencana"
2023,"Jakarta Barat",Kalideres,Pegadungan,"TPS RW  03","Tipe 4","Jl  Taman Palm"
2023,"Jakarta Barat",Kalideres,Pegadungan,"TPS RW  15","Tipe 4","Jl  Taman Surya 2"
2023,"Jakarta Barat",Kalideres,Pegadungan,"TPS RW  11","Tipe 4","Jl  Utan Jati"
2023,"Jakarta Barat",Kalideres,Pegadungan,"TPS RW  07","Tipe 4","Jl  Utan Jati"
2023,"Jakarta Barat",Kalideres,Pegadungan,"TPS RW  04","Tipe 4","Jl  Satu Maret"
2023,"Jakarta Barat",Kalideres,Kalideres,"TPS RW  01","Tipe 4","Jl  Daan Mogot Pertamina"
2023,"Jakarta Barat",Kalideres,Kalideres,"TPS RW  05","Tipe 4","Jl  Daan Mogot Komplek Kodam"
2023,"Jakarta Barat",Kalideres,Kalideres,"TPS RW  06","Tipe 4","Jl  Warung Gantung Kojan"
2023,"Jakarta Barat",Kembangan,Joglo,"TPS Copylas RW  08","Tipe 4","Jl  Joglo Raya RW  08"
2023,"Jakarta Barat",Kembangan,Joglo,"TPS RW  02","Tipe 4","Jl  Damkar Rw 02"
2023,"Jakarta Barat",Kembangan,Joglo,"TPS RW  05","Tipe 4","Komp  Alfa Indah RW  05"
2023,"Jakarta Barat",Kembangan,"Kembangan Utara","TPS RW  03","Tipe 4","BPN  BTN  Yaskum RW  03"
2023,"Jakarta Barat",Kembangan,"Kembangan Utara","TPS RW  01","Tipe 4","Kompas RW  01"
2023,"Jakarta Barat",Kembangan,"Kembangan Utara","TPS RW  06","Tipe 4","Basmol RW  06"
2023,"Jakarta Barat",Kembangan,"Kembangan Utara","TPS RW  10","Tipe 4","Tanggul RW  10"
2023,"Jakarta Barat",Kembangan,"Meruya Utara","TPS RW  02","Tipe 4","Pinggir Tol RW  02"
2023,"Jakarta Barat",Kembangan,"Meruya Utara","TPS RW  07","Tipe 4","Jl  Permata Meruya 3 RW  07"
2023,"Jakarta Barat",Kembangan,"Kembangan Selatan","TPS RW  08","Tipe 4","RPTRA RW  08"
2023,"Jakarta Barat",Kembangan,"Kembangan Selatan","TPS Pasar Minggu","Tipe 4","Jl  Kembangan Raya No  18 RW  01"
2023,"Jakarta Barat",Kembangan,"Kembangan Selatan","TPS RW  03","Tipe 4","Jl  Kembangan Baru  Perbatasan Kedoya Selatan"
2023,"Jakarta Barat",Kembangan,"Kembangan Selatan","TPS RW  04","Tipe 4","Jl  Kembangan Sakti 2 Ujung Blok D"
2023,"Jakarta Barat",Kembangan,Srengseng,"TPS RW  07","Tipe 4","Jl  Haji Mandor Salim RW  07"
2023,"Jakarta Barat",Palmerah,Palmerah,"TPS RW  03","Tipe 4","Jl  Kemanggisan Pulo"
2023,"Jakarta Barat",Palmerah,Kemanggisan,"TPS RW  01","Tipe 4","Jl  Inspeksi Kali Grogol"
2023,"Jakarta Barat",Palmerah,Kemanggisan,"TPS RW  02","Tipe 4","Jl  Anggrek Garuda"
2023,"Jakarta Barat",Palmerah,Kemanggisan,"TPS RW  09","Tipe 4","Jl  Bakti Raya 3"
2023,"Jakarta Barat",Palmerah,Kemanggisan,"TPS RW  08","Tipe 4","Jl  Anggrek Neli Murni XI  Saringan Golkar"
2023,"Jakarta Barat",Palmerah,Kemanggisan,"TPS RW  03","Tipe 4","Jl  Inspeksi Kali Grogol"
2023,"Jakarta Barat",Palmerah,Slipi,"TPS RW  01","Tipe 4","Jl  Aipda KS Tubun II"
2023,"Jakarta Barat",Palmerah,Slipi,"TPS RW  06","Tipe 4","Jl  KS Tubun III"
2023,"Jakarta Barat",Palmerah,"Kota Bambu Selatan","TPS RW  02","Tipe 4","Jl  Tali Raya"
2023,"Jakarta Barat",Palmerah,"Kota Bambu Selatan","TPS RW  09","Tipe 4","Jl  H  Saaman"
2023,"Jakarta Barat",Palmerah,"Kota Bambu Selatan","TPS RW  01","Tipe 4","Jl  KS  Tubun 4"
2023,"Jakarta Barat",Palmerah,"Kota Bambu Utara","TPS RW  03","Tipe 4","Jl  Bima"
2023,"Jakarta Barat",Palmerah,"Kota Bambu Utara","TPS RW  07","Tipe 4","Jl  Kamboja"
2023,"Jakarta Barat",Palmerah,Jatipulo,"TPS RW  09","Tipe 4","Jl  Semangka"
2023,"Jakarta Barat",Palmerah,Jatipulo,"TPS RW  10","Tipe 4","Jl  Banjir Kanal Barat"
2023,"Jakarta Barat",Tamansari,Glodok,"TPS RW  03","Tipe 4","Jl  Keadilan II RT  08 03"
2023,"Jakarta Barat",Tamansari,Glodok,"TPS RW  01","Tipe 4","Jl  Tokotiga Sebrang No  11 RT  001 RW  01"
2023,"Jakarta Barat",Tamansari,Glodok,"TPS RW  04","Tipe 4","Jl  Keadilan II No  34 RT  02 RW  04"
2023,"Jakarta Barat",Tamansari,Glodok,"TPS RW  05","Tipe 4","Jl  Keadilan 4 No  186"
2023,"Jakarta Barat",Tamansari,Keagungan,"TPS RW  01","Tipe 4","Jl  Keadilan 2 RW  01 Kel  Keagungan"
2023,"Jakarta Barat",Tamansari,Krukut,"TPS RW  01","Tipe 4","Jl  Kejayaan I"
2023,"Jakarta Barat",Tamansari,Krukut,"TPS RW  03","Tipe 4","Jl  Keutamaan Dalam"
2023,"Jakarta Barat",Tamansari,Krukut,"TPS RW  07","Tipe 4","Jl  Ketapang Utara"
2023,"Jakarta Barat",Tamansari,Krukut,"TPS RW  04","Tipe 4","Jl  Ketapang Utara VII"
2023,"Jakarta Barat",Tamansari,"Mangga Besar","TPS RW  04","Tipe 4","Jl  Mangga Besar V"
2023,"Jakarta Barat",Tamansari,"Mangga Besar","TPS RW  01","Tipe 4","Jl  Kokosan Jembatan Bociang"
2023,"Jakarta Barat",Tamansari,"Mangga Besar","TPS RW  02","Tipe 4","Jl  Mangga Besar V"
2023,"Jakarta Barat",Tamansari,"Mangga Besar","TPS RW  03","Tipe 4","Jl  Mangga Besar V"
2023,"Jakarta Barat",Tamansari,"Mangga Besar","TPS RW  06","Tipe 4","Jl  Raya Mangga Besar"
2023,"Jakarta Barat",Tamansari,Maphar,"TPS RW  06","Tipe 4","Jl  Tamansari 3"
2023,"Jakarta Barat",Tamansari,Maphar,"TPS RW  03","Tipe 4","Jl  Tamansari Raya"
2023,"Jakarta Barat",Tamansari,Maphar,"TPS RW  08","Tipe 4","Jl  Kebon Jeruk 16"
2023,"Jakarta Barat",Tamansari,Pinangsia,"TPS RW  02 Kota Indah","Tipe 4","Jl  Mangga Besar"
2023,"Jakarta Barat",Tamansari,Pinangsia,"TPS RW  05","Tipe 4","Jl  Pangeran Jayakarta"
2023,"Jakarta Barat",Tamansari,Pinangsia,"TPS RW  06","Tipe 4","Jl  Pintu Besar Selatan"
2023,"Jakarta Barat",Tamansari,Pinangsia,"TPS RW  04","Tipe 4","Jl  Mangga Dua Raya"
2023,"Jakarta Barat",Tamansari,Pinangsia,"TPS Rw  06 Asemka","Tipe 4","Jl  Kunir"
2023,"Jakarta Barat",Tamansari,Pinangsia,"TPS RW  07","Tipe 4","Jl  Cengkeh"
2023,"Jakarta Barat",Tamansari,Tamansari,"TPS RW  04","Tipe 4","Jl  Mangga Besar"
2023,"Jakarta Barat",Tamansari,Tamansari,"TPS Rw  06  07","Tipe 4","Jl  Tamansari Raya"
2023,"Jakarta Barat",Tamansari,Tamansari,"TPS RW  01","Tipe 4","Jl  Tamansari Raya"
2023,"Jakarta Barat",Tamansari,Tamansari,"TPS RW  03  2 3 5 7","Tipe 4","Jl  Mangga Besar 2 Kel  Tamansari"
2023,"Jakarta Barat",Tamansari,Tangki,"TPS RW  01","Tipe 4","Jl  Mangga Besar 12"
2023,"Jakarta Barat",Tamansari,Tangki,"TPS RW  01  Lokasari","Tipe 4","Jl  Mangga Besar 12"
2023,"Jakarta Barat",Tambora,Angke,"TPS Rumah Susun Angke","Tipe 4","Jl  Rumah Susun RW  11"
2023,"Jakarta Barat",Tambora,Angke,"TPS Padamulya","Tipe 4","Jl  Padamulya RW  08"
2023,"Jakarta Barat",Tambora,Angke,"TPS Pasar Ayam RW  01","Tipe 4","Pasar Ayam RW  01"
2023,"Jakarta Barat",Tambora,"Duri selatan","TPS Duri Selatan 7 RW  06","Tipe 4","Jl  Duri Selatan 7 RW  06"
2023,"Jakarta Barat",Tambora,"Duri selatan","TPS Duri Selatan RW  01","Tipe 4","Jl  KH  Moh  Mansyur"
2023,"Jakarta Barat",Tambora,"Duri selatan","TPS Duri Raya RW  04","Tipe 4","Jl  Duri Raya RW  04"
2023,"Jakarta Barat",Tambora,"Jembatan Besi","TPS Jembatan Besi RW  05 Segitiga Velbak","Tipe 4","Jl  Jembatan Besi RW  05 Segitiga Velbak"
2023,"Jakarta Barat",Tambora,"Jembatan Besi","TPS Duri Bangkit RW  07","Tipe 4","Jl  Duri Bangkit RW  07"
2023,"Jakarta Barat",Tambora,"Jembatan Besi","TPS Kali Item RW  01","Tipe 4","Kali Item RW  01"
2023,"Jakarta Barat",Tambora,"Jembatan Besi","TPS Kali Item RW  02","Tipe 4","Kali Item RW  02"
2023,"Jakarta Barat",Tambora,"Jembatan Besi","TPS Pasar Jembatan Besi","Tipe 4","Psr  Jembatan Besi"
2023,"Jakarta Barat",Tambora,"Jembatan Lima","TPS Gudang Bandung","Tipe 4","Jl  Gudang Bandung RW  07"
2023,"Jakarta Barat",Tambora,"Jembatan Lima","TPS Pasar Mitra","Tipe 4","Pasar Mitra"
2023,"Jakarta Barat",Tambora,"Jembatan Lima","TPS Pasar Buah","Tipe 4","Pasar Buah"
2023,"Jakarta Barat",Tambora,Kalianyar,"TPS BKB Kalianyar","Tipe 4","TPS BKB Kalianyar"
2023,"Jakarta Barat",Tambora,Pekojan,"TPS Pekojan","Tipe 4","Jl  Pejagalan Raya RW  10"
2023,"Jakarta Barat",Tambora,"Roa Malaka","TPS Jl  Kopi","Tipe 4","Jl  Kopi   Tiang Bendera"
2023,"Jakarta Barat",Tambora,"Roa Malaka","TPS Pasar Pagi   Kolong","Tipe 4","Jl  Perniagaan Barat RW  01 Pasar Pagi"
2023,"Jakarta Barat",Tambora,Tambora,"TPS RW  01 07","Tipe 4","Jalan Tambora VIII"
2023,"Jakarta Barat",Tambora,Tambora,"TPS Pasar Perniagaan","Tipe 4","Pasar Perniagaan"
2023,"Jakarta Pusat","Cempaka Putih","Cempaka Putih Barat","Cempaka Putih Barat 2","Tipe 4","Jl  Cempaka Putih Barat 2"
2023,"Jakarta Pusat","Cempaka Putih","Cempaka Putih Barat","Mardani Raya","Tipe 4","Jl  Mardani Raya"
2023,"Jakarta Pusat","Cempaka Putih","Cempaka Putih Timur","Cempaka Putih Timur 04","Tipe 4","Jl  Cempaka Putih Timur"
2023,"Jakarta Pusat","Cempaka Putih","Cempaka Putih Timur","Cempaka Putih Tengah 31","Tipe 4","Jl  Cempaka Putih Tengah 31"
2023,"Jakarta Pusat","Cempaka Putih",Rawasari,"Percetakan Negara 9","Tipe 4","Jl  Percetakan Negara IX"
2023,"Jakarta Pusat","Cempaka Putih",Rawasari,"Taman Pramuka","Tipe 4","Jl  Percetakan Negara 5"
2023,"Jakarta Pusat","Cempaka Putih",Rawasari,"Pramuka Jaya Sari","Tipe 4","Jl  Pramuka Jaya Sari"
2023,"Jakarta Pusat","Cempaka Putih","Cempaka Putih Timur","TPS MA  Mahkamah Agung","Tipe 4","Jl  Cempaka Putih Timur 25"
2023,"Jakarta Pusat",Gambir,Cideng,"TPS Asrama Polisi RW  09","Tipe 4","Jl  Cideng Barat"
2023,"Jakarta Pusat",Gambir,Cideng,"TPS Dinas Teknis","Tipe 4","Jl  Jati Baru"
2023,"Jakarta Pusat",Gambir,"Duri Pulo","TPS RW  012","Tipe 4","Jl  Setia Kawan RT  01"
2023,"Jakarta Pusat",Gambir,"Duri Pulo","TPS RW  09","Tipe 4","Jl  Setia Kawan Ujung RT  03"
2023,"Jakarta Pusat",Gambir,Gambir,"TPS Jl  Batu","Tipe 4","Jl  Batu"
2023,"Jakarta Pusat",Gambir,Gambir,"TPS Jl  Pejambon","Tipe 4","Jl  Pejambon"
2023,"Jakarta Pusat",Gambir,Gambir,"TPS Lenggang Jakarta","Tipe 4","Taman Monas"
2023,"Jakarta Pusat",Gambir,Gambir,"TPS Monas","Tipe 4",Monas
2023,"Jakarta Pusat",Gambir,Gambir,"TPS RW  04","Tipe 4","Jl  Gambir Buntu"
2023,"Jakarta Pusat",Gambir,Gambir,"TPS KEMENKOMINFO","Tipe 4","Jl  Abdul Muis"
2023,"Jakarta Pusat",Gambir,Gambir,"TPS Perhubungan","Tipe 4","Jl  Abdul Muis"
2023,"Jakarta Pusat",Gambir,Gambir,"TPS RS   Budi Kemuliaan","Tipe 4","Jl  Budi Kemuliaan"
2023,"Jakarta Pusat",Gambir,Gambir,"TPS Sekretaris Negara","Tipe 4","Jl  Medan Merdeka Utara"
2023,"Jakarta Pusat",Gambir,"Kebon Kelapa","TPS Sukarjo Wiryopranoto","Tipe 4","Jl  Sukarjo Wiryopranoto"
2023,"Jakarta Pusat",Gambir,"Petojo Selatan","TPS Jatibaru","Tipe 4","Jl  Jatibaru"
2023,"Jakarta Pusat",Gambir,"Petojo Selatan","TPS Tanah Abang 3","Tipe 4","Jl  Tanah Abang 3"
2023,"Jakarta Pusat",Gambir,"Petojo Utara","TPS RW  07 DAN 08","Tipe 4","Jl  Binatu 1"
2023,"Jakarta Pusat","Johar Baru",Galur,"TPS Gembrong","Tipe 4","Jl  Rawa Selatan I"
2023,"Jakarta Pusat","Johar Baru","Tanah Tinggi","TPS Kota Paris","Tipe 4","Jl  Pulogundul"
2023,"Jakarta Pusat",Kemayoran,"Cempaka Baru","TPS Jl  PAM RW  08","Tipe 4","Jl  Pam RW  08 Cempaka Baru"
2023,"Jakarta Pusat",Kemayoran,"Cempaka Baru","TPS RW  05 Cempaka Baru","Tipe 4","Jl  Sumur Batu Raya"
2023,"Jakarta Pusat",Kemayoran,"Cempaka Baru","TPS RW  06 Kel  Cempaka Baru","Tipe 4","Jl  Cempaka Baru Tengah"
2023,"Jakarta Pusat",Kemayoran,"Cempaka Baru","TPS RW  07 Kel  Cempaka Baru","Tipe 4","Jl  Cempaka Baru III"
2023,"Jakarta Pusat",Kemayoran,"Cempaka Baru","TPS Jl  Sudiro","Tipe 4","Jl  Sudiro"
2023,"Jakarta Pusat",Kemayoran,"Cempaka Baru","TPS RW  02 Cempaka Baru","Tipe 4","Jl  Letjend Suprapto"
2023,"Jakarta Pusat",Kemayoran,"Gunung Sahari Selatan","TPS Jl  Bangau","Tipe 4","Jl  Bangau II"
2023,"Jakarta Pusat",Kemayoran,Kemayoran,"TPS Jl  Kepu Selatan","Tipe 4","Jl  Kepu Selatan RW  03"
2023,"Jakarta Pusat",Kemayoran,Kemayoran,"TPS Jl  Benda","Tipe 4","Jl  Benda Timur"
2023,"Jakarta Pusat",Kemayoran,Kemayoran,"TPS Jl  Kepu Timur","Tipe 4","Jl  Kepu Timur"
2023,"Jakarta Pusat",Kemayoran,"Sumur Batu","TPS RW  02 Pirus","Tipe 4","Jl  Mutiara"
2023,"Jakarta Pusat",Kemayoran,"Sumur Batu","TPS Zamrud","Tipe 4","Jl  Zamrud Raya"
2023,"Jakarta Pusat",Kemayoran,"Sumur Batu","TPS Jl  Berlian","Tipe 4","Jl  Berlian Raya"
2023,"Jakarta Pusat",Kemayoran,"Sumur Batu","TPS Jl  KODAM","Tipe 4","Jl  Kodam Raya"
2023,"Jakarta Pusat",Kemayoran,"Utan Panjang","TPS Ardala  Gembreng","Tipe 4","Jl  Utan Panjang Timur RW  02"
2023,"Jakarta Pusat",Kemayoran,"Harapan Mulya","TPS Pasar Cempaka Sari","Tipe 4","Jl  Cempaka Sari III"
2023,"Jakarta Pusat",Kemayoran,"Kebon Kosong","TPS Gempol","Tipe 4","Jl  Kemayoran Gempol"
2023,"Jakarta Pusat",Kemayoran,"Kebon Kosong","TPS Kemayoran Gempol","Tipe 4","Jl  Kemayoran Gempol"
2023,"Jakarta Pusat",Kemayoran,Serdang,"TPS Pasar Serdang","Tipe 4","Jl  Serdang III"
2023,"Jakarta Pusat",Kemayoran,"Sumur Batu","TPS Pasar Sumur Batu","Tipe 4","Jl  Sumur Batu Raya"
2023,"Jakarta Pusat",Menteng,Cikini,"TPS RW  03 Cikini","Tipe 4","Jl  Raden Saleh II"
2023,"Jakarta Barat",Kalideres,Kalideres,"TPS RW  08","Tipe 4","Jl  Buaran Citra 1"
2023,"Jakarta Barat",Kalideres,Kalideres,"TPS RW  11","Tipe 4","Jl  Bulak Teko"
2023,"Jakarta Barat",Kalideres,Kalideres,"TPS RW  13","Tipe 4","Jl  Gombol Paya"
2023,"Jakarta Barat",Kalideres,Kalideres,"TPS RW  14","Tipe 4","Komplek Kalideres Permai"
2023,"Jakarta Barat",Kalideres,Semanan,"TPS RW  01","Tipe 4","Jl  Komp Duri"
2023,"Jakarta Barat",Kalideres,Semanan,"TPS RW  08","Tipe 4","Jl  Sikas Perum Durio Kosambi"
2023,"Jakarta Barat",Kalideres,Semanan,"TPS RW  09","Tipe 4","Jl  Kampung Gaga"
2023,"Jakarta Barat","Kebon Jeruk","Kelapa Dua","TPS RW  02 Jl  Panjang Arteri Kelapa Dua","Tipe 4","Jl  Panjang Arteri Kelapa Dua"
2023,"Jakarta Barat","Kebon Jeruk","Kelapa Dua","TPS RW  06 Pinggir Kali Pesangrahan Kelapa Dua","Tipe 4","Jl  Mayang Blok I No  1 Kelapa Dua n"
2023,"Jakarta Barat","Kebon Jeruk","Kelapa Dua","TPS RW  07 Vila Kelapa Dua","Tipe 4","Jl  Pos Pengumben Kelurahan Kelapa Dua"
2023,"Jakarta Barat","Kebon Jeruk","Kelapa Dua","TPS RW  05 Perumahan Pertambangan","Tipe 4","Jl  Pos Pengumben Kelurahan Kelapa Dua"
2023,"Jakarta Barat","Kebon Jeruk","Sukabumi Selatan","TPS RW  01 Peruri Sukabumi Selatan","Tipe 4","Jl  KPBD RW  01 Kel  Sukabumi Selatan"
2023,"Jakarta Barat","Kebon Jeruk","Sukabumi Selatan","TPS RW  03 Perumahan Bulog","Tipe 4","Jl  Raya Pos Pengumben"
2023,"Jakarta Barat","Kebon Jeruk","Sukabumi Selatan","TPS RW  05 Pahlawan Jl  Pahlawan","Tipe 4","Jl  Pos Pengumben Lama No  1 Sukabumi Selatan"
2023,"Jakarta Barat","Kebon Jeruk","Kebon Jeruk","TPS RW  02 Komplek DPR","Tipe 4","Jl  Komplek DPR Kelurahan Kebon Jeruk"
2023,"Jakarta Barat","Kebon Jeruk","Kebon Jeruk","TPS RW  010 Jl  Lapangan Bola","Tipe 4","Jl  Lapangan Bola No  1 Kebon Jeruk n"
2023,"Jakarta Barat","Kebon Jeruk","Kebon Jeruk","TPS RW  07 Perumahan Kedoya Permai","Tipe 4","Jl  Prisma I  Kebon Jeruk"
2023,"Jakarta Barat","Kebon Jeruk","Kebon Jeruk","TPS RW  011 Perumahan BPK III","Tipe 4","Jl  Raya Kebon Jeruk Kelurahan Kebon Jeruk"
2023,"Jakarta Barat","Kebon Jeruk","Duri Kepa","TPS RW  03 Greenvile Duri Kepa","Tipe 4","Jl  Raya Green Vile Kelurahan Duri Kepa"
2023,"Jakarta Barat","Kebon Jeruk","Duri Kepa","TPS RW  02 Jl  Patra Raya","Tipe 4","Jl  Patra Raya Duri Kepa"
2023,"Jakarta Barat","Kebon Jeruk","Duri Kepa","TPS RW  013 Kali Sekretaris","Tipe 4","Jl  Kali Sekretaris   Duri Kepa  Kebon Jeruk  Jakarta Barat"
2023,"Jakarta Barat","Kebon Jeruk","Duri Kepa","TPS RW  014 Duri Kepa","Tipe 4","Jl  Komp  Graha Indah Green Ville"
2023,"Jakarta Barat","Kebon Jeruk","Duri Kepa","TPS RW  010 Duri Kepa","Tipe 4","Jl  Mangga 17  Duri Kepa"
2023,"Jakarta Barat","Kebon Jeruk","Duri Kepa","TPS RW  013 Sungai Yordan Duri Kepa","Tipe 4","Jl  Taman Ratu Kelurahan Duri Kepa"
2023,"Jakarta Barat","Kebon Jeruk","Duri Kepa","TPS RW  07 Duri Kepa","Tipe 4","Jl  Liam  Duri Kepa"
2023,"Jakarta Barat","Kebon Jeruk","Sukabumi Utara","TPS RW  04 Hankam","Tipe 4","Komp  Hankam RT  02 RW  04  Kebon Jeruk"
2023,"Jakarta Barat","Kebon Jeruk","Sukabumi Utara","TPS RW  03 Rawa Belong","Tipe 4","Jl  Sulaiman"
2023,"Jakarta Barat","Kebon Jeruk","Kedoya Utara","TPS RW  01 Kali Sekretaris  Bohlam","Tipe 4","Jl  Daan Mogot RW  01 Kedoya Utara  Kebon Jeruk"
2023,"Jakarta Barat","Kebon Jeruk","Kedoya Utara","TPS RW  07 Jl  Kedoya Raya","Tipe 4","Jl  Kedoya Raya  Kedoya Utara  Kebon Jeruk"
2023,"Jakarta Barat","Kebon Jeruk","Kedoya Utara","TPS RW  03 Green Garden","Tipe 4","Jl  Kp  Solo  Green Garden Kedoya Utara"
2023,"Jakarta Barat","Kebon Jeruk","Kedoya Utara","TPS RW  04 Green Garden","Tipe 4","Jl  Green Garden RT  02 RW  04 Kedoya Utara"
2023,"Jakarta Barat","Kebon Jeruk","Kedoya Utara","TPS RW  05 Sunrise Garden","Tipe 4","Jl  Kp Solo  Green Garden"
2023,"Jakarta Barat","Kebon Jeruk","Kedoya Utara","TPS RW  02 Rel Kereta Api Pesing","Tipe 4","Jl  Pesing Koneng RT  011 RW  02 Kedoya Utara"
2023,"Jakarta Barat","Kebon Jeruk","Kedoya Utara","TPS RW  01 Jembatan Pasar Pesing","Tipe 4","Jl  Kedoya Raya  Kedoya Utara"
2023,"Jakarta Barat","Kebon Jeruk","Kedoya Selatan","TPS RW  03 Kedoya Selatan","Tipe 4","Jl  Pilar RW  03 Kedoya Selatan"
2023,"Jakarta Barat","Kebon Jeruk","Kedoya Selatan","TPS RW  04 Perum Taman Kedoya Baru","Tipe 4","Perumahan Kedoya Elok RT  018 RW  04  Kedoya Selatan"
2023,"Jakarta Barat","Kebon Jeruk","Kedoya Selatan","TPS RW  01 Perumahan Depag","Tipe 4","Jl  Kedoya Duri Raya  RW  01 Kedoya Selatan"
2023,"Jakarta Barat","Kebon Jeruk","Kedoya Selatan","TPS Jl  Adhi Karya RW  05","Tipe 4","Jl  Adhikarya I RT  07 RW  05 Kedoya Selatan  Kebon Jeruk"
2023,"Jakarta Timur","Pasar Rebo",Gedong,"PP Kel  Gedong","Tipe 2","Jl  TB Simatupang Rw 011 Kel  Gedong"
2023,"Jakarta Timur","Pasar Rebo",Gedong,"Samping POM Rw 11 Kel  Gedong","Tipe 2","Jl  TB Simatupang Rt 07 Rw 011 Kel Gedong"
2023,"Jakarta Timur","Pasar Rebo",Pekayon,"Mess DKM Kel  Pekayon","Tipe 2","Jl  Kopi Rw 03 Pekayon"
2023,"Jakarta Timur","Pasar Rebo",Pekayon,"Komplek Lapan Kel  Pekayon","Tipe 2","Jl  Raya Lapan Gg  Indah RW 9  Pekayon"
2023,"Jakarta Timur","Pasar Rebo",Pekayon,"Komplek Telsa Lapan Kel  Pekayon","Tipe 2","Jl  Pendidikan Pekayon"
2023,"Jakarta Timur","Pasar Rebo",Pekayon,"Kantor Lapan Kel  Pekayon","Tipe 2","Jl  Lapan Rw 09 Pekayon"
2023,"Jakarta Timur","Pasar Rebo",Pekayon,"Jl  Buah Kel Pekayon","Tipe 2","Jl  Buah Rw 04 Pekayon"
2023,"Jakarta Timur",Pulogadung,"Kayu Putih","TPS Pasar Ampera","Tipe 2","Jl  Drompol No 4 RT  4 RW  17"
2023,"Jakarta Timur",Pulogadung,"Pisangan Lama","TPS RW  06","Tipe 2","Jl  Achmad Yani"
2023,"Jakarta Timur",Pulogadung,Pulogadung,"TPS RW  007 Pulogadung","Tipe 2","Jl  Kayu Putih Tengah RW  07"
2023,"Jakarta Timur",Pulogadung,"Pisangan Timur","TPS RW  06","Tipe 2","Jl  Perumahan Golf"
2023,"Jakarta Timur",Pulogadung,"Jatinegara Kaum","TPS RW  06","Tipe 2","Jl  Bekasi Timur RT  05 RW  06"
2023,"Jakarta Utara",Cilincing,Rorotan,"TPS RW  04 Rorotan","Tipe 2","Jl  Rorotan II No 8"
2023,"Jakarta Utara",Cilincing,Rorotan,"TPS RW  14 Rorotan","Tipe 2","Rusun Rorotan"
2023,"Jakarta Utara",Cilincing,"Semper Barat","TPS RW  03 Semper Barat","Tipe 2","Jl  Rusun Kebersihan  No  24 RW  03"
2023,"Jakarta Utara",Cilincing,"Semper Barat","TPS RW  02 Semper Barat","Tipe 2","Jl  Sena 1 RW  02 Komplek Yon Air"
2023,"Jakarta Utara",Cilincing,"Semper Timur","TPS RW  05 Semper Timur","Tipe 2","Jl  Kebantenan I RT  10 RW  05"
2023,"Jakarta Utara",Cilincing,Sukapura,"TPS RW  09 Sukapura","Tipe 2","Bak Container"
2023,"Jakarta Utara",Cilincing,Sukapura,"TPS RW  12 Sukapura","Tipe 2","Bak Container"
2023,"Jakarta Utara",Cilincing,Sukapura,"TPS Pasar Sukapura","Tipe 2","Bak Container"
2023,"Jakarta Utara","Kelapa Gading","Pegangsaan Dua","TPS RW  002","Tipe 2","Jl  Boulevard Timur"
2023,"Jakarta Utara","Kelapa Gading","Pegangsaan Dua","TPS Pasar Tradisional","Tipe 2","Jl  Hibrida Timur"
2023,"Jakarta Utara","Kelapa Gading","Pegangsaan Dua","TPS RW  017","Tipe 2","Jl  Nias 9"
2023,"Jakarta Utara","Kelapa Gading","Kelapa Gading Barat","TPS RW  003","Tipe 2","Jl  Bukit Gading Raya"
2023,"Jakarta Utara","Kelapa Gading","Kelapa Gading Barat","TPS RW  011","Tipe 2","Jl  Janur Elok IV"
2023,"Jakarta Utara","Kelapa Gading","Kelapa Gading Barat","TPS RW  017","Tipe 2","Jl  Hibrida"
2023,"Jakarta Utara","Kelapa Gading","Kelapa Gading Barat","TPS RW  008","Tipe 2","Jl  Gading Kirana"
2023,"Jakarta Utara","Kelapa Gading","Kelapa Gading Barat","TPS Pasar Pedongkelan","Tipe 2","Jl  Inspeksi Kali Sunter"
2023,"Jakarta Utara",Koja,Koja,"TPS Mbah Priok","Tipe 2","Jl  Raya Pelabuhan"
2023,"Jakarta Utara",Koja,Koja,"TPS TPK Koja","Tipe 2","Jl  Digul"
2023,"Jakarta Utara",Koja,Koja,"TPS Rumah Susun Sindang","Tipe 2","Jl  Inspeksi Kali Sunter"
2023,"Jakarta Utara",Koja,Koja,"TPS Pasar Sindang","Tipe 2","Jl  Sindang"
2023,"Jakarta Utara",Koja,Koja,"TPS Rumah Sakit Koja","Tipe 2","Jl  Deli No  7"
2023,"Jakarta Utara",Koja,"Tugu Selatan","TPS RW  01","Tipe 2","Jl  Kali Betik"
2023,"Jakarta Utara",Koja,"Rawa Badak Selatan","TPS Pasar Walang","Tipe 2",null
2023,"Jakarta Utara",Pademangan,"Pademangan Barat","TPS RW  14 Kel  Pademangan Barat","Tipe 2","Jl  Pademangan 1 No 13 RW  14 Kel  Pademangan Barat"
2023,"Jakarta Utara",Pademangan,"Pademangan Barat","TPS RW  01 Kel  Pademangan Barat","Tipe 2","Jl  Pademangan 1 RW  01 Kel  Pademangan Barat"
2023,"Jakarta Utara",Penjaringan,Penjaringan,"TPS RW  05 Kel Penjaringan","Tipe 2","Jl  Ekor Kuning RW  05 Kel Penjaringan"
2023,"Jakarta Utara",Penjaringan,Penjaringan,"TPS Rusun RW  06 Penjaringan","Tipe 2","Jl  Tanjung wangi"
2023,"Jakarta Utara",Penjaringan,Pejagalan,"TPS Ps  Teluk Gong","Tipe 2","Jl  Teluk Gong Raya"
2023,"Jakarta Utara",Penjaringan,Pluit,"TPS RW  013","Tipe 2","Jl  Pluit Karang Barat RW  013 dan Rusun Penjaringan RW  06 Penjaringan"
2023,"Jakarta Utara",Penjaringan,Pluit,"TPS Pasar  Muara Angke","Tipe 2","Jl  Muara Angke  Ps  Muara Angke"
2023,"Jakarta Utara",Penjaringan,Pluit,"TPS Pasar Muara Karang","Tipe 2","Jl  Niaga II Muara karang"
2023,"Jakarta Utara",Penjaringan,"Kapuk Muara","TPS RW  02","Tipe 2","Jl  Duta Harapan Indah RW  02"
2023,"Jakarta Utara","Tanjung Priok","Tanjung Priok","TPS A11","Tipe 2","Jalan Bahari 7 RW  14"
2023,"Jakarta Utara","Tanjung Priok","Tanjung Priok","TPS A2","Tipe 2","Jl  Kp  Bahari RW  012"
2023,"Jakarta Utara","Tanjung Priok","Tanjung Priok","TPS Transito A2","Tipe 2","Kp  Bahari RW  012"
2023,"Jakarta Utara","Tanjung Priok","Tanjung Priok","TPS Terminal Bus Tanjung Priok","Tipe 2","Terminal Bus Tanjung Priok"
2023,"Jakarta Utara","Tanjung Priok","Tanjung Priok","TPS Stasiun Tanjung Priok","Tipe 2","Statsiun Tanjung Priok"
2023,"Jakarta Utara","Tanjung Priok","Tanjung Priok","TPS KOLINLAMIL","Tipe 2","KOLINLAMIL Tanjung Priok"
2023,"Jakarta Utara","Tanjung Priok","Tanjung Priok","TPS DIT POL AIR","Tipe 2","Jl  RE  Marthadinata"
2023,"Jakarta Utara","Tanjung Priok","Tanjung Priok","TPS Pasar Anyar Bahari","Tipe 2","Jl  Tenggiri Raya"
2023,"Jakarta Utara","Tanjung Priok",Papanggo,"TPS Transito","Tipe 2","RW  004"
2023,"Jakarta Utara","Tanjung Priok","Sungai Bambu","TPS Pasar Pelita","Tipe 2","Jl  Jati RW  006"
2023,"Jakarta Utara","Tanjung Priok",Warakas,"TPS Pasar Warakas 1","Tipe 2","Jl  Raya Warakas I"
2023,"Jakarta Utara","Tanjung Priok","Kebon Bawang","TPS GRJU Jl  L Yos Sudarso","Tipe 2","GRJU Jl  Yos Sudarso"
2023,"Jakarta Utara","Tanjung Priok","Sunter Agung","TPS Sunter Icon","Tipe 2","Jl  Ancol Selatan RW  002"
2023,"Jakarta Utara","Tanjung Priok","Sunter Agung","TPS Graha Sunter Pratama","Tipe 2","Perumahan GSP RW  002"
2023,"Jakarta Utara","Tanjung Priok","Sunter Agung","TPS DKI","Tipe 2","Jl  Sunter Karya Selatan V"
2023,"Jakarta Barat","Grogol Petamburan",Jelambar,"TPS Kembar","Tipe 3","Jl  Jelambar No  11"
2023,"Jakarta Pusat",Gambir,"Duri Pulo","TPS RW  07 DAN 08","Tipe 3","Jl  Subur Baru"
2023,"Jakarta Pusat",Gambir,Gambir,"TPS Kantor DPRD","Tipe 3","Jl  Kebon Sirih Raya"
2023,"Jakarta Pusat",Gambir,"Petojo Selatan","TPS Pasar Thomas","Tipe 3","Jl  Tanah Abang V"
2023,"Jakarta Selatan",Jagakarsa,"Lenteng Agung","TPS Asrama Lenteng Agung","Tipe 3","Jalan Camat Gabun  Asrama Suku Dinas Lingkungan Hidup Kota Adm  Jakarta Selatan"
2023,"Jakarta Selatan","Kebayoran Baru",Selong,"TPS Mabes Polri","Tipe 3","Jl  Pattimura No 38   Jl Senjaya 1  Kel  Selong"
2023,"Jakarta Selatan","Mampang Prapatan",Bangka,"TPS Codefin","Tipe 3","Jl  Kemang Raya RW  01 Kel  Bangka"
2023,"Jakarta Selatan",Pesanggrahan,Bintaro,"TPS RT  001 RW  012 Bintaro","Tipe 3","Jl  Madrasah"
2023,"Jakarta Timur",Cakung,Pulogebang,"TPS Walikota","Tipe 3",Walikota
2023,"Jakarta Timur",Cakung,Penggilingan,"TPS Kantor Pengadilan Militer","Tipe 3","Jl  Soemarno"
2023,"Jakarta Timur",Cipayung,Cilangkap,"TPS Mabes AL","Tipe 3","Komplek Mabes AL"
2023,"Jakarta Timur",Cipayung,"Lubang Buaya","TPS Santo Markus","Tipe 3","Jl  Santo Markus RW  12"
2023,"Jakarta Timur",Ciracas,Susukan,"TPS Pom Bensin","Tipe 3","Jl  Supriyadi RW  03"
2023,"Jakarta Timur",Ciracas,Rambutan,"TPS DITKUM TNI AD","Tipe 3","Jl  TB  Simatupang"
2023,"Jakarta Timur",Jatinegara,"Cipinang Besar Utara","TPS Gg  Remaja l","Tipe 3","RW  03"
2023,"Jakarta Timur",Jatinegara,"Cipinang Besar Utara","TPS Gg  Remaja lV","Tipe 3","RW  03"
2023,"Jakarta Timur",Jatinegara,"Cipinang Besar Utara","TPS Gg  Remaja VII","Tipe 3","RW  03"
2023,"Jakarta Timur",Jatinegara,"Cipinang Besar Utara","TPS LPS Perumpung Gg  Mayong","Tipe 3","Jl  DI Panjaitan Gg  Mayong RW  07"
2023,"Jakarta Timur",Makasar,"Cipinang Melayu","TPS RW  06 Kodam","Tipe 3","Jl  Seulawah Raya"
2023,"Jakarta Timur",Makasar,"Kebon Pala","TPS RW  08  Hotel TIRTA","Tipe 3","Jl  Raya Halim PK"
2023,"Jakarta Timur",Makasar,"Pinang Ranti","TPS Karimata","Tipe 3","Jl  Raya Taman Mini 1"
2023,"Jakarta Utara",Penjaringan,Pluit,"TPS Greenbay","Tipe 3","Greenbay  Pluit"
2023,"Jakarta Barat",Cengkareng,"Cengkareng Barat","TPS RW  10","Tipe 4","Flamboyan Raya"
2023,"Jakarta Barat",Cengkareng,"Cengkareng Barat","TPS RW  11","Tipe 4","Komplek KFT"
2023,"Jakarta Barat",Cengkareng,"Cengkareng Timur","TPS RW  03","Tipe 4","Jl  Nusa Indah Timur"
2023,"Jakarta Barat",Cengkareng,"Cengkareng Timur","TPS RW  10","Tipe 4","Jl  Gunung Galunggung"
2023,"Jakarta Utara",Pademangan,"Pademangan Barat","TPS Pasar Inpres RW  10 Kel  Pademangan Barat","Tipe 4","Jl  Pademangan 5 No  46 RW  10 Kel  Pademangan Barat"
2023,"Jakarta Utara",Pademangan,"Pademangan Barat","TPS Samsat Kel  Pademangan Barat","Tipe 4","Jl  Gunung Sahari Raya No  18 A RW  06 Kel  Pademangan Barat"
2023,"Jakarta Utara",Pademangan,"Pademangan Barat","TPS Ruko Inkopal Kel  Pademangan Barat","Tipe 4","Jl  Gunung Sahari Raya No  3 RW  13  Inkopal Kel  Pademangan Barat"
2023,"Jakarta Utara",Pademangan,"Pademangan Barat","TPS Pasar Nalo RW  12 Kel  Pademangan Barat","Tipe 4","Jl  Laksana RE Martadinata No  4 RW  12 Kel  Pademangan Barat"
2023,"Jakarta Utara",Pademangan,"Pademangan Barat","TPS RW  02 Kel  Pademangan Barat","Tipe 4","Jl  Hidup Baru No  44 247 Kel  Pademangan Barat"
2023,"Jakarta Utara",Pademangan,"Pademangan Barat","TPS RW  13 Terowongan Kel  Pademangan Barat","Tipe 4","Jl  Budi Mulia Utara RW  13 Kel  Pademangan Barat"
2023,"Jakarta Utara",Pademangan,"Pademangan Barat","TPS RW  03 Kel  Pademangan Barat","Tipe 4","Jl  Hidup Baru No  132 RW  03 Kel  Pademangan Barat"
2023,"Jakarta Utara",Pademangan,"Pademangan Barat","TPS RW  11 Kel  Pademangan Barat","Tipe 4","Jl  Ampera 7 No  6 RW  11 Kel  Pademangan Barat"
2023,"Jakarta Utara",Pademangan,"Pademangan Barat","TPS Lintas Jl  Martadinata Kel  Pademangan Barat","Tipe 4","Lintas Jl  Martadinata Kel  Pademangan Barat"
2023,"Jakarta Utara",Pademangan,"Pademangan Barat","TPS Ruko Permata RW  016","Tipe 4","Komplek Ruko Permata Ancol Kel  Pademangan Barat"
2023,"Jakarta Utara",Pademangan,"Pademangan Barat","TPS Gunung Sahari  Kel  Pademangan Barat","Tipe 4","Jl  Ampera Besar No  4 Kel  Pademangan Barat"
2023,"Jakarta Utara",Pademangan,"Pademangan Timur","TPS Pasar Elang RW  02 Kel  Pademangan Timur","Tipe 4","Jl  Pademangan Gg  XXV RW  02 Kel  Pademangan Timur"
2023,"Jakarta Utara",Pademangan,"Pademangan Timur","TPS Pasar Jongkok Kel  Pademangan Timur","Tipe 4","Jl  Pademangan 5 Kel  Pademangan Timur"
2023,"Jakarta Utara",Pademangan,Ancol,"TPS Lintas Jl  Ancol Barat RT  01  01 Kel  Ancol","Tipe 4","Jakarta Inner Ring Road Kel Ancol"
2023,"Jakarta Utara",Pademangan,Ancol,"TPS Bak Kembar Kel  Ancol","Tipe 4","Jl  Lodan Raya No 6 7 RW  002 Kel  Ancol"
2023,"Jakarta Utara",Pademangan,Ancol,"TPS RW  04 Kel  Ancol","Tipe 4","Jl  Transmigrasi No  30 Kel  Ancol"
2023,"Jakarta Utara",Pademangan,Ancol,"TPS RW  01 Kel  Ancol","Tipe 4","Jl  Lodan Raya No 8 Kel  Ancol"
2023,"Jakarta Utara",Pademangan,Ancol,"TPS RW  02 Kel  Ancol","Tipe 4","Jl  Lodan Raya No  44 RW  02 Kel  Ancol"
2023,"Jakarta Utara",Pademangan,Ancol,"TPS RW  01 Kel  Ancol","Tipe 4","Jl  Ancol Barat III No 2 Kel  Ancol"
2023,"Jakarta Utara",Pademangan,Ancol,"TPS RW  08 Kel  Ancol","Tipe 4","Jl  Ancol IV No 28 29 Kel  Ancol"
2023,"Jakarta Utara",Pademangan,Ancol,"TPS RW  02 Rt 03  Kel  Ancol","Tipe 4","Jl  Parang Teritis  Kel  Ancol"
2023,"Jakarta Utara",Penjaringan,Penjaringan,"TPS Rusun Waduk Pluit RW  17","Tipe 4","Jl  Muara Baru  Penjaringan"
2023,"Jakarta Utara",Penjaringan,Pejagalan,"TPS RW  01","Tipe 4","Jl  Gambang 1"
2023,"Jakarta Utara",Penjaringan,Pejagalan,"TPS RW  02","Tipe 4","Jl  Arwana 2"
2023,"Jakarta Utara",Penjaringan,Pejagalan,"TPS RW  14","Tipe 4","Kebon Pala"
2023,"Jakarta Utara",Penjaringan,Pejagalan,"TPS RW  018","Tipe 4","Jl  Pluit Mas RW  018"
2023,"Jakarta Utara",Penjaringan,Pluit,"TPS RW  02","Tipe 4","Jl  Pluit Karang Barat RW  02"
2023,"Jakarta Utara",Penjaringan,Pluit,"TPS RW  03","Tipe 4","Jl  Pluit Karang Utara"
2023,"Jakarta Utara",Penjaringan,Pluit,"TPS RW  04","Tipe 4","Jl  Pluit Permai"
2023,"Jakarta Utara",Penjaringan,Pluit,"TPS RW  05","Tipe 4","Jl  Pluit Samudra"
2023,"Jakarta Utara",Penjaringan,Pluit,"TPS RW  06","Tipe 4","Jl  Pluit Kencana RW  06"
2023,"Jakarta Utara",Penjaringan,Pluit,"TPS RW  07","Tipe 4","Jl  Pluit Sakti"
2023,"Jakarta Utara",Penjaringan,Pluit,"TPS RW  08","Tipe 4","Jl  Pluit Karang Permai RW  08"
2023,"Jakarta Utara",Penjaringan,Pluit,"TPS RW  09","Tipe 4","Jl  Pluit Timur Raya"
2023,"Jakarta Utara",Penjaringan,Pluit,"TPS Pasar  Pluit RW  06","Tipe 4","Jl  Pluit Kencana  Ps  Pluit  RW  06"
2023,"Jakarta Utara",Penjaringan,Pluit,"TPS RW  14","Tipe 4","Jl  Pluit Karang Timur"
2023,"Jakarta Utara",Penjaringan,Pluit,"TPS Komp  Perum Nelayan RW  011","Tipe 4","Komplek Perumahan Nelayan RW  01  011  21"
2023,"Jakarta Utara",Penjaringan,Pluit,"TPS RW  015","Tipe 4","Jl  Pluit Karang Permai RW  015"
2023,"Jakarta Utara",Penjaringan,Pluit,"TPS RW  017","Tipe 4",null
2023,"Jakarta Utara",Penjaringan,Pluit,"TPS RW  018","Tipe 4",null
2023,"Jakarta Utara",Penjaringan,Pluit,"TPS Rusun Budha Suchi RW  20 Pluit","Tipe 4","Jl  Dermaga Kali Adem Muara Angke"
2023,"Jakarta Utara",Penjaringan,"Kapuk Muara","TPS RW  03","Tipe 4","Jl  Kapuk Kencana"
2023,"Jakarta Utara",Penjaringan,"Kapuk Muara","TPS RW  04","Tipe 4","Jl  Kapuk Muara Raya RW  04"
2023,"Jakarta Utara",Penjaringan,"Kapuk Muara","TPS RW  05","Tipe 4","Jl  Villa Kapuk Mas RW  05"
2023,"Jakarta Utara",Penjaringan,"Kapuk Muara","TPS RW  08","Tipe 4","Jl  Camar RW  08"
2023,"Jakarta Utara",Penjaringan,"Kapuk Muara","TPS RW  10","Tipe 4","Kapuk Muara"
2023,"Jakarta Utara",Penjaringan,"Kapuk Muara","TPS Rusun Kapuk Muara","Tipe 4","Rusun Kapuk Muara Jl  SMP 122 RW  09"
2023,"Jakarta Utara",Penjaringan,"Kamal Muara","TPS RW  01 Kel  Kamal Muara","Tipe 4","Jl  Bundaran Kamal  RW  01"
2023,"Jakarta Utara","Tanjung Priok","Tanjung Priok","TPS A9","Tipe 4","Jl  Kp  Bahari RW  013"
2023,"Jakarta Utara","Tanjung Priok",Papanggo,"TPS Solo Bone","Tipe 4","Jl  RE  Marthadinata"
2023,"Jakarta Utara","Tanjung Priok","Sungai Bambu","TPS Kencana","Tipe 4","Jl  Raya Sungai Bambu RW  008"
2023,"Jakarta Utara","Tanjung Priok",Warakas,"TPS Warakas 2","Tipe 4","Warakas 2"
2023,"Jakarta Utara","Tanjung Priok","Kebon Bawang","TPS ARHANUDE","Tipe 4","Jl  ARHANUDE RW  15"
2023,"Jakarta Utara","Tanjung Priok","Kebon Bawang","TPS Lintas","Tipe 4","Jl  Ampera"
2023,"Jakarta Utara","Tanjung Priok","Kebon Bawang","TPS PT  TELKOM","Tipe 4","Jl  Yos Sudarso"
2023,"Jakarta Utara","Tanjung Priok","Sunter Agung","TPS Bulu Ayam","Tipe 4","Jl  Marthadinata RW  01"
2023,"Jakarta Utara","Tanjung Priok","Sunter Agung","TPS RW  08","Tipe 4","Jl  Sunter Agung 20"
2023,"Jakarta Utara","Tanjung Priok","Sunter Agung","TPS RW  010","Tipe 4","Jl  Agung Barat Blok A3"
2023,"Jakarta Utara","Tanjung Priok","Sunter Agung","TPS RW  020","Tipe 4","Jl  Griya Inti Sentosa RW  20"
2023,"Jakarta Utara","Tanjung Priok","Sunter Agung","TPS RW  009","Tipe 4","Jl  Sunter Agung 19 RW  09"
2023,"Jakarta Utara","Tanjung Priok","Sunter Agung","TPS RW  013","Tipe 4","RW  13"
2023,"Jakarta Utara","Tanjung Priok","Sunter Agung","TPS RW  015","Tipe 4","Jl  Danau Sunter Utara RW  15"
2023,"Jakarta Utara","Tanjung Priok","Sunter Agung","TPS RW  018","Tipe 4","Jl  Danau Sunter Utara RW  18"
2023,"Jakarta Utara","Tanjung Priok","Sunter Jaya","TPS BAK Kedongdong","Tipe 4","Jl  Kedondong RW  006"
2023,"Jakarta Utara","Tanjung Priok","Sunter Jaya","TPS BAK Sosro","Tipe 4","Jl  Sunter Kemayoran RW  09"
2023,"Jakarta Utara","Tanjung Priok","Sunter Jaya","TPS BAK HONDA","Tipe 4","Jl  Sunter Kemayoran RW  09"
2023,"Jakarta Utara","Tanjung Priok","Sunter Jaya","TPS BAK SMR","Tipe 4","Jl  Mitra Sunter RW  11"
2023,"Kepulauan Seribu","Pulau Seribu Selatan","Pulau Pari","TPS Pulau Pari","Tipe 4","Pulau Pari"
2023,"Kepulauan Seribu","Pulau Seribu Selatan","Pulau Untung Jawa","TPS Pulau Untung Jawa","Tipe 4","Pulau Untung Jawa"
2023,"Kepulauan Seribu","Pulau Seribu Selatan","Pulau Tidung","TPS Pulau Payung","Tipe 4","Pulau Payung"
2023,"Kepulauan Seribu","Pulau Seribu Selatan","Pulau Lancang","TPS Pulau Lancang","Tipe 4","Pulau Lancang"
2023,"Kepulauan Seribu","Pulau Seribu Utara","Pulau Harapan","TPS Pulau Kelapa","Tipe 4","Pulau Kelapa"
2023,"Kepulauan Seribu","Pulau Seribu Utara","Pulau Harapan","TPS Pulau Kelapa Dua","Tipe 4","Pulau Kelapa Dua"
2023,"Kepulauan Seribu","Pulau Seribu Utara","Pulau Panggang","TPS Pulau Panggang","Tipe 4","Pulau Panggang"
2023,"Kepulauan Seribu","Pulau Seribu Utara","Pulau Sebira","TPS Pulau Sebira","Tipe 4","Pulau Sebira"
2023,"Kepulauan Seribu","Pulau Seribu Utara","Pulau Panggang","TPS Pulau Pramuka","Tipe 4","Pulau Pramuka"
2023,"Jakarta Utara",Cilincing,Cilincing,"TPS LINTAS Cilincing","Tipe 4","Jl  Raya Cilincing"
2023,"Jakarta Utara",Cilincing,Sukapura,"TPS RW  01 Sukapura","Tipe 4","Jl Kompi jenggot Rw 01"
2023,"Jakarta Utara",Cilincing,Sukapura,"TPS RW  02 Sukapura","Tipe 4","Jl  Tipar Cakung Rw 02 Sukapura"
2023,"Jakarta Utara",Cilincing,Sukapura,"TPS RW  03 Sukapura","Tipe 4","Jl  Tipar Cakung Rw 03 Sukapura"
2023,"Jakarta Utara",Cilincing,Sukapura,"TPS Bak RT  03 03 Sukapura","Tipe 4","Gg  Salon RT  003 03"
2023,"Jakarta Utara",Cilincing,Sukapura,"TPS RW  05 Sukapura","Tipe 4","Bak Beton"
2023,"Jakarta Utara",Cilincing,Sukapura,"TPS LINTS RW  08 Sukapura","Tipe 4","Lintas RW  08"
2023,"Jakarta Utara",Cilincing,Sukapura,"TPS RW  10 Sukapura","Tipe 4","Bak Beton"
2023,"Jakarta Utara",Cilincing,Sukapura,"TPS RW  07 Sukapura","Tipe 4","Bak Beton"
2023,"Jakarta Utara",Cilincing,Sukapura,"Lintas Rw 11 Sukapura","Tipe 4","Jl  Royal Orchard Raya Rw 11"
2023,"Jakarta Utara","Kelapa Gading","Pegangsaan Dua","TPS Kompi Udin","Tipe 4","Jl  Kompi Udin"
2023,"Jakarta Utara","Kelapa Gading","Pegangsaan  Dua","TPS RW  016","Tipe 4","Jl  Boulevard Timur Ujung"
2023,"Jakarta Utara","Kelapa Gading","Pegangsaan Dua","TPS RW  019","Tipe 4","Jl  Perumahan Taman"
2023,"Jakarta Utara","Kelapa Gading","Pegangsaan Dua","TPS RW  022","Tipe 4","Jl  Raya Pegangsaan Dua"
2023,"Jakarta Utara","Kelapa Gading","Pegangsaan Dua","TPS RW  003","Tipe 4","Jl  Rawa Indah"
2023,"Jakarta Utara","Kelapa Gading","Pegangsaan Dua","TPS RW  002","Tipe 4","Jl  Boulevard  Timur"
2023,"Jakarta Utara","Kelapa Gading","Pegangsaan Dua","TPS RW  012","Tipe 4","Jl  Kelapa Lilin Timur RW  012"
2023,"Jakarta Utara","Kelapa Gading","Pegangsaan Dua","TPS RW  014","Tipe 4","Jl  Nias 3"
2023,"Jakarta Utara","Kelapa Gading","Kelapa Gading Timur","TPS RW  001","Tipe 4","Jl  Pelepah Raya"
2023,"Jakarta Utara","Kelapa Gading","Kelapa Gading Timur","TPS RW  002","Tipe 4","Jl  Gading Putih Raya RW  002"
2023,"Jakarta Utara","Kelapa Gading","Kelapa Gading Timur","TPS RW  003","Tipe 4","Jl  Perumahan Komplek Bermis"
2023,"Jakarta Utara","Kelapa Gading","Kelapa Gading Timur","TPS Perintis Kemerdekaan","Tipe 4","Jl  Perinitis Kemerdekaan RW  004"
2023,"Jakarta Utara","Kelapa Gading","Kelapa Gading Timur","TPS RW  007","Tipe 4","Jl  Mangket RW  007"
2023,"Jakarta Utara","Kelapa Gading","Kelapa Gading Timur","TPS RW  009","Tipe 4","Jl  Kelapa Cengkir Raya"
2023,"Jakarta Utara","Kelapa Gading","Kelapa Gading Timur","TPS RW  010","Tipe 4","Jl  Jingga"
2023,"Jakarta Utara","Kelapa Gading","Kelapa Gading Timur","TPS RW  013","Tipe 4","Jl  Elok Utara"
2023,"Jakarta Utara","Kelapa Gading","Kelapa Gading Timur","TPS RW  015","Tipe 4","Jl  Pelepah Raya"
2023,"Jakarta Utara","Kelapa Gading","Kelapa Gading Timur","TPS RW  016","Tipe 4","Jl  Janur Kuning"
2023,"Jakarta Utara","Kelapa Gading","Kelapa Gading Timur","TPS RW  017","Tipe 4","Jl  Kelapa Gading Permai"
2023,"Jakarta Utara","Kelapa Gading","Kelapa Gading Timur","TPS RW  018","Tipe 4","Jl  Boulevard Raya"
2023,"Jakarta Utara","Kelapa Gading","Kelapa Gading Timur","TPS RW  012","Tipe 4","Jl  Gading Elok Barat 3"
2023,"Jakarta Utara","Kelapa Gading","Kelapa Gading Timur","TPS RW  019","Tipe 4","Jl  Puyuh Raya"
2023,"Jakarta Utara","Kelapa Gading","Kelapa Gading Timur","TPS Pasar Inpres","Tipe 4","Jl  Pasar Inpres RW  006"
2023,"Jakarta Utara","Kelapa Gading","Kelapa Gading Timur","TPS Pasar Mandiri","Tipe 4","Jl  Gading Putih Raya"
2023,"Jakarta Utara","Kelapa Gading","Kelapa Gading Barat","TPS RW  006","Tipe 4","Jl  Janur Elok II"
2023,"Jakarta Utara","Kelapa Gading","Kelapa Gading Barat","TPS RW  007","Tipe 4","Jl  Raya Bukit Gading Villa"
2023,"Jakarta Utara","Kelapa Gading","Kelapa Gading Barat","TPS RW  004","Tipe 4","Jl  Inspeksi Kali Sunter RW  004"
2023,"Jakarta Utara","Kelapa Gading","Kelapa Gading Barat","TPS RW  022","Tipe 4","Jl  Inspeksi Kali Sunter RW  022"
2023,"Jakarta Utara",Koja,Koja,"TPS Liar","Tipe 4","Jl  Jampea Jembatan Pocis"
2023,"Jakarta Utara",Koja,Koja,"TPS Deli RW  09","Tipe 4","Jl  Deli"
2023,"Jakarta Utara",Koja,Koja,"TPS Liar jln sulawesi","Tipe 4","Jl  Mambo"
2023,"Jakarta Pusat",Menteng,Cikini,"TPS SMP Negeri 1","Tipe 4","Jl  Cikini Raya"
2023,"Jakarta Pusat",Menteng,Menteng,"TPS RW  10 Menteng Tenggulun","Tipe 4","Jl  Menteng Tenggulun RT 008   RW 010"
2023,"Jakarta Pusat",Menteng,Pegangsaan,"TPS Kimia","Tipe 4","Jl  Letjend Suprapto"
2023,"Jakarta Pusat",Menteng,Cikini,"TPS Cut Mutia","Tipe 4","Jl  Cut Mutia"
2023,"Jakarta Pusat",Menteng,Menteng,"TPS Latuharhary","Tipe 4","Jl  Latuharhary"
2023,"Jakarta Pusat",Menteng,Menteng,"TPS Anyer","Tipe 4","Jl  Anyer 15"
2023,"Jakarta Pusat",Menteng,Menteng,"TPS Blora","Tipe 4","Jl  Blora"
2023,"Jakarta Pusat","Sawah Besar",Kartini,"TPS Kartini Tengah","Tipe 4","Jl  Kartini Raya"
2023,"Jakarta Pusat","Sawah Besar",Kartini,"TPS Kartini Ujung","Tipe 4","Jl  Kartini Raya"
2023,"Jakarta Pusat","Sawah Besar","Mangga Dua Selatan","TPS Pangeran Jayakarta Dalam","Tipe 4","Jl  Pangeran Jayakarta Dalam"
2023,"Jakarta Pusat","Sawah Besar","Mangga Dua Selatan","TPS Mangga Dua Selatan RW  06","Tipe 4","Jl  Gatep"
2023,"Jakarta Pusat","Sawah Besar","Karang Anyar","TPS Karang Anyar","Tipe 4","Jl  Karang Anyar Raya"
2023,"Jakarta Pusat","Sawah Besar","Mangga Dua Selatan","Mangga Besar 13  Djinggo","Tipe 4","Jl  Mangga Besar 13"
2023,"Jakarta Pusat","Sawah Besar","Pasar Baru","TPS Djuanda","Tipe 4","Jl  Pintu Air II"
2023,"Jakarta Pusat","Sawah Besar","Mangga Dua Selatan","TPS Mangga Dua Dalam","Tipe 4","Jl  Mangga Dua Dalam"
2023,"Jakarta Pusat",Senen,Kenari,"TPS Komplek Salemba","Tipe 4","Jl  Salemba Raya"
2023,"Jakarta Pusat",Senen,Kenari,"TPS Kenari 2","Tipe 4","Kenari 2"
2023,"Jakarta Pusat",Senen,Keramat,"Keramat Sentiong","Tipe 4","Jl  Keramat Sentiong"
2023,"Jakarta Pusat",Senen,Keramat,"TPS Sedap Malam","Tipe 4","Jl  Sedap Malam"
2023,"Jakarta Pusat",Senen,Kwitang,"TPS RW  07 Kwitang","Tipe 4","Jl  Kwitang 2"
2023,"Jakarta Pusat",Senen,Kwitang,"TPS Gunung Agung","Tipe 4","Gunung Agung"
2023,"Jakarta Pusat",Senen,Paseban,"TPS Salemba Tengah","Tipe 4","Jl  Salemba Tengah"
2023,"Jakarta Pusat",Senen,Senen,"TPS RW  04 Senen","Tipe 4","Stasiun Senen"
2023,"Jakarta Pusat",Senen,Kwitang,"TPS Pasar Kwitang","Tipe 4","Jl  Kwitang 1"
2023,"Jakarta Pusat",Senen,Senen,"TPS Pasar Senen Blok 3 amp 6","Tipe 4","Jl  Senen Raya"
2023,"Jakarta Pusat",Senen,Bungur,"TPS Stasiun Senen","Tipe 4","Jl  Bungur Besar Raya"
2023,"Jakarta Pusat","Tanah Abang","Bendungan Hilir","TPS Rusun Benhil II","Tipe 4","Jl  Lan 2 Pejompongan"
2023,"Jakarta Pusat","Tanah Abang","Bendungan Hilir","TPS Rusun Benhil I","Tipe 4","Jl  Penjernihan I"
2023,"Jakarta Pusat","Tanah Abang",Gelora,"TPS Pasar Palmerah","Tipe 4","Jl  Palmerah Selatan"
2023,"Jakarta Pusat","Tanah Abang",Gelora,"TPS Pasar UKM Lokbin Palmerah","Tipe 4","Jl  Palmerah Barat RT RW  01 02"
2023,"Jakarta Pusat","Tanah Abang","Kampung Bali","TPS Stasiun Tanah Abang","Tipe 4","Jl  Jati Baru"
2023,"Jakarta Pusat","Tanah Abang","Karet Tengsin","TPS Rusun Karteng","Tipe 4","Jl  Karet Pasar Baru Barat I RW  07"
2023,"Jakarta Pusat","Tanah Abang","Kebon Kacang","TPS RSTA RW  10","Tipe 4","Jl  KH  Mas Mansyur"
2023,"Jakarta Pusat","Tanah Abang","Kebon Melati","TPS Pasar Lontar","Tipe 4","Jl  Sabeni Raya"
2023,"Jakarta Pusat","Tanah Abang",Petamburan,"TPS Rusun Petamburan","Tipe 4","Jl  Petamburan V Rw 11"
2023,"Jakarta Pusat","Tanah Abang","Bendungan Hilir","TPS PAM","Tipe 4","Jl  Pam Baru Raya"
2023,"Jakarta Pusat","Tanah Abang","Kebon Melati","TPS PLN","Tipe 4","Jl  Awaludin IV RT RW 03 17"
2023,"Jakarta Pusat","Tanah Abang",Petamburan,"TPS RW  01 Petamburan","Tipe 4","Jl  Jati Pinggir RW  01"
2023,"Jakarta Pusat","Tanah Abang",Petamburan,"TPS RW  04 Petamburan","Tipe 4","Jl  Jati Pinggir RW  04"
2023,"Jakarta Pusat","Tanah Abang","Bendungan Hilir","TPS RW  07 Bendungan Hilir","Tipe 4","Jl  Administrasi Negara I"
2023,"Jakarta Pusat","Tanah Abang",Gelora,"TPS Palmerah Selatan","Tipe 4","Jl  Palmerah Selatan"
2023,"Jakarta Pusat","Tanah Abang",Gelora,"TPS RW  02 Gelora","Tipe 4","Jl  Gelora 9 Rw 02"
2023,"Jakarta Pusat","Tanah Abang","Kampung Bali","TPS Kampung Bali 25","Tipe 4","Jl  Kampung Bali XXV"
2023,"Jakarta Pusat","Tanah Abang","Kampung Bali","TPS Taman Kebon Sirih 1","Tipe 4","Jl  Taman Kebon Sirih 1"
2023,"Jakarta Pusat","Tanah Abang","Kampung Bali","TPS Kebon Jati","Tipe 4","Jl  Kebon Jati"
2023,"Jakarta Pusat","Tanah Abang","Karet Tengsin","TPS Abdul Jalil","Tipe 4","Jl  Abdul Jalil"
2023,"Jakarta Pusat","Tanah Abang","Karet Tengsin","TPS Karet Bivak","Tipe 4","Jl  KH  Mas Mansyur"
2023,"Jakarta Pusat","Tanah Abang","Kebon Kacang","TPS Kebon Kacang 9","Tipe 4","Jl  Kebon Kacang 9 Rw  03"
2023,"Jakarta Pusat","Tanah Abang","Kebon Kacang","TPS Kebon Kacang 8","Tipe 4","Jl  Kebon Kacang 8 Rw  02"
2023,"Jakarta Pusat","Tanah Abang","Kebon Melati","TPS Talang Betutu","Tipe 4","Jl  Talang Betutu"
2023,"Jakarta Selatan",Cilandak,"Perbatasan Kel  Cilandak Barat dan Kel  Lebak Bulus","TPS Balong","Tipe 4","Jl  Gunung Balong Kel  Lebak Bulus"
2023,"Jakarta Selatan",Cilandak,"Cilandak Barat","TPS Antasari","Tipe 4","Jl  Antasari Raya Kel  Cilandak Barat"
2023,"Jakarta Selatan",Cilandak,"Pondok Labu","TPS Jl  Bango","Tipe 4","Jl  Pinang Kalijati No  53  RT  11 RW  9  Pd  Labu  Kec  Cilandak"
2023,"Jakarta Selatan",Jagakarsa,"Srengseng Sawah","TPS Setu Babakan","Tipe 4","RW  08 Setu Babakan Kelurahan Srengseng Sawah"
2023,"Jakarta Selatan",Jagakarsa,"Srengseng Sawah","TPS LPS Batu","Tipe 4","Jl  Batu Kelurahan Srengseng Sawah"
2023,"Jakarta Selatan","Kebayoran Baru",Petogogan,"TPS Petogogan","Tipe 4","Jl  Pulo Raya V Rw 03 Kel  Petogogan"
2023,"Jakarta Selatan","Kebayoran Baru","Cipete Utara","TPS Damai","Tipe 4","Jl  Damai RAYA RT 12 02  Kel  Cipete Utara"
2023,"Jakarta Selatan","Kebayoran Baru",Senayan,"TPS Polda Metro Jaya","Tipe 4","Jl  Jendral Sudirman KAV  55 Kel  Senayan"
2023,"Jakarta Selatan","Kebayoran Baru",Gunung,"TPS Denpo","Tipe 4","Jl  Denpo V   RW  003  Kel  Gunung"
2023,"Jakarta Selatan","Kebayoran Baru",Senayan,"TPS Door to Door Komplek Menteri Widya Chandra","Tipe 4","Jl  Widya Chandra  Kel  Senayan"
2023,"Jakarta Selatan","Kebayoran Baru",Selong,"TPS Kampus Al Azhar","Tipe 4","Jl  Sisingamangaraja No  2  Kel  Selong"
2023,"Jakarta Selatan","Kebayoran Lama",Cipulir,"TPS Komp  Sekskoal","Tipe 4","TPS Komp  Seskoal Jl  Cileduk Raya"
2023,"Jakarta Selatan","Kebayoran Lama","Grogol Selatan","TPS RW  009 Gs","Tipe 4","TPS RW  009 Jl  Raya Simpruk 9"
2023,"Jakarta Selatan","Kebayoran Lama","Grogol Utara","TPS Komplek TVRI","Tipe 4","TPS Komplek TVRI Jl  Komplek TVRI"
2023,"Jakarta Selatan","Kebayoran Lama","Kebayoran Lama Utara","TPS Kebayoran Lama Belakang RW  01","Tipe 4","Pasar Kebayoran Lama Belakang RW  01 KLU Pinggir Jalan Titik 1 dan Titik 2 Bak Beton Ditengah tengah Pasar"
2023,"Jakarta Selatan","Kebayoran Lama","Kebayoran Lama Selatan","TPS Kostrad","Tipe 4","Jl  Darma Putra"
2023,"Jakarta Selatan","Kebayoran Lama","Kebayoran Lama Selatan","TPS Kodim","Tipe 4","Jl  Cendrawasih I Blok E No  50"
2023,"Jakarta Selatan","Kebayoran Lama","Pondok Pinang","TPS Carrefour Lebak bulus","Tipe 4","Carefour Jl  RA  Kartini"
2023,"Jakarta Selatan","Kebayoran Lama","Pondok Pinang","TPS Komplek PU","Tipe 4","TPS Komplek PU Jl  RA  Kartini No  9  RT  09 10"
2023,"Jakarta Selatan","Kebayoran Lama","Pondok Pinang","TPS Sespima","Tipe 4","PS Sespima"
2023,"Jakarta Selatan","Kebayoran Lama","Kebayoran Lama Utara","Pasar Kelapa","Tipe 4","Pasar Kelapa"
2023,"Jakarta Selatan","Kebayoran Lama","Grogol Utara","TPS RW  14 Grogol Utara","Tipe 4","RW  14 Grogol Utara"
2023,"Jakarta Selatan","Kebayoran Lama",Cipulir,"TPS RW  04 Cipulir","Tipe 4","RW  04 Cipulir"
2023,"Jakarta Selatan","Kebayoran Lama","Grogol Selatan","TPS Bata Putih","Tipe 4","Pool Gerobak Bata Putih Jl  Kramat Patal RW  02 Kel  Grogol Selatan"
2023,"Jakarta Selatan","Kebayoran Lama","Grogol Selatan","TPS Seha RW  010 Kel  Grogol Selatan","Tipe 4","RW  010 Kel  Grogol Selatan"
2023,"Jakarta Selatan","Kebayoran Lama","Kebayoran Lama Utara","TPS RW  003 Jl Toji","Tipe 4","RW  009 Jl Toji"
2023,"Jakarta Selatan","Kebayoran Lama","Grogol Utara","TPS RW  11 Kel Grogol Utara","Tipe 4","RW  11 Kel Grogol Utara"
2023,"Jakarta Selatan","Kebayoran Lama","Grogol Utara","TPS RW  8 Kel Grogol Utara","Tipe 4","RW  8 Kel Grogol Utara"
2023,"Jakarta Selatan","Kebayoran Lama","Kebayoran Lama Selatan","TPS Rw  11 Kel Kebayoran Lama Selatan","Tipe 4","RW  11 Kel  Kebayoran Lama Selatan"
2023,"Jakarta Selatan","Kebayoran Lama","Grogol Selatan","TPS KMC","Tipe 4","Pool Gerobak KMC Jl  Mesjid Nurul Yakin Gg  H  Sairi RW  12"
2023,"Jakarta Selatan","Mampang Prapatan",Bangka,"TPS Panin","Tipe 4","Jl  Kemang Selatan X RW  02 Kel  Bangka"
2023,"Jakarta Selatan","Mampang Prapatan","Mampang Prapatan","TPS Kratingdaeng","Tipe 4","Jl  Kapt  Tendean RW  02 Kel  Mampang Prapatan"
2023,"Jakarta Selatan","Mampang Prapatan","Mampang Prapatan","TPS Levin","Tipe 4","Jl  Kapt  Tendean RW  02 Kel  Mampang Prapatan"
2023,"Jakarta Selatan","Mampang Prapatan","Mampang Prapatan","TPS Al Falah","Tipe 4","Jl  Mampang Raya   Jl Mampang Prapatan I  RW  06 Kel  Mampang Prapatan"
2023,"Jakarta Selatan","Mampang Prapatan","Mampang Prapatan","TPS Gg  Jati","Tipe 4","Jl  Kapt  Tendean RW  01 Kel  Mampang Prapatan"
2023,"Jakarta Selatan","Mampang Prapatan","Pela Mampang","TPS Bangka I","Tipe 4","Jl  Kapt  Tendean RW  01 Kel  Pela Mampang"
2023,"Jakarta Selatan","Mampang Prapatan","Kuningan Barat","TPS Suharti","Tipe 4","Jl  Kapt  Tendean RW  05 Kel  Kuningan Barat"
2023,"Jakarta Selatan","Mampang Prapatan","Pela Mampang","TPS Bangka X","Tipe 4","Jl  Bangka X Ujung RW  07 Kel  Pela Mampang"
2023,"Jakarta Selatan","Mampang Prapatan","Kuningan Barat","TPS PLN","Tipe 4","Jl  Kapt  Tendean RW  01 Kel  Kuningan Barat"
2023,"Jakarta Selatan","Mampang Prapatan","Pela Mampang","TPS Pasar Kecil","Tipe 4","Jl  Bangka Raya RW  05 Kel  Pela Mampang"
2023,"Jakarta Selatan","Mampang Prapatan",Bangka,"TPS Pasar Buncit","Tipe 4","Jl  Kemang Utara IX RT  09 RW  04 Kel  Bangka"
2023,"Jakarta Selatan","Mampang Prapatan","Mampang Prapatan","TPS Pasar Mampang","Tipe 4","Jl Mampang Raya RT  05 RW  01 Kel  Mampang Prapatan"
2023,"Jakarta Selatan",Pancoran,Pancoran,"TPS MBAU","Tipe 4","Jl  Tiloka V No  1 Kel  Pancoran Kec  Pancoran"
2023,"Jakarta Selatan",Pancoran,Kalibata,"TPS Buncit 1","Tipe 4","JL Buncit Raya Titik Gerobak Puteran Tanjakan Janda"
2023,"Jakarta Selatan",Pancoran,Kalibata,"TPS Buncit 2","Tipe 4","Jl  Buncit Raya Titik Pulo Kalibata"
2023,"Jakarta Selatan",Pancoran,"Duren tiga","TPS Buncit 3","Tipe 4","Jl  Buncit Raya Titik Imigrasi"
2023,"Jakarta Selatan",Pancoran,"Duren Tiga","TPS Perguruan Cikini","Tipe 4","Jl  Duren Tiga Raya"
2023,"Jakarta Selatan","Pasar Minggu","Pejaten Barat","TPS Brimob","Tipe 4","RW  02 Asrama Brimob"
2023,"Jakarta Timur","Kramat Jati",Cawang,"TPS Dewi Sartika Gg  Tanjung Syanyang","Tipe 4","Jl  Dewi Sartika Gg  Tanjung Syanyang"
2023,"Jakarta Timur","Kramat Jati",Cawang,"TPS Mayor Jendral Sutoyo","Tipe 4","Jl  Mayjen  Sutoyo"
2023,"Jakarta Timur","Kramat Jati",Cililitan,"TPS Cililitan Besar","Tipe 4","Jl  Cililitan Besar"
2023,"Jakarta Timur","Kramat Jati",Cililitan,"TPS RW  012 Kel  Cililitan","Tipe 4","Komplek Rumah Dinas Kodam Jaya Cililitan"
2023,"Jakarta Timur","Kramat Jati","Kramat Jati","TPS Dato Tonggara RT  09 RW  11","Tipe 4","Jl  Dato Tonggara RT  09 RW  11"
2023,"Jakarta Timur","Kramat Jati","Kramat Jati","TPS Komplek Kodim RT  05 RW  02","Tipe 4","Komplek Kodim RT  05 RW  02"
2023,"Jakarta Timur","Kramat Jati","Kramat Jati","TPS Nussa RW  04","Tipe 4","Jl  Nusa RW  03"
2023,"Jakarta Timur","Kramat Jati","Kramat Jati","TPS RS  POLRI RT  06 RW  05","Tipe 4","Jl  RS  POLRI RT  06 RW  05"
2023,"Jakarta Timur","Kramat Jati","Kramat Jati","TPS RS POLRI RT  11 RW  04","Tipe 4","Jl  RS  POLRI RT  11 RW  04"
2023,"Jakarta Timur","Kramat Jati","Kramat Jati","TPS Nusa I RT  03 RW  05","Tipe 4","Jl  Nusa I RT  03 RW  05"
2023,"Jakarta Timur","Kramat Jati",Tengah,"TPS Komplek Zeni AD","Tipe 4","Komplek Zeni AD"
2023,"Jakarta Timur",Makasar,"Cipinang Melayu","TPS RW  04","Tipe 4","Jl  Inpeksi Tarum Barat"
2023,"Jakarta Timur",Makasar,"Cipinang Melayu","TPS RW  11","Tipe 4","Jl  Inpeksi Tarum Barat"
2023,"Jakarta Timur",Makasar,"Cipinang Melayu","TPS RW  12","Tipe 4","Jl  Harapan Indah"
2023,"Jakarta Timur",Makasar,"Cipinang Melayu","TPS RW  13","Tipe 4","Jl  Pangkalan Jati I"
2023,"Jakarta Timur",Makasar,"Cipinang Melayu","TPS RW  02","Tipe 4","Jl  Inpeksi Tarum Barat"
2023,"Jakarta Timur",Makasar,"Cipinang Melayu","TPS RW  01","Tipe 4","Jl  Taruna"
2023,"Jakarta Timur",Makasar,"Halim Perdana Kusuma","TPS RW  1","Tipe 4","Jl  Werkudoro"
2023,"Jakarta Timur",Makasar,"Halim Perdana Kusuma","TPS RW  14","Tipe 4","Jl  Kayatun"
2023,"Jakarta Timur",Makasar,"Halim Perdana Kusuma","TPS RW  11 Rajawali","Tipe 4","Jl  Rajawali Baru"
2023,"Jakarta Timur",Makasar,"Halim Perdana Kusuma","TPS RW  010 Halim PK  Pringgondani","Tipe 4","Jl  Raya Halim"
2023,"Jakarta Timur",Makasar,"Halim Perdana Kusuma","TPS RW  009 Halim PK  Griya Ardyagarini","Tipe 4","Jl  Jatayu"
2023,"Jakarta Timur",Makasar,"Kebon Pala","TPS RW  01 10 Kamboja","Tipe 4","Jl  Kamboja"
2023,"Jakarta Timur",Makasar,"Kebon Pala","TPS RW  04","Tipe 4","Jl  SD Inpres"
2023,"Jakarta Timur",Makasar,"Kebon Pala","TPS RW  07","Tipe 4","Jl  Mayjen Sutoyo"
2023,"Jakarta Timur",Makasar,"Kebon Pala","TPS RW  08","Tipe 4","Jl  Halim Perdana Kusumah"
2023,"Jakarta Timur",Makasar,"Kebon Pala","TPS RW  012 Kebon Pala","Tipe 4","Jl  Permata"
2023,"Jakarta Timur",Makasar,"Kebon Pala","TPS RW  03 SDI","Tipe 4","Jl  Udayana"
2023,"Jakarta Timur",Makasar,"Kebon Pala","TPS RW  03 Jembatan","Tipe 4","Jl  Udayana"
2023,"Jakarta Timur",Makasar,"Kebon Pala","TPS RW  03 Kebon Pala Pinggir Kali","Tipe 4","Gg  Siluman"
2023,"Jakarta Timur",Makasar,"Kebon Pala","TPS RW  05","Tipe 4","Jl  Usman Harun"
2023,"Jakarta Timur",Makasar,"Kebon Pala","TPS RW  05","Tipe 4","Jl  Permata"
2023,"Jakarta Timur",Makasar,"Kebon Pala","TPS RW  05 RT  01","Tipe 4","Jl  Usman Harun"
2023,"Jakarta Timur",Makasar,"Kebon Pala","TPS RW  05  Kantor BKKBN","Tipe 4","Jl  Halim Perdana Kusuma"
2023,"Jakarta Timur",Makasar,"Kebon Pala","TPS RW  05   PT  Transjakarta","Tipe 4","Jl  Permata"
2023,"Jakarta Timur",Makasar,"Kebon Pala","TPS RW  06 Kebon Pala  KEMHAN","Tipe 4","Jl  DI Panjaitan"
2023,"Jakarta Timur",Makasar,"Kebon Pala","TPS RW  06  Kementrian PU","Tipe 4","Jl  Cililitan RW  01 Kebon Pala"
2023,"Jakarta Timur",Makasar,"Kebon Pala","TPS RW  06  Kantor PAB Perum Jasa Tirta II","Tipe 4","Jl  Inspeksi Tarum Barat RW  06 Kebon Pala"
2023,"Jakarta Timur",Makasar,Makasar,"TPS RW  02 Pasar Embrio","Tipe 4","Jl  Kerja Bakti"
2023,"Jakarta Timur",Makasar,Makasar,"TPS RW  04 PPSU","Tipe 4","Jl  Wijaya Kusuma"
2023,"Jakarta Timur",Matraman,"Utan Kayu Selatan","TPS RW  04 05 Asem Gede","Tipe 4","Jl  Asem Gede I"
2023,"Jakarta Timur",Matraman,"Kebon Manggis","TPS RT  23 03 Berlan","Tipe 4","Jl  Berlan RT  23 03"
2023,"Jakarta Timur",Matraman,"Kebon Manggis","TPS RT  28 03 Berlan","Tipe 4","Jl  Kesatrian IV"
2023,"Jakarta Timur",Matraman,"Kebon Manggis","TPS RT  22 03 Berlan","Tipe 4","Jl  Kesatrian V"
2023,"Jakarta Timur",Matraman,"Kebon Manggis","TPS RT  15 03 Berlan","Tipe 4","Jl  Kesatrian V D Berlan"
2023,"Jakarta Timur",Matraman,"Kebon Manggis","TPS RT  19 20 RW  03","Tipe 4","Jl  Kesatrian V D"
2023,"Jakarta Timur",Matraman,"Kebon Manggis","TPS RT  25 03 Berlan","Tipe 4","Jl  Kesatrian 8 RT  25 03 Berlan"
2023,"Jakarta Timur",Matraman,"Kebon Manggis","TPS RT  21 Berlan","Tipe 4","Jl  Kesatrian VIII"
2023,"Jakarta Timur",Matraman,"Kebon Manggis","TPS RT  27 03 Berlan","Tipe 4","Jl  Kesatrian IX Berlan"
2023,"Jakarta Timur",Matraman,"Kebon Manggis","TPS RT  12 03 Berlan","Tipe 4","Jl  Kesatrian 10"
2023,"Jakarta Timur",Matraman,"Kebon Manggis","TPS PUSZIAD","Tipe 4","Jl  Kesatrian II"
2023,"Jakarta Timur",Matraman,"Kebon Manggis","TPS RT  18 03 Berlan","Tipe 4","Jl  Kesatrian VIII"
2023,"Jakarta Timur",Matraman,"Kebon Manggis","TPS RT  17 03 Berlan","Tipe 4","Jl  Kesatrian IX Berlan"
2023,"Jakarta Timur",Matraman,"Kebon Manggis","TPS RT  11 03 Berlan","Tipe 4","Jl  Kesatrian X Berlan"
2023,"Jakarta Timur",Matraman,"Kebon Manggis","TPS RT  14 10 RW  03 Berlan","Tipe 4","Jl  Kesatrian X Berlan"
2023,"Jakarta Timur","Pasar Rebo",Baru,"Yonkav Bawah Barak Kel  Baru","Tipe 4","Jl  Yonkav Rt 001 Rw 006 Kel  Baru"
2023,"Jakarta Timur","Pasar Rebo",Cijantung,"Komplek Bengrah Kel  Cijantung","Tipe 4","Jl  Bengrah Rw 08"
2023,"Jakarta Timur","Pasar Rebo",Cijantung,"Jl  Gongseng RW 01 Kel  Cijantung","Tipe 4","Jl  Karya Bakti III Rt 09 Rw 01"
2023,"Jakarta Timur","Pasar Rebo",Cijantung,"Gereja HKBP Kel  Cijantung","Tipe 4","Jl  Bengrah Rw  08"
2023,"Jakarta Timur","Pasar Rebo",Cijantung,"Jl  Pondok Baru Kel  Cijantung","Tipe 4","Jl  Pondok Baru Rw  11"
2023,"Jakarta Timur","Pasar Rebo",Gedong,"RS KESDAM Kel  Gedong","Tipe 4","Jl  Kesehatan Rw 06 Kel  Gedong"
2023,"Jakarta Timur","Pasar Rebo",Gedong,"SD 03 Kel  Gedong","Tipe 4","Jl Raya Condet Rw 03 Kel Gedong"
2023,"Jakarta Timur","Pasar Rebo",Gedong,"Jl  Raya Tengah Kel  Gedong","Tipe 4","Jl  Raya Tengah Rw 01 Kel  Gedong"
2023,"Jakarta Timur","Pasar Rebo",Gedong,"Jl  Trikora Kel  Gedong","Tipe 4","Jl Trikora Rw 09 Kel Gedong"
2023,"Jakarta Timur","Pasar Rebo",Kalisari,"Jl  Rahayu Kel  Kalisari","Tipe 4","Jl  Rahayu RW 03 Kel  Kalisari"
2023,"Jakarta Timur","Pasar Rebo",Kalisari,"Jl  Baret Biru Kel  Kalisari","Tipe 4","Jl  Baret Biru III Kel  Kalisari"
2023,"Jakarta Utara",Koja,Koja,"TPS Cipeucang","Tipe 4","Jl  Cipucang 1"
2023,"Jakarta Utara",Koja,"Tugu Selatan","TPS Eks BCA","Tipe 4","Jl  Plumpang Raya"
2023,"Jakarta Utara",Koja,"Tugu Selatan","TPS RW  07","Tipe 4","Jl  Plumpang Semper"
2023,"Jakarta Utara",Koja,"Tugu Selatan","TPS RW  04","Tipe 4","Jl  Plumpang Semper"
2023,"Jakarta Utara",Koja,"Tugu Selatan","TPS Logistik","Tipe 4","Jl  Bendungan Melayu No  09"
2023,"Jakarta Utara",Koja,"Rawa Badak Selatan","TPS RW  002 Rawa Badak Selatan","Tipe 4",null
2023,"Jakarta Utara",Koja,"Rawa Badak Selatan","TPS Koramil RW  02","Tipe 4","Jl  Koramil RW  02"
2023,"Jakarta Utara",Koja,"Rawa Badak Selatan","TPS Elnusa RW  05","Tipe 4","Jl  Plumpang Semper"
2023,"Jakarta Utara",Koja,"Rawa Badak Selatan","TPS Pasar Ular RW  05","Tipe 4",null
2023,"Jakarta Utara",Koja,"Rawa Badak Selatan","TPS Jl Alur Laut","Tipe 4","Jl  Alur Laut"
2023,"Jakarta Utara",Koja,"Rawa Badak Selatan","TPS Pasar Tradisional B Melayu","Tipe 4","Jl  Bendungan Melayu No  09"
2023,"Jakarta Utara",Koja,"Rawa Badak Utara","TPS RW  014 Sindang Terusan","Tipe 4","Jl  Sindang Terusan"
2023,"Jakarta Utara",Koja,"Rawa Badak Utara","TPS RW  013 Sindang Terusan","Tipe 4","Jl  Sindang Terusan"
2023,"Jakarta Utara",Koja,"Rawa Badak Utara","TPS RW  012 Sindang Terusan","Tipe 4","Jl  Sindang Terusan"
2023,"Jakarta Utara",Koja,"Rawa Badak Utara","TPS 4 RW  14","Tipe 4","Jl  Berdikari"
2023,"Jakarta Utara",Koja,"Rawa Badak Utara","TPS 3 RW  14","Tipe 4","Jl  Berdikari"
2023,"Jakarta Utara",Koja,"Rawa Badak Utara","TPS 2 RW  14","Tipe 4","Jl  Berdikari"
2023,"Jakarta Utara",Koja,"Rawa Badak Utara","TPS 1 RW  14","Tipe 4","Jl  Berdikari"
2023,"Jakarta Utara",Koja,"Rawa Badak Utara","TPS Polres RW  12","Tipe 4","Jl  Yos Sudarso"
2023,"Jakarta Utara",Koja,"Tugu Utara","TPS Jalan bhayangkara RW  001","Tipe 4","Jl  Bhayangkara"
2023,"Jakarta Utara",Koja,"Tugu Utara","TPS RW  01 Bhayangkara","Tipe 4","Jl  Bhayangkara"
2023,"Jakarta Utara",Koja,"Tugu Utara","TPS Lintas Kramat Jaya","Tipe 4","Jl  Kramat Jaya"
2023,"Jakarta Utara",Koja,"Tugu Utara","TPS Lintas Kramat Jaya RW  017","Tipe 4","Jl  Kramat Jaya"
2023,"Jakarta Utara",Koja,"Tugu Utara","TPS Lintas RT  01 RW  013","Tipe 4","Jl  H  Darpri"
2023,"Jakarta Utara",Koja,"Tugu Utara","TPS Lintas RT  02 RW  013","Tipe 4","Jl  H  Darpri"
2023,"Jakarta Utara",Koja,"Tugu Utara","TPS Lintas Simpang 5 RW  09","Tipe 4",Semper
2023,"Jakarta Utara",Koja,"Tugu Utara","TPS RW  02","Tipe 4","Perumahan Ancol Al Bahar"
2023,"Jakarta Utara",Koja,"Tugu Utara","TPS RW  09 Tugu Utara","Tipe 4","Jl  Melati 7"
2023,"Jakarta Utara",Koja,"Tugu Utara","TPS Lintas RW  15","Tipe 4","Jl  Walang Baru"
2023,"Jakarta Utara",Koja,"Tugu Utara","TPS RW  12","Tipe 4","Jl  Walang Baru"
2023,"Jakarta Utara",Koja,"Tugu Utara","TPS RW  13","Tipe 4","Jl  H  Darpri"
2023,"Jakarta Utara",Koja,"Tugu Utara","TPS Lintas RW  07","Tipe 4",null
2023,"Jakarta Utara",Koja,"Tugu Utara","TPS Komp UKA RW  008","Tipe 4","Jl  Komp UKA"
2023,"Jakarta Utara",Koja,"Tugu Utara","TPS RW  006","Tipe 4","Jl  Mawar"
2023,"Jakarta Utara",Koja,"Tugu Utara","TPS RW  011","Tipe 4","Jl  Lontar Dalam"
2023,"Jakarta Utara",Koja,"Tugu Utara","TPS Pasar Lontar","Tipe 4","Jl  Lontar Dalam"
2023,"Jakarta Utara",Koja,"Tugu Utara","TPS Pasar Tugu","Tipe 4","Jl  Lontar Dalam"
2023,"Jakarta Utara",Koja,"Tugu Utara","TPS Pasar Koja","Tipe 4","Jl  Lontar Dalam"
2023,"Jakarta Utara",Koja,Lagoa,"TPS RW  12","Tipe 4","Jl  Muncang"
2023,"Jakarta Utara",Koja,Lagoa,"TPS RW  02  amp  RW  04","Tipe 4","Jl  Inspeksi Kali Kresek"
2023,"Jakarta Utara",Koja,Lagoa,"TPS Gang 4 RW  016","Tipe 4","Jl  Kramat Jaya"
2023,"Jakarta Utara",Koja,Lagoa,"TPS RW  001","Tipe 4","Jl  Raya Cilincing"
2023,"Jakarta Utara",Koja,Lagoa,"TPS RW  011 Pasar Maja","Tipe 4","Jl  Maja No  22 RT  1 11"
2023,"Jakarta Utara",Koja,Lagoa,"TPS Pasar Waru","Tipe 4","Jl  Raya Cilincing 71 RT  2 1"
2023,"Jakarta Utara",Koja,Lagoa,"TPS Pasar Sinar","Tipe 4","Jl  Lagoa 4A 10 RT  8 4"
2024,"Kota Adm. Jakarta Barat",Cengkareng,"Cengkareng Barat","TPS RW  5 Cengkareng  Bambu Larangan","Tipe 1","Jl  Bina Serasih III"
2024,"Kota Adm. Jakarta Barat",Cengkareng,"Cengkareng Barat","TPS RW  7","Tipe 1","Jl  Cendrawasih X No  8"
2024,"Kota Adm. Jakarta Barat",Cengkareng,"Cengkareng Barat","TPS RW  15","Tipe 1","Jl  Taman Palem Lestari"
2024,"Kota Adm. Jakarta Barat",Cengkareng,"Cengkareng Timur","TPS RW  14","Tipe 1","Jl  Rawa Kedaung"
2024,"Kota Adm. Jakarta Barat",Cengkareng,"Duri Kosambi","TPS RW  10","Tipe 1","Jl  Mawar Utama RW  010"
2024,"Kota Adm. Jakarta Barat",Cengkareng,"Duri Kosambi","TPS RW  9","Tipe 1","Jl  Angsana RW  09"
2024,"Kota Adm. Jakarta Barat",Cengkareng,"Duri Kosambi","TPS RW  2","Tipe 1","Jl  Pondok Randu RW  02"
2024,"Kota Adm. Jakarta Barat",Cengkareng,"Rawa Buaya","TPS RW  1","Tipe 1","Jl  Darma Wanita 1 RW  01"
2024,"Kota Adm. Jakarta Barat",Cengkareng,"Rawa Buaya","TPS RW  10","Tipe 1","Jl  Carina Sayang"
2024,"Kota Adm. Jakarta Barat",Cengkareng,"Cengkareng Barat","TPS RW  10","Tipe 4","Flamboyan Raya"
2024,"Kota Adm. Jakarta Barat",Cengkareng,"Cengkareng Barat","TPS RW  11","Tipe 4","Komplek KFT"
2024,"Kota Adm. Jakarta Barat",Cengkareng,"Cengkareng Timur","TPS RW  03","Tipe 4","Jl  Nusa Indah Timur"
2024,"Kota Adm. Jakarta Barat",Cengkareng,"Cengkareng Timur","TPS RW  10","Tipe 4","Jl  Gunung Galunggung"
2024,"Kota Adm. Jakarta Barat",Cengkareng,"Cengkareng Timur","TPS RW  11","Tipe 4","Jl  Kayu besar dalam"
2024,"Kota Adm. Jakarta Barat",Cengkareng,"Duri Kosambi","TPS RW  09","Tipe 4","Jl  Sikas Selatan"
2024,"Kota Adm. Jakarta Barat",Cengkareng,Kapuk,"TPS RW  01","Tipe 4","Jl  Kapuk Raya"
2024,"Kota Adm. Jakarta Barat",Cengkareng,Kapuk,"TPS RW  04","Tipe 4","Jl  Kapuk Raya"
2024,"Kota Adm. Jakarta Barat",Cengkareng,Kapuk,"TPS RW  06","Tipe 4","Jl  Pedongkelan"
2024,"Kota Adm. Jakarta Barat",Cengkareng,"Rawa Buaya","TPS RW  04","Tipe 4","Jl  Bojong Raya 3"
2024,"Kota Adm. Jakarta Barat",Cengkareng,"Kedaung Kali Angke","TPS RW  02","Tipe 4","Jl  Pulo Nangka 2"
2024,"Kota Adm. Jakarta Barat",Cengkareng,"Kedaung Kali Angke","TPS RW  03","Tipe 4","Jl  Departemen Agama"
2024,"Kota Adm. Jakarta Barat","Grogol Petamburan","Tanjung Duren Utara","TPS RW  03","Tipe 1","RT  09   RW  03 Tanjung Duren Utara"
2024,"Kota Adm. Jakarta Barat","Grogol Petamburan","Tanjung Duren Utara","TPS RW  07","Tipe 1","Jl  Tanjung Duren Utara RW  007"
2024,"Kota Adm. Jakarta Barat","Grogol Petamburan","Tanjung Duren Selatan","TPS RW  02","Tipe 1","Jl  Arjuna RW  02 Tanjung Duren Selatan"
2024,"Kota Adm. Jakarta Barat",Tambora,Angke,"TPS Pasar Ayam RW  01","Tipe 4","Pasar Ayam RW  01"
2024,"Kota Adm. Jakarta Barat",Tambora,"Duri selatan","TPS Duri Selatan 7 RW  06","Tipe 4","Jl  Duri Selatan 7 RW  06"
2024,"Kota Adm. Jakarta Barat",Tambora,"Duri selatan","TPS Duri Selatan RW  01","Tipe 4","Jl  KH  Moh  Mansyur"
2024,"Kota Adm. Jakarta Barat",Tambora,"Duri selatan","TPS Duri Raya RW  04","Tipe 4","Jl  Duri Raya RW  04"
2024,"Kota Adm. Jakarta Barat",Tambora,"Jembatan Besi","TPS Jembatan Besi RW  05 Segitiga Velbak","Tipe 4","Jl  Jembatan Besi RW  05 Segitiga Velbak"
2024,"Kota Adm. Jakarta Barat",Tambora,"Jembatan Besi","TPS Duri Bangkit RW  07","Tipe 4","Jl  Duri Bangkit RW  07"
2024,"Kota Adm. Jakarta Barat",Tambora,"Jembatan Besi","TPS Kali Item RW  01","Tipe 4","Kali Item RW  01"
2024,"Kota Adm. Jakarta Barat",Tambora,"Jembatan Besi","TPS Kali Item RW  02","Tipe 4","Kali Item RW  02"
2024,"Kota Adm. Jakarta Barat",Tambora,"Jembatan Besi","TPS Pasar Jembatan Besi","Tipe 4","Psr  Jembatan Besi"
2024,"Kota Adm. Jakarta Barat",Tambora,"Jembatan Lima","TPS Gudang Bandung","Tipe 4","Jl  Gudang Bandung RW  07"
2024,"Kota Adm. Jakarta Barat",Tambora,"Jembatan Lima","TPS Pasar Mitra","Tipe 4","Pasar Mitra"
2024,"Kota Adm. Jakarta Barat",Tambora,"Jembatan Lima","TPS Pasar Buah","Tipe 4","Pasar Buah"
2024,"Kota Adm. Jakarta Barat",Tambora,Kalianyar,"TPS BKB Kalianyar","Tipe 4","TPS BKB Kalianyar"
2024,"Kota Adm. Jakarta Barat",Tambora,Pekojan,"TPS Pekojan","Tipe 4","Jl  Pejagalan Raya RW  10"
2024,"Kota Adm. Jakarta Barat",Tambora,"Roa Malaka","TPS Jl  Kopi","Tipe 4","Jl  Kopi   Tiang Bendera"
2024,"Kota Adm. Jakarta Barat",Tambora,"Roa Malaka","TPS Pasar Pagi   Kolong","Tipe 4","Jl  Perniagaan Barat RW  01 Pasar Pagi"
2024,"Kota Adm. Jakarta Barat",Tambora,Tambora,"TPS RW  01 07","Tipe 4","Jalan Tambora VIII"
2024,"Kota Adm. Jakarta Barat",Tambora,Tambora,"TPS Pasar Perniagaan","Tipe 4","Pasar Perniagaan"
2024,"Kota Adm. Jakarta Barat",Tambora,"Duri Utara","TPS Duri Utara","Tipe 1","Jl  Duri Utara III RW  02"
2024,"Kota Adm. Jakarta Barat",Tambora,"Tanah Sereal","TPS Hanura","Tipe 1","Jl  Hanura Raya RW  015"
2024,"Kota Adm. Jakarta Pusat","Cempaka Putih","Cempaka Putih Timur","DIPO Rawa Kerbo","Tipe 1","Jl  Rawasari Sel"
2024,"Kota Adm. Jakarta Pusat","Cempaka Putih","Cempaka Putih Barat","Cempaka Putih Barat 2","Tipe 4","Jl  Cempaka Putih Barat 2"
2024,"Kota Adm. Jakarta Pusat","Cempaka Putih","Cempaka Putih Barat","Mardani Raya","Tipe 4","Jl  Mardani Raya"
2024,"Kota Adm. Jakarta Pusat","Cempaka Putih","Cempaka Putih Timur","Cempaka Putih Timur 04","Tipe 4","Jl  Cempaka Putih Timur"
2024,"Kota Adm. Jakarta Pusat","Cempaka Putih","Cempaka Putih Timur","Cempaka Putih Tengah 31","Tipe 4","Jl  Cempaka Putih Tengah 31"
2024,"Kota Adm. Jakarta Pusat","Cempaka Putih","Cempaka Putih Timur","TPS 3R Rawasari","TPS 3R","Komplek Perkantoran Rawa Kerbau"
2024,"Kota Adm. Jakarta Pusat","Cempaka Putih",Rawasari,"Percetakan Negara 9","Tipe 4","Jl  Percetakan Negara IX"
2024,"Kota Adm. Jakarta Pusat","Cempaka Putih",Rawasari,"Taman Pramuka","Tipe 4","Jl  Percetakan Negara 5"
2024,"Kota Adm. Jakarta Pusat","Cempaka Putih",Rawasari,"Pramuka Jaya Sari","Tipe 4","Jl  Pramuka Jaya Sari"
2024,"Kota Adm. Jakarta Pusat","Cempaka Putih","Cempaka Putih Timur","TPS MA  Mahkamah Agung","Tipe 4","Jl  Cempaka Putih Timur 25"
2024,"Kota Adm. Jakarta Pusat",Gambir,Cideng,"TPS Tanjung Selor","Tipe 1","Jl  Tanjung Selor"
2024,"Kota Adm. Jakarta Pusat",Gambir,Cideng,"TPS Asrama Polisi RW  09","Tipe 4","Jl  Cideng Barat"
2024,"Kota Adm. Jakarta Pusat",Gambir,Cideng,"TPS Dinas Teknis","Tipe 4","Jl  Jati Baru"
2024,"Kota Adm. Jakarta Pusat",Gambir,"Duri Pulo","TPS RW  07 DAN 08","Tipe 3","Jl  Subur Baru"
2024,"Kota Adm. Jakarta Pusat",Gambir,"Duri Pulo","TPS RW  012","Tipe 4","Jl  Setia Kawan RT  01"
2024,"Kota Adm. Jakarta Pusat",Gambir,"Duri Pulo","TPS RW  09","Tipe 4","Jl  Setia Kawan Ujung RT  03"
2024,"Kota Adm. Jakarta Pusat",Gambir,"Duri Pulo","TPS 3R Ketapang","TPS 3R","Jl  KH  Zainul Arifin No  67"
2024,"Kota Adm. Jakarta Pusat",Gambir,Gambir,"TPS Kementerian Pertahanan","Tipe 1","Jl  Tanah Abang Timur"
2024,"Kota Adm. Jakarta Pusat",Gambir,Gambir,"TPS Kantor Walikota","Tipe 2","Jl  Tanah Abang 1"
2024,"Kota Adm. Jakarta Pusat",Gambir,Gambir,"TPS Kementerian Perdagangan","Tipe 2","Jl  Ridwan Rais"
2024,"Kota Adm. Jakarta Pusat",Gambir,Gambir,"TPS LEMHANAS","Tipe 2","Jl  Kebon Sirih Raya"
2024,"Kota Adm. Jakarta Pusat",Gambir,Gambir,"TPS Stasiun Gambir","Tipe 2","Jl  Medan Merdeka Timur"
2024,"Kota Adm. Jakarta Pusat",Gambir,Gambir,"TPS Kantor DPRD","Tipe 3","Jl  Kebon Sirih Raya"
2024,"Kota Adm. Jakarta Pusat",Gambir,Gambir,"TPS Jl  Batu","Tipe 4","Jl  Batu"
2024,"Kota Adm. Jakarta Pusat",Gambir,Gambir,"TPS Jl  Pejambon","Tipe 4","Jl  Pejambon"
2024,"Kota Adm. Jakarta Pusat",Gambir,Gambir,"TPS Lenggang Jakarta","Tipe 4","Taman Monas"
2024,"Kota Adm. Jakarta Pusat",Gambir,Gambir,"TPS Monas","Tipe 4",Monas
2024,"Kota Adm. Jakarta Pusat",Gambir,Gambir,"TPS RW  04","Tipe 4","Jl  Gambir Buntu"
2024,"Kota Adm. Jakarta Pusat",Gambir,Gambir,"TPS KEMENKOMINFO","Tipe 4","Jl  Abdul Muis"
2024,"Kota Adm. Jakarta Pusat",Gambir,Gambir,"TPS Perhubungan","Tipe 4","Jl  Abdul Muis"
2024,"Kota Adm. Jakarta Pusat",Gambir,Gambir,"TPS RS   Budi Kemuliaan","Tipe 4","Jl  Budi Kemuliaan"
2024,"Kota Adm. Jakarta Pusat",Gambir,Gambir,"TPS Sekretaris Negara","Tipe 4","Jl  Medan Merdeka Utara"
2024,"Kota Adm. Jakarta Pusat",Gambir,"Kebon Kelapa","TPS Kebon Kelapa","Tipe 1","Jl  Pintu Air 2"
2024,"Kota Adm. Jakarta Pusat",Gambir,"Kebon Kelapa","TPS Sukarjo Wiryopranoto","Tipe 4","Jl  Sukarjo Wiryopranoto"
2024,"Kota Adm. Jakarta Pusat",Gambir,"Petojo Selatan","TPS Jl  Tanah Abang I","Tipe 1","Jl  Tanah Abang I"
2024,"Kota Adm. Jakarta Pusat",Gambir,"Petojo Selatan","TPS PASPAMPRES","Tipe 2","Jl  Tanah Abang 2"
2024,"Kota Adm. Jakarta Pusat",Gambir,"Petojo Selatan","TPS Pasar Thomas","Tipe 3","Jl  Tanah Abang V"
2024,"Kota Adm. Jakarta Pusat",Gambir,"Petojo Selatan","TPS Jatibaru","Tipe 4","Jl  Jatibaru"
2024,"Kota Adm. Jakarta Pusat",Gambir,"Petojo Selatan","TPS Tanah Abang 3","Tipe 4","Jl  Tanah Abang 3"
2024,"Kota Adm. Jakarta Pusat",Gambir,"Petojo Utara","TPS Pasar Petojo Ilir","Tipe 2","Jl  Petojo Ilir"
2024,"Kota Adm. Jakarta Pusat",Gambir,"Petojo Utara","TPS RW  07 DAN 08","Tipe 4","Jl  Binatu 1"
2024,"Kota Adm. Jakarta Pusat","Johar Baru",Galur,"TPS Gembrong","Tipe 4","Jl  Rawa Selatan I"
2024,"Kota Adm. Jakarta Pusat","Johar Baru","Johar Baru","TPS Johar Baru","Tipe 1","Jl  Johar Baru Utara 1"
2024,"Kota Adm. Jakarta Pusat","Johar Baru","Tanah Tinggi","TPS Kota Paris","Tipe 4","Jl  Pulogundul"
2024,"Kota Adm. Jakarta Pusat",Kemayoran,"Gunung Sahari Selatan","TPS Kran","Tipe 1","Jl  Kran Raya"
2024,"Kota Adm. Jakarta Pusat",Kemayoran,"Gunung Sahari Selatan","TPS Golden","Tipe 2","Jl  Bungur Besar Raya"
2024,"Kota Adm. Jakarta Pusat",Kemayoran,"Gunung Sahari Selatan","TPS ARMABAR","Tipe 2","Jl  Bungur Besar Raya"
2024,"Kota Adm. Jakarta Pusat",Kemayoran,"Kebon Kosong","TPS RT  10 RW  06 Kebon Kosong","Tipe 2","Jl  Swadaya"
2024,"Kota Adm. Jakarta Pusat",Kemayoran,"Kebon Kosong","TPS APRON","Tipe 2","Jl  Angkasa Raya"
2024,"Kota Adm. Jakarta Pusat",Kemayoran,"Utan Panjang","TPS Pasar Kemayoran","Tipe 2","Jl  D  Utan Panjang"
2024,"Kota Adm. Jakarta Pusat",Kemayoran,"Cempaka Baru","TPS Jl  PAM RW  08","Tipe 4","Jl  Pam RW  08 Cempaka Baru"
2024,"Kota Adm. Jakarta Pusat",Kemayoran,"Cempaka Baru","TPS RW  05 Cempaka Baru","Tipe 4","Jl  Sumur Batu Raya"
2024,"Kota Adm. Jakarta Pusat",Kemayoran,"Cempaka Baru","TPS RW  06 Kel  Cempaka Baru","Tipe 4","Jl  Cempaka Baru Tengah"
2024,"Kota Adm. Jakarta Pusat",Kemayoran,"Cempaka Baru","TPS RW  07 Kel  Cempaka Baru","Tipe 4","Jl  Cempaka Baru III"
2024,"Kota Adm. Jakarta Pusat",Kemayoran,"Cempaka Baru","TPS Jl  Sudiro","Tipe 4","Jl  Sudiro"
2024,"Kota Adm. Jakarta Pusat",Kemayoran,"Cempaka Baru","TPS RW  02 Cempaka Baru","Tipe 4","Jl  Letjend Suprapto"
2024,"Kota Adm. Jakarta Pusat",Kemayoran,"Gunung Sahari Selatan","TPS Jl  Bangau","Tipe 4","Jl  Bangau II"
2024,"Kota Adm. Jakarta Pusat",Kemayoran,"Kebon Kosong","TPS 3R Dakota","Tipe 1","Jl  Dakota Raya"
2024,"Kota Adm. Jakarta Pusat",Kemayoran,Kemayoran,"TPS Jl  Kepu Selatan","Tipe 4","Jl  Kepu Selatan RW  03"
2024,"Kota Adm. Jakarta Pusat",Kemayoran,Kemayoran,"TPS Jl  Benda","Tipe 4","Jl  Benda Timur"
2024,"Kota Adm. Jakarta Pusat",Kemayoran,Kemayoran,"TPS Jl  Kepu Timur","Tipe 4","Jl  Kepu Timur"
2024,"Kota Adm. Jakarta Pusat",Kemayoran,"Sumur Batu","TPS RW  02 Pirus","Tipe 4","Jl  Mutiara"
2024,"Kota Adm. Jakarta Pusat",Kemayoran,"Sumur Batu","TPS Zamrud","Tipe 4","Jl  Zamrud Raya"
2024,"Kota Adm. Jakarta Pusat",Kemayoran,"Sumur Batu","TPS Jl  Berlian","Tipe 4","Jl  Berlian Raya"
2024,"Kota Adm. Jakarta Pusat",Kemayoran,"Sumur Batu","TPS Jl  KODAM","Tipe 4","Jl  Kodam Raya"
2024,"Kota Adm. Jakarta Pusat",Kemayoran,"Utan Panjang","TPS Ardala  Gembreng","Tipe 4","Jl  Utan Panjang Timur RW  02"
2024,"Kota Adm. Jakarta Pusat",Kemayoran,"Harapan Mulya","TPS Pasar Cempaka Sari","Tipe 4","Jl  Cempaka Sari III"
2024,"Kota Adm. Jakarta Pusat",Kemayoran,"Kebon Kosong","TPS Gempol","Tipe 4","Jl  Kemayoran Gempol"
2024,"Kota Adm. Jakarta Pusat",Kemayoran,"Kebon Kosong","TPS Kemayoran Gempol","Tipe 4","Jl  Kemayoran Gempol"
2024,"Kota Adm. Jakarta Pusat",Kemayoran,Serdang,"TPS Pasar Serdang","Tipe 4","Jl  Serdang III"
2024,"Kota Adm. Jakarta Pusat",Kemayoran,"Sumur Batu","TPS Pasar Sumur Batu","Tipe 4","Jl  Sumur Batu Raya"
2024,"Kota Adm. Jakarta Pusat",Menteng,Cikini,"TPS RW  03 Cikini","Tipe 4","Jl  Raden Saleh II"
2024,"Kota Adm. Jakarta Pusat",Menteng,Cikini,"TPS SMP Negeri 1","Tipe 4","Jl  Cikini Raya"
2024,"Kota Adm. Jakarta Pusat",Menteng,Menteng,"TPS RW  10 Menteng Tenggulun","Tipe 4","Jl  Menteng Tenggulun RT 008   RW 010"
2024,"Kota Adm. Jakarta Pusat",Menteng,Pegangsaan,"TPS Kimia","Tipe 4","Jl  Letjend Suprapto"
2024,"Kota Adm. Jakarta Pusat",Menteng,Pegangsaan,"TPS Matraman","Tipe 1","Jl  Matraman Dalam 1"
2024,"Kota Adm. Jakarta Pusat",Menteng,Cikini,"TPS TIM","Tipe 2","Jl  Cikini Raya"
2024,"Kota Adm. Jakarta Pusat",Menteng,Menteng,"TPS RW  01 Menteng Tenggulun","Tipe 2","Jl  Menteng Tenggulun"
2024,"Kota Adm. Jakarta Pusat",Menteng,Pegangsaan,"TPS RW 01","Tipe 2","Jl  Cikini Kramat"
2024,"Kota Adm. Jakarta Pusat",Menteng,Cikini,"TPS Cut Mutia","Tipe 4","Jl  Cut Mutia"
2024,"Kota Adm. Jakarta Pusat",Menteng,Menteng,"TPS Latuharhary","Tipe 4","Jl  Latuharhary"
2024,"Kota Adm. Jakarta Pusat",Menteng,Menteng,"TPS Anyer","Tipe 4","Jl  Anyer 15"
2024,"Kota Adm. Jakarta Pusat",Menteng,Menteng,"TPS Blora","Tipe 4","Jl  Blora"
2024,"Kota Adm. Jakarta Pusat","Sawah Besar","Gunung Sahari Utara","TPS Gunung Sahari Utara","Tipe 1","Jl  Gunung Sahari 7A"
2024,"Kota Adm. Jakarta Pusat","Sawah Besar",Kartini,"TPS Kartini Tengah","Tipe 4","Jl  Kartini Raya"
2024,"Kota Adm. Jakarta Pusat","Sawah Besar",Kartini,"TPS Kartini Ujung","Tipe 4","Jl  Kartini Raya"
2024,"Kota Adm. Jakarta Pusat","Sawah Besar","Mangga Dua Selatan","TPS Pangeran Jayakarta Dalam","Tipe 4","Jl  Pangeran Jayakarta Dalam"
2024,"Kota Adm. Jakarta Pusat","Sawah Besar","Mangga Dua Selatan","TPS Mangga Dua Selatan RW  06","Tipe 4","Jl  Gatep"
2024,"Kota Adm. Jakarta Barat","Grogol Petamburan",Grogol,"TPS MAKALIWE","Tipe 1","Jl  Makaliwe RW  007 Kel  Grogol"
2024,"Kota Adm. Jakarta Barat","Grogol Petamburan","Wijaya Kusuma","TPS INDRALOKA","Tipe 1","Jl  Indraloka RT  001   RW  006"
2024,"Kota Adm. Jakarta Barat","Grogol Petamburan",Jelambar,"TPS Kembar","Tipe 3","Jl  Jelambar No  11"
2024,"Kota Adm. Jakarta Barat","Grogol Petamburan","Tanjung Duren Selatan","TPS RW  05","Tipe 4","Loksem Pasar Kopro"
2024,"Kota Adm. Jakarta Barat","Grogol Petamburan","Tanjung Duren Utara","TPS Joker","Tipe 4","Jl  Jelambar Utama Sakti VIII"
2024,"Kota Adm. Jakarta Barat","Grogol Petamburan","Wijaya Kusuma","TPS RW  01","Tipe 4","Jl  Wijaya Kusuma II RW  01"
2024,"Kota Adm. Jakarta Barat","Grogol Petamburan","Wijaya Kusuma","TPS RW  02","Tipe 4","Jl  Tawakal Raya RW  009"
2024,"Kota Adm. Jakarta Barat","Grogol Petamburan","Wijaya Kusuma","TPS RW  08  amp  03","Tipe 4","Jl  Tawakal Ujung"
2024,"Kota Adm. Jakarta Barat","Grogol Petamburan","Wijaya Kusuma","TPS RW  04","Tipe 4","Jl  Wijaya Kusuma I"
2024,"Kota Adm. Jakarta Barat","Grogol Petamburan","Wijaya Kusuma","TPS RW  07","Tipe 4","Jl  Jelambar Utama Sakti VIII"
2024,"Kota Adm. Jakarta Barat","Grogol Petamburan","Wijaya Kusuma","TPS RW  09","Tipe 4","Jl  Prof Latumenten RW  09"
2024,"Kota Adm. Jakarta Barat","Grogol Petamburan",Tomang,"TPS RW  07","Tipe 4","Jl  Tawakal Raya RW  007"
2024,"Kota Adm. Jakarta Barat","Grogol Petamburan",Tomang,"TPS RW  09","Tipe 4","Jl  Tawakal Ujung RW  09"
2024,"Kota Adm. Jakarta Barat","Grogol Petamburan",Tomang,"TPS RW  08","Tipe 4","Jl  Jelambar Utara 15"
2024,"Kota Adm. Jakarta Barat","Grogol Petamburan",Jelambar,"TPS RW  01","Tipe 4","Jl  Jelambar Selatan No  25"
2024,"Kota Adm. Jakarta Barat","Grogol Petamburan",Jelambar,"TPS RW  03","Tipe 4","Jl  Jelambar RW  03"
2024,"Kota Adm. Jakarta Barat","Grogol Petamburan",Jelambar,"TPS RW  05","Tipe 4","Jl  Jelambar Utara RW  05"
2024,"Kota Adm. Jakarta Barat","Grogol Petamburan",Jelambar,"TPS RW  010","Tipe 4","Jl  Penerangan II RW  10"
2024,"Kota Adm. Jakarta Barat","Grogol Petamburan",Jelambar,"TPS RW  04","Tipe 4","Jl  Prof Latumenten II RW  04"
2024,"Kota Adm. Jakarta Barat","Grogol Petamburan",Jelambar,"TPS RW  11","Tipe 4","Jl  Taman Madya V RW  11"
2024,"Kota Adm. Jakarta Barat","Grogol Petamburan","Jelambar Baru","TPS UCI RW  05   07","Tipe 4","Jl  Latumenten 3"
2024,"Kota Adm. Jakarta Barat","Grogol Petamburan","Jelambar Baru","TPS RW  02","Tipe 4","Jl  Wijaya No  11 RW  02"
2024,"Kota Adm. Jakarta Barat","Grogol Petamburan","Jelambar Baru","TPS PAKUWON RW  09","Tipe 4","Jl  Jelambar Selatan No  25"
2024,"Kota Adm. Jakarta Barat","Grogol Petamburan","Jelambar Baru","TPS DUTAMAS RW  11 12","Tipe 4","Jl  Wijaya No  15 Taman Duta Mas RW  11"
2024,"Kota Adm. Jakarta Barat",Kalideres,Kamal,"TPS RW  10","Tipe 1","Jl  Perumahan Citra 5"
2024,"Kota Adm. Jakarta Barat",Kalideres,"Tegal Alur","TPS RW  04  Menceng","Tipe 1","Komplek Kebersihan Tegal Alur"
2024,"Kota Adm. Jakarta Barat",Kalideres,"Tegal Alur","TPS RW  11","Tipe 1","Jl  Pelopor II Tegal Alur"
2024,"Kota Adm. Jakarta Barat",Kalideres,Pegadungan,"TPS RW  01","Tipe 1","Jl  Bulak Sereh"
2024,"Kota Adm. Jakarta Barat",Kalideres,Pegadungan,"TPS RW  09","Tipe 1","Jl  Bambu Larangan"
2024,"Kota Adm. Jakarta Barat",Kalideres,Kalideres,"TPS RW  09 10","Tipe 1","Jl  Rawa Lele"
2024,"Kota Adm. Jakarta Barat",Kalideres,Kalideres,"TPS RW  15","Tipe 2","Perumahan Citra 1"
2024,"Kota Adm. Jakarta Barat",Kalideres,Kalideres,"TPS RW  16","Tipe 2","Perumahan Citra 1"
2024,"Kota Adm. Jakarta Barat",Kalideres,Semanan,"TPS RW  11","Tipe 1","Jl  Aseni"
2024,"Kota Adm. Jakarta Barat",Kalideres,Kamal,"TPS RW  05","Tipe 4","Jl  Sahabat Kebun 200"
2024,"Kota Adm. Jakarta Barat",Kalideres,"Tegal Alur","TPS RW  01","Tipe 4","Jl  Kapuk Kamal Rawamelati"
2024,"Kota Adm. Jakarta Barat",Kalideres,"Tegal Alur","TPS RW  02","Tipe 4","Jl  Bakti Mulya 2"
2024,"Kota Adm. Jakarta Barat",Kalideres,"Tegal Alur","TPS RW  03","Tipe 4","Jl  Lingkungan III Raya"
2024,"Kota Adm. Jakarta Barat",Kalideres,"Tegal Alur","TPS RW  07","Tipe 4","Jl  Sukatani Raya Pasar Binaan"
2024,"Kota Adm. Jakarta Barat",Kalideres,"Tegal Alur","TPS RW  08","Tipe 4","Jl Kapuk Kamal Kayu Besar"
2024,"Kota Adm. Jakarta Barat",Kalideres,"Tegal Alur","TPS RW  14","Tipe 4","Perum Taman Kencana"
2024,"Kota Adm. Jakarta Barat",Kalideres,Pegadungan,"TPS RW  03","Tipe 4","Jl  Taman Palm"
2024,"Kota Adm. Jakarta Barat",Kalideres,Pegadungan,"TPS RW  15","Tipe 4","Jl  Taman Surya 2"
2024,"Kota Adm. Jakarta Barat",Kalideres,Pegadungan,"TPS RW  11","Tipe 4","Jl  Utan Jati"
2024,"Kota Adm. Jakarta Barat",Kalideres,Pegadungan,"TPS RW  07","Tipe 4","Jl  Utan Jati"
2024,"Kota Adm. Jakarta Barat",Kalideres,Pegadungan,"TPS RW  04","Tipe 4","Jl  Satu Maret"
2024,"Kota Adm. Jakarta Barat",Kalideres,Kalideres,"TPS RW  01","Tipe 4","Jl  Daan Mogot Pertamina"
2024,"Kota Adm. Jakarta Barat",Kalideres,Kalideres,"TPS RW  05","Tipe 4","Jl  Daan Mogot Komplek Kodam"
2024,"Kota Adm. Jakarta Barat",Kalideres,Kalideres,"TPS RW  06","Tipe 4","Jl  Warung Gantung Kojan"
2024,"Kota Adm. Jakarta Barat",Kalideres,Kalideres,"TPS RW  08","Tipe 4","Jl  Buaran Citra 1"
2024,"Kota Adm. Jakarta Barat",Kalideres,Kalideres,"TPS RW  11","Tipe 4","Jl  Bulak Teko"
2024,"Kota Adm. Jakarta Barat",Kalideres,Kalideres,"TPS RW  13","Tipe 4","Jl  Gombol Paya"
2024,"Kota Adm. Jakarta Barat",Kalideres,Kalideres,"TPS RW  14","Tipe 4","Komplek Kalideres Permai"
2024,"Kota Adm. Jakarta Barat",Kalideres,Semanan,"TPS RW  01","Tipe 4","Jl  Komp Duri"
2024,"Kota Adm. Jakarta Barat",Kalideres,Semanan,"TPS RW  08","Tipe 4","Jl  Sikas Perum Durio Kosambi"
2024,"Kota Adm. Jakarta Barat",Kalideres,Semanan,"TPS RW  09","Tipe 4","Jl  Kampung Gaga"
2024,"Kota Adm. Jakarta Barat","Kebon Jeruk","Kebon Jeruk","TPS RW  08","Tipe 1","Jl  Perumahan Baru Kebon Jeruk"
2024,"Kota Adm. Jakarta Barat","Kebon Jeruk","Duri Kepa","TPS RW  01","Tipe 1","Jl  Duri Kepa Raya"
2024,"Kota Adm. Jakarta Barat","Kebon Jeruk","Kelapa Dua","TPS RW  02 Jl  Panjang Arteri Kelapa Dua","Tipe 4","Jl  Panjang Arteri Kelapa Dua"
2024,"Kota Adm. Jakarta Barat","Kebon Jeruk","Kelapa Dua","TPS RW  06 Pinggir Kali Pesangrahan Kelapa Dua","Tipe 4","Jl  Mayang Blok I No  1 Kelapa Dua n"
2024,"Kota Adm. Jakarta Barat","Kebon Jeruk","Kelapa Dua","TPS RW  07 Vila Kelapa Dua","Tipe 4","Jl  Pos Pengumben Kelurahan Kelapa Dua"
2024,"Kota Adm. Jakarta Barat","Kebon Jeruk","Kelapa Dua","TPS RW  05 Perumahan Pertambangan","Tipe 4","Jl  Pos Pengumben Kelurahan Kelapa Dua"
2024,"Kota Adm. Jakarta Barat","Kebon Jeruk","Sukabumi Selatan","TPS RW  01 Peruri Sukabumi Selatan","Tipe 4","Jl  KPBD RW  01 Kel  Sukabumi Selatan"
2024,"Kota Adm. Jakarta Barat","Kebon Jeruk","Sukabumi Selatan","TPS RW  03 Perumahan Bulog","Tipe 4","Jl  Raya Pos Pengumben"
2024,"Kota Adm. Jakarta Barat","Kebon Jeruk","Sukabumi Selatan","TPS RW  05 Pahlawan Jl  Pahlawan","Tipe 4","Jl  Pos Pengumben Lama No  1 Sukabumi Selatan"
2024,"Kota Adm. Jakarta Barat","Kebon Jeruk","Kebon Jeruk","TPS RW  02 Komplek DPR","Tipe 4","Jl  Komplek DPR Kelurahan Kebon Jeruk"
2024,"Kota Adm. Jakarta Barat","Kebon Jeruk","Kebon Jeruk","TPS RW  010 Jl  Lapangan Bola","Tipe 4","Jl  Lapangan Bola No  1 Kebon Jeruk n"
2024,"Kota Adm. Jakarta Barat","Kebon Jeruk","Kebon Jeruk","TPS RW  07 Perumahan Kedoya Permai","Tipe 4","Jl  Prisma I  Kebon Jeruk"
2024,"Kota Adm. Jakarta Barat","Kebon Jeruk","Kebon Jeruk","TPS RW  011 Perumahan BPK III","Tipe 4","Jl  Raya Kebon Jeruk Kelurahan Kebon Jeruk"
2024,"Kota Adm. Jakarta Barat","Kebon Jeruk","Duri Kepa","TPS RW  03 Greenvile Duri Kepa","Tipe 4","Jl  Raya Green Vile Kelurahan Duri Kepa"
2024,"Kota Adm. Jakarta Barat","Kebon Jeruk","Duri Kepa","TPS RW  02 Jl  Patra Raya","Tipe 4","Jl  Patra Raya Duri Kepa"
2024,"Kota Adm. Jakarta Barat","Kebon Jeruk","Duri Kepa","TPS RW  013 Kali Sekretaris","Tipe 4","Jl  Kali Sekretaris   Duri Kepa  Kebon Jeruk  Jakarta Barat"
2024,"Kota Adm. Jakarta Barat","Kebon Jeruk","Duri Kepa","TPS RW  014 Duri Kepa","Tipe 4","Jl  Komp  Graha Indah Green Ville"
2024,"Kota Adm. Jakarta Barat","Kebon Jeruk","Duri Kepa","TPS RW  010 Duri Kepa","Tipe 4","Jl  Mangga 17  Duri Kepa"
2024,"Kota Adm. Jakarta Barat","Kebon Jeruk","Duri Kepa","TPS RW  013 Sungai Yordan Duri Kepa","Tipe 4","Jl  Taman Ratu Kelurahan Duri Kepa"
2024,"Kota Adm. Jakarta Barat","Kebon Jeruk","Duri Kepa","TPS RW  07 Duri Kepa","Tipe 4","Jl  Liam  Duri Kepa"
2024,"Kota Adm. Jakarta Barat","Kebon Jeruk","Sukabumi Utara","TPS RW  04 Hankam","Tipe 4","Komp  Hankam RT  02 RW  04  Kebon Jeruk"
2024,"Kota Adm. Jakarta Barat","Kebon Jeruk","Sukabumi Utara","TPS RW  03 Rawa Belong","Tipe 4","Jl  Sulaiman"
2024,"Kota Adm. Jakarta Barat","Kebon Jeruk","Kedoya Utara","TPS RW  01 Kali Sekretaris  Bohlam","Tipe 4","Jl  Daan Mogot RW  01 Kedoya Utara  Kebon Jeruk"
2024,"Kota Adm. Jakarta Barat","Kebon Jeruk","Kedoya Utara","TPS RW  07 Jl  Kedoya Raya","Tipe 4","Jl  Kedoya Raya  Kedoya Utara  Kebon Jeruk"
2024,"Kota Adm. Jakarta Barat","Kebon Jeruk","Kedoya Utara","TPS RW  03 Green Garden","Tipe 4","Jl  Kp  Solo  Green Garden Kedoya Utara"
2024,"Kota Adm. Jakarta Barat","Kebon Jeruk","Kedoya Utara","TPS RW  04 Green Garden","Tipe 4","Jl  Green Garden RT  02 RW  04 Kedoya Utara"
2024,"Kota Adm. Jakarta Barat","Kebon Jeruk","Kedoya Utara","TPS RW  05 Sunrise Garden","Tipe 4","Jl  Kp Solo  Green Garden"
2024,"Kota Adm. Jakarta Barat","Kebon Jeruk","Kedoya Utara","TPS RW  02 Rel Kereta Api Pesing","Tipe 4","Jl  Pesing Koneng RT  011 RW  02 Kedoya Utara"
2024,"Kota Adm. Jakarta Barat","Kebon Jeruk","Kedoya Utara","TPS RW  01 Jembatan Pasar Pesing","Tipe 4","Jl  Kedoya Raya  Kedoya Utara"
2024,"Kota Adm. Jakarta Barat","Kebon Jeruk","Kedoya Selatan","TPS RW  03 Kedoya Selatan","Tipe 4","Jl  Pilar RW  03 Kedoya Selatan"
2024,"Kota Adm. Jakarta Barat","Kebon Jeruk","Kedoya Selatan","TPS RW  04 Perum Taman Kedoya Baru","Tipe 4","Perumahan Kedoya Elok RT  018 RW  04  Kedoya Selatan"
2024,"Kota Adm. Jakarta Barat","Kebon Jeruk","Kedoya Selatan","TPS RW  01 Perumahan Depag","Tipe 4","Jl  Kedoya Duri Raya  RW  01 Kedoya Selatan"
2024,"Kota Adm. Jakarta Barat","Kebon Jeruk","Kedoya Selatan","TPS Jl  Adhi Karya RW  05","Tipe 4","Jl  Adhikarya I RT  07 RW  05 Kedoya Selatan  Kebon Jeruk"
2024,"Kota Adm. Jakarta Barat",Kembangan,"Kembangan Utara","TPS Taman Kota","Tipe 1","Jl  Perumahan Taman Kota Blok B1 RW  05"
2024,"Kota Adm. Jakarta Barat",Kembangan,"Meruya Utara","TPS Kebo","Tipe 2","Jl  Penyelesaian Tomang 3 RW  10"
2024,"Kota Adm. Jakarta Barat",Kembangan,"Meruya Selatan","TPS Mercu Buana","TPS 3R","Jl  Haji Merin No  66 RW  01"
2024,"Kota Adm. Jakarta Barat",Kembangan,Joglo,"TPS Copylas RW  08","Tipe 4","Jl  Joglo Raya RW  08"
2024,"Kota Adm. Jakarta Barat",Kembangan,Joglo,"TPS RW  02","Tipe 4","Jl  Damkar Rw 02"
2024,"Kota Adm. Jakarta Barat",Kembangan,Joglo,"TPS RW  05","Tipe 4","Komp  Alfa Indah RW  05"
2024,"Kota Adm. Jakarta Barat",Kembangan,"Kembangan Utara","TPS RW  03","Tipe 4","BPN  BTN  Yaskum RW  03"
2024,"Kota Adm. Jakarta Barat",Kembangan,"Kembangan Utara","TPS RW  01","Tipe 4","Kompas RW  01"
2024,"Kota Adm. Jakarta Barat",Kembangan,"Kembangan Utara","TPS RW  06","Tipe 4","Basmol RW  06"
2024,"Kota Adm. Jakarta Barat",Kembangan,"Kembangan Utara","TPS RW  10","Tipe 4","Tanggul RW  10"
2024,"Kota Adm. Jakarta Barat",Kembangan,"Meruya Utara","TPS RW  02","Tipe 4","Pinggir Tol RW  02"
2024,"Kota Adm. Jakarta Barat",Kembangan,"Meruya Utara","TPS RW  07","Tipe 4","Jl  Permata Meruya 3 RW  07"
2024,"Kota Adm. Jakarta Barat",Kembangan,"Kembangan Selatan","TPS RW  08","Tipe 4","RPTRA RW  08"
2024,"Kota Adm. Jakarta Barat",Kembangan,"Kembangan Selatan","TPS Pasar Minggu","Tipe 4","Jl  Kembangan Raya No  18 RW  01"
2024,"Kota Adm. Jakarta Barat",Kembangan,"Kembangan Selatan","TPS RW  03","Tipe 4","Jl  Kembangan Baru  Perbatasan Kedoya Selatan"
2024,"Kota Adm. Jakarta Barat",Kembangan,"Kembangan Selatan","TPS RW  04","Tipe 4","Jl  Kembangan Sakti 2 Ujung Blok D"
2024,"Kota Adm. Jakarta Barat",Kembangan,Srengseng,"TPS RW  07","Tipe 4","Jl  Haji Mandor Salim RW  07"
2024,"Kota Adm. Jakarta Barat",Palmerah,Palmerah,"TPS Hankam","Tipe 1","Jl  Kepondang Raya RT  006 RW  02"
2024,"Kota Adm. Jakarta Barat",Palmerah,Jatipulo,"TPS RW  04 Jatipulo","Tipe 1","Jl  Tomang Banjir Kanal Jatipulo"
2024,"Kota Adm. Jakarta Barat",Palmerah,Slipi,"TPS KSTD 3 SLIPI","Tipe 1","Jl  KS  Tubun Dalam III Slipi"
2024,"Kota Adm. Jakarta Barat",Palmerah,Palmerah,"TPS RW  03","Tipe 4","Jl  Kemanggisan Pulo"
2024,"Kota Adm. Jakarta Barat",Palmerah,Kemanggisan,"TPS RW  01","Tipe 4","Jl  Inspeksi Kali Grogol"
2024,"Kota Adm. Jakarta Barat",Palmerah,Kemanggisan,"TPS RW  02","Tipe 4","Jl  Anggrek Garuda"
2024,"Kota Adm. Jakarta Barat",Palmerah,Kemanggisan,"TPS RW  09","Tipe 4","Jl  Bakti Raya 3"
2024,"Kota Adm. Jakarta Barat",Palmerah,Kemanggisan,"TPS RW  08","Tipe 4","Jl  Anggrek Neli Murni XI  Saringan Golkar"
2024,"Kota Adm. Jakarta Barat",Palmerah,Kemanggisan,"TPS RW  03","Tipe 4","Jl  Inspeksi Kali Grogol"
2024,"Kota Adm. Jakarta Barat",Palmerah,Slipi,"TPS RW  01","Tipe 4","Jl  Aipda KS Tubun II"
2024,"Kota Adm. Jakarta Barat",Palmerah,Slipi,"TPS RW  06","Tipe 4","Jl  KS Tubun III"
2024,"Kota Adm. Jakarta Barat",Palmerah,"Kota Bambu Selatan","TPS RW  02","Tipe 4","Jl  Tali Raya"
2024,"Kota Adm. Jakarta Barat",Palmerah,"Kota Bambu Selatan","TPS RW  09","Tipe 4","Jl  H  Saaman"
2024,"Kota Adm. Jakarta Barat",Palmerah,"Kota Bambu Selatan","TPS RW  01","Tipe 4","Jl  KS  Tubun 4"
2024,"Kota Adm. Jakarta Barat",Palmerah,"Kota Bambu Utara","TPS RW  03","Tipe 4","Jl  Bima"
2024,"Kota Adm. Jakarta Barat",Palmerah,"Kota Bambu Utara","TPS RW  07","Tipe 4","Jl  Kamboja"
2024,"Kota Adm. Jakarta Barat",Palmerah,Jatipulo,"TPS RW  09","Tipe 4","Jl  Semangka"
2024,"Kota Adm. Jakarta Barat",Palmerah,Jatipulo,"TPS RW  10","Tipe 4","Jl  Banjir Kanal Barat"
2024,"Kota Adm. Jakarta Barat",Tamansari,Glodok,"TPS RW  03","Tipe 4","Jl  Keadilan II RT  08 03"
2024,"Kota Adm. Jakarta Barat",Tamansari,Glodok,"TPS RW  01","Tipe 4","Jl  Tokotiga Sebrang No  11 RT  001 RW  01"
2024,"Kota Adm. Jakarta Barat",Tamansari,Glodok,"TPS RW  04","Tipe 4","Jl  Keadilan II No  34 RT  02 RW  04"
2024,"Kota Adm. Jakarta Barat",Tamansari,Glodok,"TPS RW  05","Tipe 4","Jl  Keadilan 4 No  186"
2024,"Kota Adm. Jakarta Barat",Tamansari,Keagungan,"TPS RW  01","Tipe 4","Jl  Keadilan 2 RW  01 Kel  Keagungan"
2024,"Kota Adm. Jakarta Barat",Tamansari,Krukut,"TPS RW  01","Tipe 4","Jl  Kejayaan I"
2024,"Kota Adm. Jakarta Barat",Tamansari,Krukut,"TPS RW  03","Tipe 4","Jl  Keutamaan Dalam"
2024,"Kota Adm. Jakarta Barat",Tamansari,Krukut,"TPS RW  07","Tipe 4","Jl  Ketapang Utara"
2024,"Kota Adm. Jakarta Barat",Tamansari,Krukut,"TPS RW  04","Tipe 4","Jl  Ketapang Utara VII"
2024,"Kota Adm. Jakarta Barat",Tamansari,"Mangga Besar","TPS RW  04","Tipe 4","Jl  Mangga Besar V"
2024,"Kota Adm. Jakarta Barat",Tamansari,"Mangga Besar","TPS RW  01","Tipe 4","Jl  Kokosan Jembatan Bociang"
2024,"Kota Adm. Jakarta Barat",Tamansari,"Mangga Besar","TPS RW  02","Tipe 4","Jl  Mangga Besar V"
2024,"Kota Adm. Jakarta Barat",Tamansari,"Mangga Besar","TPS RW  03","Tipe 4","Jl  Mangga Besar V"
2024,"Kota Adm. Jakarta Barat",Tamansari,"Mangga Besar","TPS RW  06","Tipe 4","Jl  Raya Mangga Besar"
2024,"Kota Adm. Jakarta Barat",Tamansari,Maphar,"TPS RW  06","Tipe 4","Jl  Tamansari 3"
2024,"Kota Adm. Jakarta Barat",Tamansari,Maphar,"TPS RW  03","Tipe 4","Jl  Tamansari Raya"
2024,"Kota Adm. Jakarta Barat",Tamansari,Maphar,"TPS RW  08","Tipe 4","Jl  Kebon Jeruk 16"
2024,"Kota Adm. Jakarta Barat",Tamansari,Pinangsia,"TPS RW  02 Kota Indah","Tipe 4","Jl  Mangga Besar"
2024,"Kota Adm. Jakarta Barat",Tamansari,Pinangsia,"TPS RW  05","Tipe 4","Jl  Pangeran Jayakarta"
2024,"Kota Adm. Jakarta Barat",Tamansari,Pinangsia,"TPS RW  06","Tipe 4","Jl  Pintu Besar Selatan"
2024,"Kota Adm. Jakarta Barat",Tamansari,Pinangsia,"TPS RW  04","Tipe 4","Jl  Mangga Dua Raya"
2024,"Kota Adm. Jakarta Barat",Tamansari,Pinangsia,"TPS Rw  06 Asemka","Tipe 4","Jl  Kunir"
2024,"Kota Adm. Jakarta Barat",Tamansari,Pinangsia,"TPS RW  07","Tipe 4","Jl  Cengkeh"
2024,"Kota Adm. Jakarta Barat",Tamansari,Tamansari,"TPS RW  04","Tipe 4","Jl  Mangga Besar"
2024,"Kota Adm. Jakarta Barat",Tamansari,Tamansari,"TPS Rw  06  07","Tipe 4","Jl  Tamansari Raya"
2024,"Kota Adm. Jakarta Barat",Tamansari,Tamansari,"TPS RW  01","Tipe 4","Jl  Tamansari Raya"
2024,"Kota Adm. Jakarta Barat",Tamansari,Tamansari,"TPS RW  03  2 3 5 7","Tipe 4","Jl  Mangga Besar 2 Kel  Tamansari"
2024,"Kota Adm. Jakarta Barat",Tamansari,Tangki,"TPS RW  01","Tipe 4","Jl  Mangga Besar 12"
2024,"Kota Adm. Jakarta Barat",Tamansari,Tangki,"TPS RW  01  Lokasari","Tipe 4","Jl  Mangga Besar 12"
2024,"Kota Adm. Jakarta Barat",Tambora,Angke,"TPS Rumah Susun Angke","Tipe 4","Jl  Rumah Susun RW  11"
2024,"Kota Adm. Jakarta Barat",Tambora,Angke,"TPS Padamulya","Tipe 4","Jl  Padamulya RW  08"
2024,"Kota Adm. Jakarta Selatan",Jagakarsa,"Srengseng Sawah","TPS LPS Batu","Tipe 4","Jl  Batu Kelurahan Srengseng Sawah"
2024,"Kota Adm. Jakarta Selatan",Jagakarsa,"Tanjung Barat","TPS TBI","Tipe 2","RW  02 Perumahan Tanjung Barat Indah Kelurahan Tanjung Barat"
2024,"Kota Adm. Jakarta Selatan",Jagakarsa,"Lenteng Agung","TPS Asrama Lenteng Agung","Tipe 3","Jalan Camat Gabun  Asrama Suku Dinas Lingkungan Hidup Kota Adm  Jakarta Selatan"
2024,"Kota Adm. Jakarta Selatan","Kebayoran Baru","Rawa Barat","TPS Rawa Barat","Tipe 1","Jl  Bakti 1 Kel  Rawa Barat"
2024,"Kota Adm. Jakarta Selatan","Kebayoran Baru","Kramat Pela","TPS Kramat Pela","Tipe 1","Jl  Raya Kramat Pela RW 04 Kel  Kramat Pela"
2024,"Kota Adm. Jakarta Selatan","Kebayoran Baru","Gandaria Utara","TPS Gandaria Utara","Tipe 1","Jl  BRI Radio Dalam Ps Inpres NO  41 Kel  Gandaria Utara"
2024,"Kota Adm. Jakarta Selatan","Kebayoran Baru",Petogogan,"TPS Petogogan","Tipe 4","Jl  Pulo Raya V Rw 03 Kel  Petogogan"
2024,"Kota Adm. Jakarta Selatan","Kebayoran Baru","Cipete Utara","TPS Damai","Tipe 4","Jl  Damai RAYA RT 12 02  Kel  Cipete Utara"
2024,"Kota Adm. Jakarta Selatan","Kebayoran Baru",Senayan,"TPS Polda Metro Jaya","Tipe 4","Jl  Jendral Sudirman KAV  55 Kel  Senayan"
2024,"Kota Adm. Jakarta Selatan","Kebayoran Baru",Gunung,"TPS Denpo","Tipe 4","Jl  Denpo V   RW  003  Kel  Gunung"
2024,"Kota Adm. Jakarta Selatan","Kebayoran Baru",Gunung,"TPS PD Pasar Jaya Mayestik","Tipe 2","Jl  Tebah III No  3  Kel  Gunung"
2024,"Kota Adm. Jakarta Selatan","Kebayoran Baru",Petogogan,"TPS PD Pasar Jaya Santa","Tipe 2","Jl  Cisanggiri ll  Kel  Petogogan"
2024,"Kota Adm. Jakarta Selatan","Kebayoran Baru","Cipete Utara","TPS PD Pasar Jaya Cipete Utara","Tipe 2","Jl  Damai Raya No 9 RW  05 Kel  Cipete Utara"
2024,"Kota Adm. Jakarta Selatan","Kebayoran Baru",Pulo,"TPS Polres Jaksel","Tipe 2","Jl  Darmawangsa III No  12A Kel  Pulo"
2024,"Kota Adm. Jakarta Selatan","Kebayoran Baru",Selong,"TPS ASEAN","Tipe 2","Jl  Sisingamangaraja No  2  Kel  Selong"
2024,"Kota Adm. Jakarta Selatan","Kebayoran Baru",Selong,"TPS Bareskim Polri","Tipe 2","Jl  Trunojoyo No  3 Kel  Selong   Jl  Raden Fatah III No 25 Kel  Selong"
2024,"Kota Adm. Jakarta Selatan","Kebayoran Baru",Pulo,"TPS Kantor Walikota Jakarta Selatan","Tipe 2","Jl  Prapanca Raya No 9  Kel  Pulo"
2024,"Kota Adm. Jakarta Selatan","Kebayoran Baru","Kramat Pela","TPS Kantor Kejaksaan Agung","Tipe 2","Jl  Sultan Hassanuddin Dalam No  1  Kramat Pela   Jl  Kyai Maja No  1 Kel  Kramat Pela"
2024,"Kota Adm. Jakarta Selatan","Kebayoran Baru",Senayan,"TPS Door to Door Komplek Menteri Widya Chandra","Tipe 4","Jl  Widya Chandra  Kel  Senayan"
2024,"Kota Adm. Jakarta Selatan","Kebayoran Baru",Selong,"TPS Mabes Polri","Tipe 3","Jl  Pattimura No 38   Jl Senjaya 1  Kel  Selong"
2024,"Kota Adm. Jakarta Selatan","Kebayoran Baru",Selong,"TPS Kampus Al Azhar","Tipe 4","Jl  Sisingamangaraja No  2  Kel  Selong"
2024,"Kota Adm. Jakarta Selatan","Kebayoran Lama",Cipulir,"TPS Komp  Sekskoal","Tipe 4","TPS Komp  Seskoal Jl  Cileduk Raya"
2024,"Kota Adm. Jakarta Selatan","Kebayoran Lama","Grogol Selatan","TPS RW  009 Gs","Tipe 4","TPS RW  009 Jl  Raya Simpruk 9"
2024,"Kota Adm. Jakarta Selatan","Kebayoran Lama","Grogol Utara","TPS Komplek TVRI","Tipe 4","TPS Komplek TVRI Jl  Komplek TVRI"
2024,"Kota Adm. Jakarta Selatan","Kebayoran Lama","Kebayoran Lama Utara","TPS Kebayoran Lama Belakang RW  01","Tipe 4","Pasar Kebayoran Lama Belakang RW  01 KLU Pinggir Jalan Titik 1 dan Titik 2 Bak Beton Ditengah tengah Pasar"
2024,"Kota Adm. Jakarta Selatan","Kebayoran Lama","Kebayoran Lama Selatan","TPS Kostrad","Tipe 4","Jl  Darma Putra"
2024,"Kota Adm. Jakarta Selatan","Kebayoran Lama","Kebayoran Lama Selatan","TPS Kodim","Tipe 4","Jl  Cendrawasih I Blok E No  50"
2024,"Kota Adm. Jakarta Selatan","Kebayoran Lama","Pondok Pinang","TPS Carrefour Lebak bulus","Tipe 4","Carefour Jl  RA  Kartini"
2024,"Kota Adm. Jakarta Selatan","Kebayoran Lama","Pondok Pinang","TPS Komplek PU","Tipe 4","TPS Komplek PU Jl  RA  Kartini No  9  RT  09 10"
2024,"Kota Adm. Jakarta Selatan","Kebayoran Lama","Pondok Pinang","TPS Sespima","Tipe 4","PS Sespima"
2024,"Kota Adm. Jakarta Selatan","Kebayoran Lama","Kebayoran Lama Utara","Pasar Kelapa","Tipe 4","Pasar Kelapa"
2024,"Kota Adm. Jakarta Selatan","Kebayoran Lama","Grogol Selatan","TPS Permata Hijau","Tipe 1","Dipo Permata Hijau II Perum Permata Hijau II RW  012 Kel  Grogol Selatan"
2024,"Kota Adm. Jakarta Selatan","Kebayoran Lama","Pondok Pinang","TPS Pondok Pinang","Tipe 1","Dipo Pondok Pinang  Jl  Pinang Emas Rw  002 Kel  Pondok Pinang"
2024,"Kota Adm. Jakarta Selatan","Pasar Minggu","Pejaten Barat","TPS Siaga","TPS 3R","Jalan Siaga Raya RT  012 RW  04 Pejaten Barat"
2024,"Kota Adm. Jakarta Selatan","Pasar Minggu","Pejaten Barat","TPS Buncit Indah","Tipe 2","Perumahan Buncit Indah"
2024,"Kota Adm. Jakarta Selatan","Pasar Minggu","Pejaten Timur","TPS RW  08 Pejaten Timur","Tipe 4","RW  08 Pejaten Timur"
2024,"Kota Adm. Jakarta Selatan","Pasar Minggu","Pejaten Timur","TPS RW  06 Kemuning","Tipe 4","RW  06 Kemuning"
2024,"Kota Adm. Jakarta Selatan","Pasar Minggu","Pejaten Timur","TPS RW  05","Tipe 4","Jl  Rukun Ujung RW  05"
2024,"Kota Adm. Jakarta Selatan","Pasar Minggu","Pasar Minggu","TPS LP3i","Tipe 4","Jl  Raya Pasar Minggu  JPO LP3I"
2024,"Kota Adm. Jakarta Selatan","Pasar Minggu","Pasar Minggu","TPS Sari Sakti  Eks Poltangan","Tipe 4","Jl  Raya Pasar Minggu"
2024,"Kota Adm. Jakarta Selatan","Pasar Minggu","Pasar Minggu","TPS Lokbin terminal Pasar Baru Eks Buntu","Tipe 4","Jl  Raya Pasar Minggu Terminal Pasar Baru  Eks Buntu"
2024,"Kota Adm. Jakarta Selatan","Pasar Minggu","Pasar Minggu","TPS Sentiong","Tipe 4","RW  02 Sentiong Pasar Minggu"
2024,"Kota Adm. Jakarta Selatan","Pasar Minggu","Jati Padang","TPS Kel  Jatipadang","Tipe 4","Kelurahan Jati Padang"
2024,"Kota Adm. Jakarta Selatan","Pasar Minggu",Ragunan,"TPS RS  Hewan","Tipe 4","Jl  Harsono RM No  28 RT  9 RW  4"
2024,"Kota Adm. Jakarta Selatan","Pasar Minggu",Ragunan,"TPS Saco","Tipe 4","Jl  Saco RW  08"
2024,"Kota Adm. Jakarta Selatan","Pasar Minggu","Jati Padang","TPS JPO SMK 57","Tipe 4","Jl  Raya Taman Margasatwa  JPO SMKN 57"
2024,"Kota Adm. Jakarta Selatan","Pasar Minggu","Cilandak Timur","TPS LPS Jeruk Purut","Tipe 4","Jl  Raya Madrasah No  14 RT  007 06  Jeruk Purut"
2024,"Kota Adm. Jakarta Selatan","Pasar Minggu",Kebagusan,"TPS Kober","Tipe 4","RW  07 Jalan Kebagusan Raya  Kober"
2024,"Kota Adm. Jakarta Selatan","Pasar Minggu","Pasar Minggu","PD Pasar Jaya","Tipe 4","Jl  Raya Pasar Minggu PD Pasar Jaya"
2024,"Kota Adm. Jakarta Selatan",Pesanggrahan,Pesanggrahan,"TPS RT  009 RW  002 Pesanggrahan","Tipe 1","Jl  Bintaro Puspita Raya"
2024,"Kota Adm. Jakarta Selatan",Pesanggrahan,Pesanggrahan,"TPS RW  003 H  Garie","Tipe 2","Jl  H  Garie"
2024,"Kota Adm. Jakarta Selatan",Pesanggrahan,Pesanggrahan,"TPS PD  Pasar Pesanggrahan","Tipe 2","Jl  Pesanggrahan Raya"
2024,"Kota Adm. Jakarta Selatan",Pesanggrahan,Pesanggrahan,"TPS Depen RW  007","Tipe 4","Jl  Pesanggrahan Raya RW  007"
2024,"Kota Adm. Jakarta Selatan",Pesanggrahan,Pesanggrahan,"TPS RW  001 Pesanggrahan","Tipe 4","Jl  Ulujami Raya"
2024,"Kota Adm. Jakarta Selatan",Pesanggrahan,Pesanggrahan,"TPS Pasar Lokbin Pesanggrahan","Tipe 2","Jl  Bintaro Permai"
2024,"Kota Adm. Jakarta Selatan",Pesanggrahan,Pesanggrahan,"TPS Jl Kesaradan  SMA 108  Pesanggrahan","Tipe 2","Jl  Kesadaran  SMA 108"
2024,"Kota Adm. Jakarta Selatan",Pesanggrahan,Pesanggrahan,"TPS RW  005 Komp  Kodam","Tipe 4","Jl  Pesanggrahan Raya"
2024,"Kota Adm. Jakarta Selatan",Pesanggrahan,Pesanggrahan,"TPS RW  008 Pesanggrahan","Tipe 4","Jl  Bintaro Puspita Raya Perumahan Bumi Bintaro Permai"
2024,"Kota Adm. Jakarta Selatan",Pesanggrahan,Bintaro,"TPS RW  004 IKPN","Tipe 2","Komp  IKPN"
2024,"Kota Adm. Jakarta Selatan",Pesanggrahan,Bintaro,"TPS RW  002 Bintaro","Tipe 4","Jl  Depsos Raya"
2024,"Kota Adm. Jakarta Selatan",Pesanggrahan,Bintaro,"TPS RW  010 Bintaro","Tipe 2","Jl  Masjid Al Muflihun"
2024,"Kota Adm. Jakarta Selatan",Pesanggrahan,Bintaro,"TPS Deplu RW  003","Tipe 4","Jl  Deplu"
2024,"Kota Adm. Jakarta Selatan",Pesanggrahan,Bintaro,"TPS Rengas RW  011","Tipe 1","Jl  Rengas"
2024,"Kota Adm. Jakarta Selatan",Pesanggrahan,Bintaro,"TPS RW  08 Bintaro","Tipe 4","Jl  Garuda RT  006 RW  008"
2024,"Kota Adm. Jakarta Selatan",Pesanggrahan,Bintaro,"TPS RT  001 RW  012 Bintaro","Tipe 3","Jl  Madrasah"
2024,"Kota Adm. Jakarta Selatan",Pesanggrahan,Ulujami,"TPS Komp  Polri RW  006","Tipe 2","Komplek POLRI"
2024,"Kota Adm. Jakarta Selatan",Pesanggrahan,Ulujami,"TPS RW  003 Ulujami","Tipe 4","Jl  H  Rohimin"
2024,"Kota Adm. Jakarta Selatan",Pesanggrahan,Ulujami,"TPS Ponpes Darunajah RW  004","Tipe 2","Jl  Ulujami Raya"
2024,"Kota Adm. Jakarta Selatan",Pesanggrahan,Ulujami,"TPS RW  004 Ulujami","Tipe 2","Jl  Puskesmas Darul Najah"
2024,"Kota Adm. Jakarta Selatan",Pesanggrahan,Ulujami,"TPS RW  007 Ulujami","Tipe 4","Jl  Inspeksi"
2024,"Kota Adm. Jakarta Selatan",Pesanggrahan,"Petukangan Selatan","TPS KKN","Tipe 1","Jl  Kemajuan RW  06"
2024,"Kota Adm. Jakarta Selatan",Pesanggrahan,"Petukangan Selatan","TPS RW  008 Petukangan Selatan","Tipe 4","Jl  Pesanggrahan Mas  Komp  Bumi Pesanggrahan Mas"
2024,"Kota Adm. Jakarta Selatan",Pesanggrahan,"Petukangan Selatan","TPS Gateway","Tipe 4","Jl  Ciledug Raya"
2024,"Kota Adm. Jakarta Selatan",Pesanggrahan,"Petukangan Utara","TPS RW  007 Petukangan Utara","Tipe 4","Jl  Taman Alfa Indah  Komp  Alfa"
2024,"Kota Adm. Jakarta Selatan",Pesanggrahan,"Petukangan Utara","TPS RW  010 Petukangan Utara","Tipe 4","Jl  Masjid"
2024,"Kota Adm. Jakarta Selatan",Pesanggrahan,"Petukangan Utara","TPS RW  001 Petukangan Utara","Tipe 4","Jl  AMD  SMA 63"
2024,"Kota Adm. Jakarta Selatan",Pesanggrahan,"Petukangan Utara","TPS Pasar Alfa Petukangan Utara","Tipe 2","Jl  Taman Alfa Indah"
2024,"Kota Adm. Jakarta Selatan",Setiabudi,"Menteng Atas","TPS Menteng Atas","Tipe 1","Jl  Menteng Atas Barat RT  16 RW  05 Kel  Menteng Atas"
2024,"Kota Adm. Jakarta Selatan",Setiabudi,"Pasar Manggis","TPS Kota Gedang","Tipe 4","Jl  Kota Gedang RW  01 Kel  Ps Manggis"
2024,"Kota Adm. Jakarta Selatan",Setiabudi,Setiabudi,"TPS RW  02 Setiabudi","Tipe 4","Jl  Setiabudi Selatan RW  02 Kel  Setiabudi"
2024,"Kota Adm. Jakarta Selatan",Setiabudi,Karet,"TPS RW  05 Karet","Tipe 4","Jl  Karet Karya RW  05 Kel  Karet"
2024,"Kota Adm. Jakarta Selatan",Setiabudi,"Pasar Manggis","TPS Kawi","Tipe 4","Jl  Kawi RW  06 Kel  Ps  Manggis"
2024,"Kota Adm. Jakarta Selatan",Setiabudi,"Pasar Manggis","TPS PD Pasar Jaya Pasar Rumput","Tipe 2","Jl  Sultan Agung Kel  Menteng Atas"
2024,"Kota Adm. Jakarta Selatan",Setiabudi,Karet,"TPS PD Pasar Jaya Pasar Mencos","Tipe 2","Jl  Karet Belakang Barat No  2 RT  11 RW  02 Kel  Karet"
2024,"Kota Adm. Jakarta Selatan",Setiabudi,"Menteng Atas","TPS PD Pasar Jaya Pasar Menteng Pulo","Tipe 2","Jl  Menteng Pulo Raya RT  13 RW  08 Kel  Menteng Atas"
2024,"Kota Adm. Jakarta Selatan",Setiabudi,"Pasar Manggis","TPS PD Pasar Jaya Pasar Manggis","Tipe 2","Jl  Guntur RT  13 RW  05 Kel  Pasar Manggis"
2024,"Kota Adm. Jakarta Selatan",Setiabudi,"Karet Semanggi","TPS PD Pasar Jaya Pasar Karet Sawah","Tipe 2","Jl  Karet Belakang Barat RT  03 RW  03 Kel  Karet Kuningan"
2024,"Kota Adm. Jakarta Selatan",Setiabudi,"Karet Semanggi","TPS RW  04 Karet Semanggi","Tipe 2","Jl Karet Sawah RT  05 RW  04 Kel  Karet Semanggi"
2024,"Kota Adm. Jakarta Selatan",Setiabudi,"Kuningan Timur","TPS RW  04 Kuningan Timur","Tipe 2","Jl  Casablanca Pemakaman Menteng Pulo RW  04 Kel  Kuningan Timur"
2024,"Kota Adm. Jakarta Selatan",Tebet,"Tebet Barat","TPS Tebet Barat","Tipe 1","Jl  Tebet Barat Raya"
2024,"Kota Adm. Jakarta Selatan",Tebet,"Kebon Baru","TPS Ciliwung","Tipe 4","Jl  Asem Baris Raya"
2024,"Kota Adm. Jakarta Selatan",Tebet,"Bukit Duri","TPS Pasar Bukit Duri","Tipe 4","Jl  Bukit Duri Barat RT  008 RW  01"
2024,"Kota Adm. Jakarta Selatan",Tebet,Manggarai,"TPS Manggarai","Tipe 4","Jl  Manggarai Utara"
2024,"Kota Adm. Jakarta Selatan",Tebet,"Bukit Duri","TPS RW  12 Bukit Duri","Tipe 4","Jl  Kampung Melayu Kecil"
2024,"Kota Adm. Jakarta Selatan",Tebet,Manggarai,"TPS RW  05  amp  08 Manggarai","Tipe 4","Jl  Manggarai Utara"
2024,"Kota Adm. Jakarta Selatan",Tebet,"Bukit Duri","TPS RW  12 bukit duri","Tipe 2","Jl  Kampung Melayu Kecil"
2024,"Kota Adm. Jakarta Selatan",Tebet,"Kebon Baru","TPS RW  01 Kebon Baru","Tipe 2","RW  01 Kebon Baru"
2024,"Kota Adm. Jakarta Selatan",Tebet,"Tebet Timur","TPS Pasar Tebet Timur","Tipe 2","Jl  Tebet Timur Dalam Raya RT  005 RW  05"
2024,"Kota Adm. Jakarta Selatan",Tebet,"Tebet Barat","TPS Pasar Tebet Barat","Tipe 2","Jl  Tebet Barat Dalam Raya RT  002 RW  05"
2024,"Kota Adm. Jakarta Timur",Cakung,Penggilingan,"TPS Penggilingan RW  9 RT  1","Tipe 1","Perum Aneka Elok RW  09"
2024,"Kota Adm. Jakarta Timur",Cakung,"Ujung Menteng","TPS RW  05","Tipe 4","Jl  Rawa Kuning"
2024,"Kota Adm. Jakarta Timur",Cakung,"Cakung Barat","TPS RW  003","Tipe 4","Jl  Sisi Tol"
2024,"Kota Adm. Jakarta Timur",Cakung,"Cakung Barat","TPS Rusun Albo","Tipe 4","Rusun Albo"
2024,"Kota Adm. Jakarta Timur",Cakung,"Cakung Barat","TPS Rusun Tipar","Tipe 4","Rusun Tipar"
2024,"Kota Adm. Jakarta Timur",Cakung,"Cakung Barat","TPS Rusun KM2","Tipe 4","Rusun KM2"
2024,"Kota Adm. Jakarta Timur",Cakung,"Cakung Barat","TPS Palad","Tipe 4","Jl  Raya Bekasi Komp  Palad"
2024,"Kota Adm. Jakarta Timur",Cakung,"Rawa Terate","TPS RT  001","Tipe 4","Jl  Radjiman RW  004"
2024,"Kota Adm. Jakarta Timur",Cakung,"Rawa Terate","TPS Indomaret","Tipe 4","Jl  Radjiman RW  006"
2024,"Kota Adm. Jakarta Timur",Cakung,"Rawa Terate","TPS RT  006","Tipe 4","Jl  Radjiman RW  006"
2024,"Kota Adm. Jakarta Timur",Cakung,"Rawa Terate","TPS RT  002","Tipe 4","Jl  Radjiman RW  006"
2024,"Kota Adm. Jakarta Timur",Cakung,"Rawa Terate","TPS RT  009","Tipe 4","Jl  Radjiman RW  006"
2024,"Kota Adm. Jakarta Timur",Cakung,"Rawa Terate","TPS RT  010","Tipe 4","Jl  Radjiman RW  004"
2024,"Kota Adm. Jakarta Timur",Cakung,"Rawa Terate","TPS RT  005","Tipe 4","Jl  Radjiman RW  006"
2024,"Kota Adm. Jakarta Timur",Cakung,"Rawa Terate","TPS RT  014","Tipe 4","Jl  Radjiman RW  004"
2024,"Kota Adm. Jakarta Timur",Cakung,"Rawa Terate","TPS Damri","Tipe 4","Jl  Radjiman RW  006"
2024,"Kota Adm. Jakarta Timur",Cakung,"Rawa Terate","TPS RT  10","Tipe 4","Jl  Radjiman RW  004"
2024,"Kota Adm. Jakarta Timur",Cakung,"Rawa Terate","TPS RT  11","Tipe 4","Jl  Radjiman RW  004"
2024,"Kota Adm. Jakarta Timur",Cakung,"Rawa Terate","TPS RT  14","Tipe 4","Jl  Radjiman RW  004"
2024,"Kota Adm. Jakarta Timur",Cakung,"Rawa Terate","TPS RT  09","Tipe 4","Jl  Radjiman RW  006"
2024,"Kota Adm. Jakarta Timur",Cakung,Penggilingan,"TPS RW  008","Tipe 4","Jl  Raya Pengiilingan"
2024,"Kota Adm. Jakarta Timur",Cakung,Penggilingan,"TPS Rusun Pinus Blok A","Tipe 4","Rusun Pinus Blok A"
2024,"Kota Adm. Jakarta Timur",Cakung,Penggilingan,"TPS Rusun Pinus Blok B","Tipe 4","Rusun Pinus Blok B"
2024,"Kota Adm. Jakarta Timur",Cakung,Penggilingan,"TPS Rusun Pinus Blok D","Tipe 4","Rusun Pinus Blok B"
2024,"Kota Adm. Jakarta Timur",Cakung,Penggilingan,"TPS Rusun Pinus Blok E","Tipe 4","Rusun Pinus Blok B"
2024,"Kota Adm. Jakarta Timur",Cakung,Penggilingan,"TPS Rusun Komarudin","Tipe 4","Rusun P Komarudin"
2024,"Kota Adm. Jakarta Timur",Cakung,Penggilingan,"TPS Tikungan","Tipe 4","Jl  Raya Soemarno"
2024,"Kota Adm. Jakarta Timur",Cakung,"Cakung Timur","TPS RW  08","Tipe 4","RW  008"
2024,"Kota Adm. Jakarta Timur",Cakung,"Cakung Timur","TPS RW  07","Tipe 4","RW  07"
2024,"Kota Adm. Jakarta Timur",Cakung,Jatinegara,"TPS Gardu","Tipe 4","Bak Gardu"
2024,"Kota Adm. Jakarta Timur",Cakung,Jatinegara,"TPS Arion","Tipe 4",Arion
2024,"Kota Adm. Jakarta Timur",Cakung,Pulogebang,"TPS PTUN","Tipe 4","Jl  Sawo Kecik RT  11 RW  08"
2024,"Kota Adm. Jakarta Timur",Cakung,Pulogebang,"TPS PLN","Tipe 4","Jl  Sawo Kecik RW  08"
2024,"Kota Adm. Jakarta Selatan","Kebayoran Lama","Grogol Utara","TPS RW  14 Grogol Utara","Tipe 4","RW  14 Grogol Utara"
2024,"Kota Adm. Jakarta Selatan","Kebayoran Lama",Cipulir,"TPS RW  04 Cipulir","Tipe 4","RW  04 Cipulir"
2024,"Kota Adm. Jakarta Selatan","Kebayoran Lama","Grogol Selatan","TPS Bata Putih","Tipe 4","Pool Gerobak Bata Putih Jl  Kramat Patal RW  02 Kel  Grogol Selatan"
2024,"Kota Adm. Jakarta Selatan","Kebayoran Lama","Grogol Selatan","TPS Seha RW  010 Kel  Grogol Selatan","Tipe 4","RW  010 Kel  Grogol Selatan"
2024,"Kota Adm. Jakarta Selatan","Kebayoran Lama","Kebayoran Lama Utara","TPS RW  003 Jl Toji","Tipe 4","RW  009 Jl Toji"
2024,"Kota Adm. Jakarta Selatan","Kebayoran Lama","Grogol Utara","TPS RW  11 Kel Grogol Utara","Tipe 4","RW  11 Kel Grogol Utara"
2024,"Kota Adm. Jakarta Selatan","Kebayoran Lama","Grogol Utara","TPS RW  8 Kel Grogol Utara","Tipe 4","RW  8 Kel Grogol Utara"
2024,"Kota Adm. Jakarta Selatan","Kebayoran Lama","Kebayoran Lama Selatan","TPS Rw  11 Kel Kebayoran Lama Selatan","Tipe 4","RW  11 Kel  Kebayoran Lama Selatan"
2024,"Kota Adm. Jakarta Selatan","Kebayoran Lama","Grogol Selatan","TPS KMC","Tipe 4","Pool Gerobak KMC Jl  Mesjid Nurul Yakin Gg  H  Sairi RW  12"
2024,"Kota Adm. Jakarta Selatan","Kebayoran Lama","Grogol Utara","TPS Graha Pena","Tipe 2","Pool Countainer Graha Pena Jl  Kebayoran Lama RW  01"
2024,"Kota Adm. Jakarta Selatan","Kebayoran Lama","Grogol Utara","TPS Rw  013 Kel Grogol Utara","Tipe 2","RW  013 Kel Grogol Utara"
2024,"Kota Adm. Jakarta Selatan","Kebayoran Lama","Grogol Utara","TPS RW  07 Patal Senayan Kel  Grogol Utara","Tipe 2","RW  07 Patal Senayan Kel  Grogol Utara"
2024,"Kota Adm. Jakarta Selatan","Kebayoran Lama","Grogol Utara","TPS RW  08 GU Tentara pelajar","Tipe 2","RW  08 GU Tentara Pelajar Pool Kontainer"
2024,"Kota Adm. Jakarta Selatan","Kebayoran Lama","Grogol Utara","TPS RW  12 Kel  Grogol Utara","Tipe 2","RW  12 Kel  Grogol Utara"
2024,"Kota Adm. Jakarta Selatan","Kebayoran Lama","Grogol Utara","TPS RW  003 Kemandoran Kel  Grogol Utara","Tipe 2","RW  003 Kemandoran Kel  Grogol Utara"
2024,"Kota Adm. Jakarta Selatan","Kebayoran Lama","Grogol Selatan","TPS PD Pasar Bata Putih Jl Kramat Patal RW  02","Tipe 2","PD Pasar Bata Putih"
2024,"Kota Adm. Jakarta Selatan","Kebayoran Lama","Grogol Selatan","TPS RW  008 Simprug Kel  Grogol Selatan","Tipe 2","RW  008 Simprug Kel  Grogol Selatan"
2024,"Kota Adm. Jakarta Selatan","Kebayoran Lama","Grogol Selatan","TPS Cidodol Jl Panjang Cidodol","Tipe 2","Pool Kontainer PS Cidodol Jl  Panjang Cidodol"
2024,"Kota Adm. Jakarta Selatan","Kebayoran Lama",Cipulir,"TPS Ps  Sayur RW  009 Cipulir","Tipe 2","Pasar Sayur RW  009 Cipulir"
2024,"Kota Adm. Jakarta Selatan","Kebayoran Lama",Cipulir,"TPS Gedung Lemigas Jl Cileduk Raya","Tipe 2","Pool Kontainer Gedung Lemigas Jl Cileduk Raya"
2024,"Kota Adm. Jakarta Selatan","Kebayoran Lama",Cipulir,"TPS  Pasar Sayur Jl Cileduk Raya","Tipe 2","Pool Kontainer Pasar Sayur Jl  Cileduk Raya"
2024,"Kota Adm. Jakarta Selatan","Kebayoran Lama",Cipulir,"TPS PD Pasar Cipulir Jl Cileduk Raya","Tipe 2","Pool Kontainer PD Pasar Cipulir Jl  Cileduk Raya"
2024,"Kota Adm. Jakarta Selatan","Kebayoran Lama","Kebayoran Lama Utara","TPS PD Pasar Kebayoran Lama Jl Kramat RW  01","Tipe 2","Pool Kontainer PD Pasar Kebayoran Lama Jl  Kramat RW  01"
2024,"Kota Adm. Jakarta Selatan","Kebayoran Lama","Pondok Pinang","TPS RW  01 Pondok Pinang Jl Jati Indah","Tipe 2","Pool Kontainer RW  01 Pondok Pinang Jl  Jati Indah"
2024,"Kota Adm. Jakarta Selatan","Kebayoran Lama","Pondok Pinang","TPS RW  08 Pondok Pinang Jl H Saikin","Tipe 2","Pool Kontainer RW  08 Pondok Pinang Jl  H  Saikin"
2024,"Kota Adm. Jakarta Selatan","Mampang Prapatan",Bangka,"TPS Dharma Jaya","Tipe 1","Jl  Kemang Utara IX RT  06 RW  04 Kel  Bangka"
2024,"Kota Adm. Jakarta Selatan","Mampang Prapatan",Bangka,"TPS Kober","Tipe 1","Jl  Kemang Selatan VIII RW  02 Kel  Bangka"
2024,"Kota Adm. Jakarta Selatan","Mampang Prapatan",Bangka,"TPS Panin","Tipe 4","Jl  Kemang Selatan X RW  02 Kel  Bangka"
2024,"Kota Adm. Jakarta Selatan","Mampang Prapatan","Mampang Prapatan","TPS Kratingdaeng","Tipe 4","Jl  Kapt  Tendean RW  02 Kel  Mampang Prapatan"
2024,"Kota Adm. Jakarta Selatan","Mampang Prapatan","Mampang Prapatan","TPS Levin","Tipe 4","Jl  Kapt  Tendean RW  02 Kel  Mampang Prapatan"
2024,"Kota Adm. Jakarta Selatan","Mampang Prapatan","Mampang Prapatan","TPS Al Falah","Tipe 4","Jl  Mampang Raya   Jl Mampang Prapatan I  RW  06 Kel  Mampang Prapatan"
2024,"Kota Adm. Jakarta Selatan","Mampang Prapatan","Mampang Prapatan","TPS Gg  Jati","Tipe 4","Jl  Kapt  Tendean RW  01 Kel  Mampang Prapatan"
2024,"Kota Adm. Jakarta Selatan","Mampang Prapatan","Pela Mampang","TPS Bangka I","Tipe 4","Jl  Kapt  Tendean RW  01 Kel  Pela Mampang"
2024,"Kota Adm. Jakarta Selatan","Mampang Prapatan","Kuningan Barat","TPS Suharti","Tipe 4","Jl  Kapt  Tendean RW  05 Kel  Kuningan Barat"
2024,"Kota Adm. Jakarta Selatan","Mampang Prapatan","Pela Mampang","TPS Bangka X","Tipe 4","Jl  Bangka X Ujung RW  07 Kel  Pela Mampang"
2024,"Kota Adm. Jakarta Selatan","Mampang Prapatan",Bangka,"TPS Codefin","Tipe 3","Jl  Kemang Raya RW  01 Kel  Bangka"
2024,"Kota Adm. Jakarta Selatan","Mampang Prapatan",Bangka,"TPS Mira Sari","Tipe 2","Jl  Kemang Utara RW  04 Kel  Bangka"
2024,"Kota Adm. Jakarta Selatan","Mampang Prapatan","Tegal Parang","TPS Blue Bird","Tipe 2","Jl  Mampang Raya RW  06 Kel  Tegal Parang"
2024,"Kota Adm. Jakarta Selatan","Mampang Prapatan","Kuningan Barat","TPS Studio 41","Tipe 2","Jl  Kapt  Tendean RW  03 Kel  Kuningan Barat"
2024,"Kota Adm. Jakarta Selatan","Mampang Prapatan","Kuningan Barat","TPS Cyber","Tipe 2","Jl  Kapt  Tendean RW  01 Kel  Kuningan Barat"
2024,"Kota Adm. Jakarta Selatan","Mampang Prapatan","Kuningan Barat","TPS Pariwisata","Tipe 2","Jl  Abd  Rohim RW  01 Kel  Kuningan Barat"
2024,"Kota Adm. Jakarta Selatan","Mampang Prapatan","Kuningan Barat","TPS Museum Satria Mandala","Tipe 2","Jl  Gatot Subroto R 01 Kel Kuningan Barat"
2024,"Kota Adm. Jakarta Selatan","Mampang Prapatan","Kuningan Barat","TPS LIPI","Tipe 2","Jl  Gatot Subroto R 01 Kel Kuningan Barat"
2024,"Kota Adm. Jakarta Selatan","Mampang Prapatan","Kuningan Barat","TPS PLN","Tipe 4","Jl  Kapt  Tendean RW  01 Kel  Kuningan Barat"
2024,"Kota Adm. Jakarta Selatan","Mampang Prapatan","Pela Mampang","TPS Pasar Kecil","Tipe 4","Jl  Bangka Raya RW  05 Kel  Pela Mampang"
2024,"Kota Adm. Jakarta Selatan","Mampang Prapatan",Bangka,"TPS Pasar Buncit","Tipe 4","Jl  Kemang Utara IX RT  09 RW  04 Kel  Bangka"
2024,"Kota Adm. Jakarta Selatan","Mampang Prapatan","Mampang Prapatan","TPS Pasar Mampang","Tipe 4","Jl Mampang Raya RT  05 RW  01 Kel  Mampang Prapatan"
2024,"Kota Adm. Jakarta Selatan",Pancoran,Rawajati,"TPS DPR Rawajati","Tipe 1","JI  Rawajati Barat"
2024,"Kota Adm. Jakarta Selatan",Pancoran,Rawajati,"TPS KBI Rawajati","Tipe 1","JI  Perumahan Kalibata Indah"
2024,"Kota Adm. Jakarta Selatan",Pancoran,"Duren tiga","TPS PLN Sigura gura","Tipe 2","Jl  Duren Tiga PLN"
2024,"Kota Adm. Jakarta Selatan",Pancoran,Pancoran,"TPS MBAU","Tipe 4","Jl  Tiloka V No  1 Kel  Pancoran Kec  Pancoran"
2024,"Kota Adm. Jakarta Selatan",Pancoran,Rawajati,"TPS 3R","Tipe 1","Jl  Zeni AD 4 RT  009 03 Kel  Rawajati Kec  Pancoran"
2024,"Kota Adm. Jakarta Selatan",Pancoran,Kalibata,"TPS Buncit 1","Tipe 4","JL Buncit Raya Titik Gerobak Puteran Tanjakan Janda"
2024,"Kota Adm. Jakarta Selatan",Pancoran,Kalibata,"TPS Buncit 2","Tipe 4","Jl  Buncit Raya Titik Pulo Kalibata"
2024,"Kota Adm. Jakarta Selatan",Pancoran,"Duren tiga","TPS Buncit 3","Tipe 4","Jl  Buncit Raya Titik Imigrasi"
2024,"Kota Adm. Jakarta Selatan",Pancoran,Pancoran,"TPS ABN Pancoran","Tipe 2","Jl  Pancoran Timur 2A No  24"
2024,"Kota Adm. Jakarta Selatan",Pancoran,Rawajati,"TPS Transmigrasi","Tipe 2","Jl  Jati Luhur No  33 RT  6 RW  7 Rawajati Kec  Pancoran"
2024,"Kota Adm. Jakarta Selatan",Pancoran,Pengadegan,"TPS BPK Pengadegan","Tipe 2","Jl  Binawarga II Selatan RT  6 RW  7 Kalibata Pancoran"
2024,"Kota Adm. Jakarta Selatan",Pancoran,Cikoko,"TPS Dinas Pariswisata BSF","Tipe 2","Jl  MT  Haryono"
2024,"Kota Adm. Jakarta Selatan",Pancoran,Pengadegan,"TPS Rusun Pengadegan","Tipe 2","Jl  Pengadegan Timur I RT  7 RW  1 Pengadegan  Kec  Pancoran"
2024,"Kota Adm. Jakarta Selatan",Pancoran,Pancoran,"TPS Catering Puspa","Tipe 2","Jl  Pancoran Timur"
2024,"Kota Adm. Jakarta Selatan",Pancoran,Cikoko,"TPS BPK Cikoko","Tipe 2","Jl  Letjen MT  Haryono  RT  4 RW  2 Cikoko  Kec  Pancoran"
2024,"Kota Adm. Jakarta Selatan",Pancoran,Rawajati,"TPS Pool Taksi Blue Bird","Tipe 2","Jl  Rawajati"
2024,"Kota Adm. Jakarta Selatan",Pancoran,Pengadegan,"TPS LIA Pengadegan","Tipe 2","Jl  Pengadegan Tmr Raya 3 Cikoko Pancoran RT  3 RW  7 Pengadegan Kec  Pancoran"
2024,"Kota Adm. Jakarta Selatan",Pancoran,"Duren Tiga","TPS Mendagri","Tipe 2","Jl  Raya Kalibata No  8 RT  11 RW  7 Duren Tiga Kec  Pancoran"
2024,"Kota Adm. Jakarta Selatan",Pancoran,"Duren Tiga","TPS Perguruan Cikini","Tipe 4","Jl  Duren Tiga Raya"
2024,"Kota Adm. Jakarta Selatan","Pasar Minggu","Pejaten Barat","TPS Brimob","Tipe 4","RW  02 Asrama Brimob"
2024,"Kota Adm. Jakarta Pusat","Sawah Besar","Karang Anyar","TPS Karang Anyar","Tipe 4","Jl  Karang Anyar Raya"
2024,"Kota Adm. Jakarta Pusat","Sawah Besar","Mangga Dua Selatan","Mangga Besar 13  Djinggo","Tipe 4","Jl  Mangga Besar 13"
2024,"Kota Adm. Jakarta Pusat","Sawah Besar","Pasar Baru","TPS Djuanda","Tipe 4","Jl  Pintu Air II"
2024,"Kota Adm. Jakarta Pusat","Sawah Besar","Mangga Dua Selatan","TPS Mangga Dua Dalam","Tipe 4","Jl  Mangga Dua Dalam"
2024,"Kota Adm. Jakarta Pusat",Senen,Senen,"TPS RW  05 Senen","Tipe 2","Jl  Abdurohman Saleh"
2024,"Kota Adm. Jakarta Pusat",Senen,Kenari,"TPS Komplek Salemba","Tipe 4","Jl  Salemba Raya"
2024,"Kota Adm. Jakarta Pusat",Senen,Kenari,"TPS Kenari 2","Tipe 4","Kenari 2"
2024,"Kota Adm. Jakarta Pusat",Senen,Keramat,"Keramat Sentiong","Tipe 4","Jl  Keramat Sentiong"
2024,"Kota Adm. Jakarta Pusat",Senen,Keramat,"TPS Sedap Malam","Tipe 4","Jl  Sedap Malam"
2024,"Kota Adm. Jakarta Pusat",Senen,Kwitang,"TPS RW  07 Kwitang","Tipe 4","Jl  Kwitang 2"
2024,"Kota Adm. Jakarta Pusat",Senen,Kwitang,"TPS Gunung Agung","Tipe 4","Gunung Agung"
2024,"Kota Adm. Jakarta Pusat",Senen,Paseban,"TPS Salemba Tengah","Tipe 4","Jl  Salemba Tengah"
2024,"Kota Adm. Jakarta Pusat",Senen,Paseban,"TPS RW  01 Paseban","Tipe 2","Jl  Keramat Lontar"
2024,"Kota Adm. Jakarta Pusat",Senen,Senen,"TPS RW  04 Senen","Tipe 4","Stasiun Senen"
2024,"Kota Adm. Jakarta Pusat",Senen,Paseban,"TPS Pramuka Jati","Tipe 1","Jl  Pramuka Jati"
2024,"Kota Adm. Jakarta Pusat",Senen,Bungur,"TPS Berlin","Tipe 1","Jl  Bungur Besar"
2024,"Kota Adm. Jakarta Pusat",Senen,Paseban,"TPS Keramat Sawah","Tipe 1","Jl  Keramat Sawah"
2024,"Kota Adm. Jakarta Pusat",Senen,Kwitang,"TPS Pasar Kwitang","Tipe 4","Jl  Kwitang 1"
2024,"Kota Adm. Jakarta Pusat",Senen,Senen,"TPS RW 03 Senen","Tipe 2","Jl  DR Abdul Rahmat Saleh"
2024,"Kota Adm. Jakarta Pusat",Senen,Senen,"TPS Pasar Senen Blok 3 amp 6","Tipe 4","Jl  Senen Raya"
2024,"Kota Adm. Jakarta Pusat",Senen,Bungur,"TPS Stasiun Senen","Tipe 4","Jl  Bungur Besar Raya"
2024,"Kota Adm. Jakarta Pusat","Tanah Abang","Bendungan Hilir","TPS Rusun Benhil II","Tipe 4","Jl  Lan 2 Pejompongan"
2024,"Kota Adm. Jakarta Pusat","Tanah Abang","Bendungan Hilir","TPS Rusun Benhil I","Tipe 4","Jl  Penjernihan I"
2024,"Kota Adm. Jakarta Pusat","Tanah Abang",Gelora,"TPS Pasar Palmerah","Tipe 4","Jl  Palmerah Selatan"
2024,"Kota Adm. Jakarta Pusat","Tanah Abang",Gelora,"TPS Pasar UKM Lokbin Palmerah","Tipe 4","Jl  Palmerah Barat RT RW  01 02"
2024,"Kota Adm. Jakarta Pusat","Tanah Abang","Kampung Bali","TPS Stasiun Tanah Abang","Tipe 4","Jl  Jati Baru"
2024,"Kota Adm. Jakarta Pusat","Tanah Abang","Karet Tengsin","TPS Rusun Karteng","Tipe 4","Jl  Karet Pasar Baru Barat I RW  07"
2024,"Kota Adm. Jakarta Pusat","Tanah Abang","Kebon Kacang","TPS RSTA RW  10","Tipe 4","Jl  KH  Mas Mansyur"
2024,"Kota Adm. Jakarta Pusat","Tanah Abang","Kebon Melati","TPS Pasar Lontar","Tipe 4","Jl  Sabeni Raya"
2024,"Kota Adm. Jakarta Pusat","Tanah Abang",Petamburan,"TPS Rusun Petamburan","Tipe 4","Jl  Petamburan V Rw 11"
2024,"Kota Adm. Jakarta Pusat","Tanah Abang","Bendungan Hilir","TPS PAM","Tipe 4","Jl  Pam Baru Raya"
2024,"Kota Adm. Jakarta Pusat","Tanah Abang",Gelora,"TPS 3R GBK","Tipe 1","Jl  Pintu X Gelora Bung Karno"
2024,"Kota Adm. Jakarta Pusat","Tanah Abang","Kebon Melati","TPS PLN","Tipe 4","Jl  Awaludin IV RT RW 03 17"
2024,"Kota Adm. Jakarta Pusat","Tanah Abang",Petamburan,"TPS RW  01 Petamburan","Tipe 4","Jl  Jati Pinggir RW  01"
2024,"Kota Adm. Jakarta Pusat","Tanah Abang",Petamburan,"TPS RW  04 Petamburan","Tipe 4","Jl  Jati Pinggir RW  04"
2024,"Kota Adm. Jakarta Pusat","Tanah Abang","Kampung Bali","TPS Pasar Kebon Jati   Blok G","Tipe 2","Jl  Kebon Jati"
2024,"Kota Adm. Jakarta Pusat","Tanah Abang","Karet Tengsin","TPS RW   07 Karet Tengsin","Tipe 2","Jl  Karet Pasar Baru Barat I RW  07"
2024,"Kota Adm. Jakarta Pusat","Tanah Abang","Kebon Kacang","TPS RSTA RW  11","Tipe 2","Jl  Kebon Kacang IX RW  11"
2024,"Kota Adm. Jakarta Pusat","Tanah Abang","Kebon Kacang","TPS Pasar Gandaria","Tipe 2","Jl  Kebon Kacang I"
2024,"Kota Adm. Jakarta Pusat","Tanah Abang","Kebon Kacang","TPS RSKK","Tipe 2","Jl  Kebon Kacang XI"
2024,"Kota Adm. Jakarta Pusat","Tanah Abang","Bendungan Hilir","TPS RW  07 Bendungan Hilir","Tipe 4","Jl  Administrasi Negara I"
2024,"Kota Adm. Jakarta Pusat","Tanah Abang",Gelora,"TPS Palmerah Selatan","Tipe 4","Jl  Palmerah Selatan"
2024,"Kota Adm. Jakarta Pusat","Tanah Abang",Gelora,"TPS RW  02 Gelora","Tipe 4","Jl  Gelora 9 Rw 02"
2024,"Kota Adm. Jakarta Pusat","Tanah Abang","Kampung Bali","TPS Kampung Bali 25","Tipe 4","Jl  Kampung Bali XXV"
2024,"Kota Adm. Jakarta Pusat","Tanah Abang","Kampung Bali","TPS Taman Kebon Sirih 1","Tipe 4","Jl  Taman Kebon Sirih 1"
2024,"Kota Adm. Jakarta Pusat","Tanah Abang","Kampung Bali","TPS Kebon Jati","Tipe 4","Jl  Kebon Jati"
2024,"Kota Adm. Jakarta Pusat","Tanah Abang","Karet Tengsin","TPS Abdul Jalil","Tipe 4","Jl  Abdul Jalil"
2024,"Kota Adm. Jakarta Pusat","Tanah Abang","Karet Tengsin","TPS Karet Bivak","Tipe 4","Jl  KH  Mas Mansyur"
2024,"Kota Adm. Jakarta Pusat","Tanah Abang","Kebon Kacang","TPS Kebon Kacang 9","Tipe 4","Jl  Kebon Kacang 9 Rw  03"
2024,"Kota Adm. Jakarta Pusat","Tanah Abang","Kebon Kacang","TPS Kebon Kacang 8","Tipe 4","Jl  Kebon Kacang 8 Rw  02"
2024,"Kota Adm. Jakarta Pusat","Tanah Abang","Kebon Melati","TPS Talang Betutu","Tipe 4","Jl  Talang Betutu"
2024,"Kota Adm. Jakarta Selatan",Cilandak,"Perbatasan Kel  Cilandak Barat dan Kel  Lebak Bulus","TPS Balong","Tipe 4","Jl  Gunung Balong Kel  Lebak Bulus"
2024,"Kota Adm. Jakarta Selatan",Cilandak,"Gandaria Selatan","TPS Poncol","Tipe 1","Jl  Poncol Gandaria Selatan"
2024,"Kota Adm. Jakarta Selatan",Cilandak,"Lebak Bulus","TPS Pertanian","Tipe 1","Jl  Pertanian Raya Kel  Lebak Bulus"
2024,"Kota Adm. Jakarta Selatan",Cilandak,"Cilandak Barat","TPS Antasari","Tipe 4","Jl  Antasari Raya Kel  Cilandak Barat"
2024,"Kota Adm. Jakarta Selatan",Cilandak,"Lebak Bulus","TPS Perumahan Karinda Indah","Tipe 2","Jl  Karang Tengah Raya RT  13 RW  3  Lb  Bulus  Kec  Cilandak"
2024,"Kota Adm. Jakarta Selatan",Cilandak,"Pondok Labu","TPS Pasar Pondok Labu","Tipe 2","Jl  Pondok Labu Raya RT  04 RW  01 Kel  Pondok Labu"
2024,"Kota Adm. Jakarta Selatan",Cilandak,"Cipete Selatan","TPS Pasar Cipete Selatan","Tipe 2","Jl  Pangeran Antasari RT  9 RW  4  Cipete Selatan  Kec  Cilandak"
2024,"Kota Adm. Jakarta Selatan",Cilandak,"Cipete Selatan","TPS RW  04 Cipete Selatan","Tipe 2","Jl  H  ALi RT  04 RW  06 Kel  Cipete Selatan"
2024,"Kota Adm. Jakarta Selatan",Cilandak,"Lebak Bulus","TPS Batan","Tipe 2","Jl  Lebak Bulus Raya No  9  RT  3 RW  2  Lebak Bulus  Cilandak  RT  3 RW  2  Lebak Bulus"
2024,"Kota Adm. Jakarta Selatan",Cilandak,"Cilandak Barat","TPS Pasar Mede","Tipe 2","Jl  RS  Fatmawati Raya  RT  2 RW  5  Cilandak Barat  Kec  Cilandak"
2024,"Kota Adm. Jakarta Selatan",Cilandak,"Gandaria Selatan","TPS Panti Sosial H  Nawi","Tipe 2","Jl  Margaguna Raya No 1  RT 11 RW 1  Gandaria Selatan  Kec  Cilandak"
2024,"Kota Adm. Jakarta Selatan",Cilandak,"Pondok Labu","TPS Jl  Bango","Tipe 4","Jl  Pinang Kalijati No  53  RT  11 RW  9  Pd  Labu  Kec  Cilandak"
2024,"Kota Adm. Jakarta Selatan",Jagakarsa,"Lenteng Agung","TPS RW  08","Tipe 1","Jl  Raya Lenteng Agung Timur"
2024,"Kota Adm. Jakarta Selatan",Jagakarsa,"Lenteng Agung","TPS LPS RW  01 Jalan Joe","Tipe 1","Jl  Joe RT  007 01 Kelurahan Lenteng Agung"
2024,"Kota Adm. Jakarta Selatan",Jagakarsa,Jagakarsa,"TPS LPS Kampung Kandang","Tipe 1","Jl  H  Thohir I Kelurahan Jagakarsa"
2024,"Kota Adm. Jakarta Selatan",Jagakarsa,"Srengseng Sawah","TPS LPS Kabeda","Tipe 1","Jl  Pemuda RW  09 Kel  Srengseng Sawah"
2024,"Kota Adm. Jakarta Selatan",Jagakarsa,Ciganjur,"TPS LPS Manggis","Tipe 1","Jl  Manggis RT  001 01 Kelurahan Ciganjur"
2024,"Kota Adm. Jakarta Selatan",Jagakarsa,"Srengseng Sawah","TPS Setu Babakan","Tipe 4","RW  08 Setu Babakan Kelurahan Srengseng Sawah"
2024,"Kota Adm. Jakarta Selatan",Jagakarsa,"Tanjung Barat","TPS Jalan Gintung","Tipe 1","Jl  Gintung Kelurahan Tanjung Barat"
2024,"Kota Adm. Jakarta Selatan",Jagakarsa,Ciganjur,"TPS Jalan Sadar","Tipe 1","Jl  Sadar RT  005 05 Kelurahan Ciganjur"
2024,"Kota Adm. Jakarta Selatan",Jagakarsa,"Srengseng Sawah","TPS Setu Babakan","Tipe 2","Unit Pengelola Kawasan Perkampungan Budaya Betawi Setu Babakan"
2024,"Kota Adm. Jakarta Selatan",Jagakarsa,"Srengseng Sawah","TPS RW  04 Srengseng Sawah","Tipe 2","Jl  Raya Srengseng Sawah RW  04 Kelurahan Srengseng Sawah"
2024,"Kota Adm. Jakarta Selatan",Jagakarsa,Jagakarsa,"TPS Pasar Lenteng Agung","Tipe 2","Jl  Raya Jagakarsa No  3 RT  003 01 Kelurahan Jagakarsa"
2024,"Kota Adm. Jakarta Timur","Kramat Jati","Kramat Jati","TPS RS POLRI RT  11 RW  04","Tipe 4","Jl  RS  POLRI RT  11 RW  04"
2024,"Kota Adm. Jakarta Timur","Kramat Jati","Kramat Jati","TPS Nusa I RT  03 RW  05","Tipe 4","Jl  Nusa I RT  03 RW  05"
2024,"Kota Adm. Jakarta Timur","Kramat Jati","Kramat Jati","TPS H  Mudenia RT  06 RW  09","Tipe 2","Jl  H  Mudenia RT  06 RW  09"
2024,"Kota Adm. Jakarta Timur","Kramat Jati","Kramat Jati","TPS Al Amin RW  06","Tipe 2","Jl  Al Amin"
2024,"Kota Adm. Jakarta Timur","Kramat Jati",Tengah,"TPS Komplek Zeni AD","Tipe 4","Komplek Zeni AD"
2024,"Kota Adm. Jakarta Timur","Kramat Jati",Tengah,"TPS Kerantai Perak RT  04 RW  05","Tipe 1","Jl  Kerantai Perak RT  04 RW  05"
2024,"Kota Adm. Jakarta Timur","Kramat Jati",Tengah,"TPS Komplek Paspampres","Tipe 2","Komplek Paspampres"
2024,"Kota Adm. Jakarta Timur","Kramat Jati",Tengah,"TPS Karya","Tipe 2","Jl  Karya"
2024,"Kota Adm. Jakarta Timur",Makasar,"Cipinang Melayu","TPS RW  06 Kodam","Tipe 3","Jl  Seulawah Raya"
2024,"Kota Adm. Jakarta Timur",Makasar,"Cipinang Melayu","TPS RW  04","Tipe 4","Jl  Inpeksi Tarum Barat"
2024,"Kota Adm. Jakarta Timur",Makasar,"Cipinang Melayu","TPS RW  11","Tipe 4","Jl  Inpeksi Tarum Barat"
2024,"Kota Adm. Jakarta Timur",Makasar,"Cipinang Melayu","TPS RW  12","Tipe 4","Jl  Harapan Indah"
2024,"Kota Adm. Jakarta Timur",Makasar,"Cipinang Melayu","TPS RW  13","Tipe 4","Jl  Pangkalan Jati I"
2024,"Kota Adm. Jakarta Timur",Makasar,"Cipinang Melayu","TPS RW  02","Tipe 4","Jl  Inpeksi Tarum Barat"
2024,"Kota Adm. Jakarta Timur",Makasar,"Cipinang Melayu","TPS RW  01","Tipe 4","Jl  Taruna"
2024,"Kota Adm. Jakarta Timur",Makasar,"Cipinang Melayu","TPS RW  09","Tipe 2","Jl  Pangkalan Jati VII"
2024,"Kota Adm. Jakarta Timur",Makasar,"Cipinang Melayu","TPS RW  04 Borobudur","Tipe 2","Jl  Pangeran"
2024,"Kota Adm. Jakarta Timur",Makasar,"Cipinang Melayu","TPS RW  03","Tipe 2","Jl  Al Muqorobin"
2024,"Kota Adm. Jakarta Timur",Makasar,"Halim Perdana Kusuma","TPS RW  1","Tipe 4","Jl  Werkudoro"
2024,"Kota Adm. Jakarta Timur",Makasar,"Halim Perdana Kusuma","TPS RW  14","Tipe 4","Jl  Kayatun"
2024,"Kota Adm. Jakarta Timur",Makasar,"Halim Perdana Kusuma","TPS RW  12 Rajawali","Tipe 2","Jl  Siaga 4"
2024,"Kota Adm. Jakarta Timur",Makasar,"Halim Perdana Kusuma","TPS RW  11 Rajawali","Tipe 4","Jl  Rajawali Baru"
2024,"Kota Adm. Jakarta Timur",Makasar,"Halim Perdana Kusuma","TPS RW  010 Halim PK  Pringgondani","Tipe 4","Jl  Raya Halim"
2024,"Kota Adm. Jakarta Timur",Makasar,"Halim Perdana Kusuma","TPS RW  010 Halim PK  RSAU","Tipe 2","Jl  Jatayu"
2024,"Kota Adm. Jakarta Timur",Makasar,"Halim Perdana Kusuma","TPS RW  009 Halim PK  Griya Ardyagarini","Tipe 4","Jl  Jatayu"
2024,"Kota Adm. Jakarta Timur",Makasar,"Halim Perdana Kusuma","TPS RW  009 Halim PK  STTD","Tipe 2","Jl  Raya Halim"
2024,"Kota Adm. Jakarta Timur",Makasar,"Halim Perdana Kusuma","TPS RW  04","Tipe 2","Jl  Squadron"
2024,"Kota Adm. Jakarta Timur",Makasar,"Halim Perdana Kusuma","TPS Halim Perdana Kusuma RW  3 RT  19","Tipe 1","Jl  Bima RT  19 RW  03"
2024,"Kota Adm. Jakarta Timur",Makasar,"Halim Perdana Kusuma","TPS RW  03 Kukila","Tipe 1","Jl  Kukila Raya"
2024,"Kota Adm. Jakarta Timur",Makasar,"Halim Perdana Kusuma","TPS RW  003  Gedung Garda","Tipe 2","Jl  Raya Pondok Gede"
2024,"Kota Adm. Jakarta Timur",Makasar,"Halim Perdana Kusuma","TPS RW  002 Halim PK  LAKESGILUT","Tipe 2","Jl  Raya Pondok Gede RT  9 RW  1"
2024,"Kota Adm. Jakarta Timur",Makasar,"Kebon Pala","TPS RW  01 10 Kamboja","Tipe 4","Jl  Kamboja"
2024,"Kota Adm. Jakarta Timur",Makasar,"Kebon Pala","TPS RW  04","Tipe 4","Jl  SD Inpres"
2024,"Kota Adm. Jakarta Timur",Makasar,"Kebon Pala","TPS RW  07","Tipe 4","Jl  Mayjen Sutoyo"
2024,"Kota Adm. Jakarta Timur",Makasar,"Kebon Pala","TPS RW  08","Tipe 4","Jl  Halim Perdana Kusumah"
2024,"Kota Adm. Jakarta Timur",Makasar,"Kebon Pala","TPS RW  08  Hotel TIRTA","Tipe 3","Jl  Raya Halim PK"
2024,"Kota Adm. Jakarta Timur",Makasar,"Kebon Pala","TPS RW  012 Kebon Pala","Tipe 4","Jl  Permata"
2024,"Kota Adm. Jakarta Timur",Makasar,"Kebon Pala","TPS RW  03 SDI","Tipe 4","Jl  Udayana"
2024,"Kota Adm. Jakarta Timur",Makasar,"Kebon Pala","TPS RW  03 Jembatan","Tipe 4","Jl  Udayana"
2024,"Kota Adm. Jakarta Timur",Makasar,"Kebon Pala","TPS RW  03 Kebon Pala Pinggir Kali","Tipe 4","Gg  Siluman"
2024,"Kota Adm. Jakarta Timur",Makasar,"Kebon Pala","TPS RW  05","Tipe 4","Jl  Usman Harun"
2024,"Kota Adm. Jakarta Timur",Makasar,"Kebon Pala","TPS RW  05","Tipe 4","Jl  Permata"
2024,"Kota Adm. Jakarta Timur",Makasar,"Kebon Pala","TPS RW  05 RT  01","Tipe 4","Jl  Usman Harun"
2024,"Kota Adm. Jakarta Timur",Makasar,"Kebon Pala","TPS RW  05  Kantor BKKBN","Tipe 4","Jl  Halim Perdana Kusuma"
2024,"Kota Adm. Jakarta Timur",Makasar,"Kebon Pala","TPS RW  05   PT  Transjakarta","Tipe 4","Jl  Permata"
2024,"Kota Adm. Jakarta Timur",Makasar,"Kebon Pala","TPS RW  06 Kebon Pala  KEMHAN","Tipe 4","Jl  DI Panjaitan"
2024,"Kota Adm. Jakarta Timur",Makasar,"Kebon Pala","TPS RW  06  Kementrian PU","Tipe 4","Jl  Cililitan RW  01 Kebon Pala"
2024,"Kota Adm. Jakarta Timur",Makasar,"Kebon Pala","TPS RW  06  Lahan Yongki","Tipe 2","Jl  DI Panjaitan"
2024,"Kota Adm. Jakarta Timur",Makasar,"Kebon Pala","TPS RW  06  Kantor PAB Perum Jasa Tirta II","Tipe 4","Jl  Inspeksi Tarum Barat RW  06 Kebon Pala"
2024,"Kota Adm. Jakarta Timur",Makasar,"Kebon Pala","TPS RW  06 Kebon Pala  Hotel 678","Tipe 2","Jl  Mayjend Sutoyo"
2024,"Kota Adm. Jakarta Timur",Makasar,Makasar,"TPS RW  02 Pasar Embrio","Tipe 4","Jl  Kerja Bakti"
2024,"Kota Adm. Jakarta Timur",Makasar,Makasar,"TPS RW  04 PPSU","Tipe 4","Jl  Wijaya Kusuma"
2024,"Kota Adm. Jakarta Timur",Makasar,"Pinang Ranti","TPS Karimata","Tipe 3","Jl  Raya Taman Mini 1"
2024,"Kota Adm. Jakarta Timur",Makasar,"Pinang Ranti","TPS RW  01 Asrama Haji","Tipe 1","Jl  Raya Pondok Gede"
2024,"Kota Adm. Jakarta Timur",Makasar,"Pinang Ranti","TPS RW  02 Jasamarga","Tipe 1","Jl  Raya TMII"
2024,"Kota Adm. Jakarta Timur",Makasar,"Pinang Ranti","TPS RW  02 RTM","Tipe 1","Jl  Asem Nirbaya"
2024,"Kota Adm. Jakarta Timur",Makasar,"Pinang Ranti","TPS RW  05","Tipe 2","Jl  Al Falah"
2024,"Kota Adm. Jakarta Timur",Makasar,"Pinang Ranti","TPS RW  04","Tipe 2","Gg  Melati"
2024,"Kota Adm. Jakarta Timur",Makasar,"Pinang Ranti","TPS RW  01","Tipe 2","Jl  Pinang Ranti Barat"
2024,"Kota Adm. Jakarta Timur",Makasar,"Pinang Ranti","TPS RW  02 Gedung Pewayangan","Tipe 2","Jl  Pintu I TMII"
2024,"Kota Adm. Jakarta Timur",Makasar,"Pinang Ranti","TPS RW  03 Padepokan Pencak Silat","Tipe 2","Jl  Raya TMII"
2024,"Kota Adm. Jakarta Timur",Makasar,"Pinang Ranti","TPS RW  03 Masjid At Tin","Tipe 2","Jl  Raya TMII"
2024,"Kota Adm. Jakarta Timur",Matraman,"Utan Kayu Selatan","TPS RW  04 05 Asem Gede","Tipe 4","Jl  Asem Gede I"
2024,"Kota Adm. Jakarta Timur",Matraman,"Kebon Manggis","TPS RT  23 03 Berlan","Tipe 4","Jl  Berlan RT  23 03"
2024,"Kota Adm. Jakarta Timur",Matraman,"Kebon Manggis","TPS RT  28 03 Berlan","Tipe 4","Jl  Kesatrian IV"
2024,"Kota Adm. Jakarta Timur",Matraman,"Kebon Manggis","TPS RT  22 03 Berlan","Tipe 4","Jl  Kesatrian V"
2024,"Kota Adm. Jakarta Timur",Matraman,"Kebon Manggis","TPS RT  15 03 Berlan","Tipe 4","Jl  Kesatrian V D Berlan"
2024,"Kota Adm. Jakarta Timur",Matraman,"Kebon Manggis","TPS RT  19 20 RW  03","Tipe 4","Jl  Kesatrian V D"
2024,"Kota Adm. Jakarta Timur",Matraman,"Kebon Manggis","TPS RT  25 03 Berlan","Tipe 4","Jl  Kesatrian 8 RT  25 03 Berlan"
2024,"Kota Adm. Jakarta Timur",Matraman,"Kebon Manggis","TPS RT  21 Berlan","Tipe 4","Jl  Kesatrian VIII"
2024,"Kota Adm. Jakarta Timur",Matraman,"Kebon Manggis","TPS RT  27 03 Berlan","Tipe 4","Jl  Kesatrian IX Berlan"
2024,"Kota Adm. Jakarta Timur",Matraman,"Kebon Manggis","TPS RT  12 03 Berlan","Tipe 4","Jl  Kesatrian 10"
2024,"Kota Adm. Jakarta Timur",Matraman,"Kebon Manggis","TPS PUSZIAD","Tipe 4","Jl  Kesatrian II"
2024,"Kota Adm. Jakarta Timur",Matraman,"Kebon Manggis","TPS RT  18 03 Berlan","Tipe 4","Jl  Kesatrian VIII"
2024,"Kota Adm. Jakarta Timur",Matraman,"Kebon Manggis","TPS RT  17 03 Berlan","Tipe 4","Jl  Kesatrian IX Berlan"
2024,"Kota Adm. Jakarta Timur",Matraman,"Kebon Manggis","TPS RT  11 03 Berlan","Tipe 4","Jl  Kesatrian X Berlan"
2024,"Kota Adm. Jakarta Timur",Matraman,"Kebon Manggis","TPS RT  14 10 RW  03 Berlan","Tipe 4","Jl  Kesatrian X Berlan"
2024,"Kota Adm. Jakarta Timur",Matraman,"Pisangan Baru","TPS Pisangan Baru","Tipe 1","Jl  Pisangan Baru Tengah RT  14"
2024,"Kota Adm. Jakarta Timur",Matraman,"Utan Kayu Selatan","TPS Utan Kayu Selatan","Tipe 1","Jl  Galur Sari RT  12 RW  01"
2024,"Kota Adm. Jakarta Timur",Matraman,"Kayu Manis","TPS Kayu Manis","Tipe 1","Jl  Kayu Manis 4 Baru RW  03"
2024,"Kota Adm. Jakarta Timur",Matraman,Palmeriam,"TPS RW  08","Tipe 2","Jl  Kayu Manis Lama I RW  08"
2024,"Kota Adm. Jakarta Timur",Matraman,Palmeriam,"TPS RW  10","Tipe 2","Jl  Pramuka RW  10"
2024,"Kota Adm. Jakarta Timur",Matraman,Palmeriam,"LPS RW 10","Tipe 1","Jl  Siaga Raya"
2024,"Kota Adm. Jakarta Timur","Pasar Rebo",Baru,"Yonkav Atas Barak Kel  Baru","Tipe 2","Jl  Yonkav Rt 001 Rw 006 Kel  Baru"
2024,"Kota Adm. Jakarta Timur","Pasar Rebo",Baru,"Dipo H  Moong Kel  Baru","Tipe 1","Jl  H  Moong Rt 006 Rw 002 Kel  Baru"
2024,"Kota Adm. Jakarta Timur","Pasar Rebo",Baru,"Komplek Bekangdam Jaya Kel  Baru","Tipe 2","Jl  Ra  Fadillah Rt 003 Rw 006 Kel  Baru"
2024,"Kota Adm. Jakarta Timur","Pasar Rebo",Baru,"Yonkav Bawah Barak Kel  Baru","Tipe 4","Jl  Yonkav Rt 001 Rw 006 Kel  Baru"
2024,"Kota Adm. Jakarta Timur","Pasar Rebo",Cijantung,"Komplek Denzipur Kel  Cijantung","Tipe 2","Jl  Pendidikan II RT 06 RW 04"
2024,"Kota Adm. Jakarta Timur","Pasar Rebo",Cijantung,"Jl  Selayar Kel  Cijantung","Tipe 2","Jl  Selayar Rw 04"
2024,"Kota Adm. Jakarta Timur","Pasar Rebo",Cijantung,"Yayasan Sudirman Kel  Cijantung","Tipe 2","Jl  Pendidikan III RT 03 RW 04"
2024,"Kota Adm. Jakarta Timur","Pasar Rebo",Cijantung,"Jl  Lebak Sari Kel  Cijantung","Tipe 2","Jl  Lebak Sari Rw 05"
2024,"Kota Adm. Jakarta Timur","Pasar Rebo",Cijantung,"Komplek Bengrah Kel  Cijantung","Tipe 4","Jl  Bengrah Rw 08"
2024,"Kota Adm. Jakarta Timur","Pasar Rebo",Cijantung,"MTS Negeri 33 Kel  Cijantung","Tipe 2","Jl  Pertengahan Rt 01 Rw 03"
2024,"Kota Adm. Jakarta Timur","Pasar Rebo",Cijantung,"Denzibang Kel  Cijantung","Tipe 2","Jl  Pendidikan II Rt  04 Rw 04"
2024,"Kota Adm. Jakarta Timur","Pasar Rebo",Cijantung,"Jl  Gongseng RW 01 Kel  Cijantung","Tipe 4","Jl  Karya Bakti III Rt 09 Rw 01"
2024,"Kota Adm. Jakarta Timur","Pasar Rebo",Cijantung,"Gereja HKBP Kel  Cijantung","Tipe 4","Jl  Bengrah Rw  08"
2024,"Kota Adm. Jakarta Timur","Pasar Rebo",Cijantung,"Jl  Pondok Baru Kel  Cijantung","Tipe 4","Jl  Pondok Baru Rw  11"
2024,"Kota Adm. Jakarta Timur","Pasar Rebo",Gedong,"Komplek Rindam Kel  Gedong","Tipe 2","Jl  komp  Rindam Jaya Rt 02 Rw 05 Kel  Gedong"
2024,"Kota Adm. Jakarta Timur","Pasar Rebo",Gedong,"Tanah Merah Kel  Gedong","Tipe 2","Jl  Raya Condet Rw 03 Kel  Gedong"
2024,"Kota Adm. Jakarta Timur","Pasar Rebo",Gedong,"Gamya Kel  Gedong","Tipe 2","Jl  Raya Condet Rw 01 Kel  Gedong"
2024,"Kota Adm. Jakarta Timur","Pasar Rebo",Gedong,"Pasar Cijantung Kel  Gedong","Tipe 2","Jl  Beringin Rw 011 Kel  Gedong"
2024,"Kota Adm. Jakarta Timur","Pasar Rebo",Gedong,"K5 Pasar Cijantung Kel  Gedong","Tipe 2","Jl  Beringin RW 04 Kel  Gedong"
2024,"Kota Adm. Jakarta Timur","Pasar Rebo",Gedong,"RS KESDAM Kel  Gedong","Tipe 4","Jl  Kesehatan Rw 06 Kel  Gedong"
2024,"Kota Adm. Jakarta Timur","Pasar Rebo",Gedong,"SMA 104 Kel  Gedong","Tipe 2","Jl  Ujung Gedong Rw 010 Kel Gedong"
2024,"Kota Adm. Jakarta Timur","Pasar Rebo",Gedong,"Jl  Sederhana Kel  Gedong","Tipe 2","Jl  Sederhana Rw 06 Kel  Gedong"
2024,"Kota Adm. Jakarta Timur","Pasar Rebo",Gedong,"Asrama Polantas Kel  Gedong","Tipe 2","Jl  TB  Simatupang RW 07 Kel  Gedong"
2024,"Kota Adm. Jakarta Timur","Pasar Rebo",Gedong,"Jl  Bakung Kel  Gedong","Tipe 2","Jl  Bakung Rt 01 02 Rw 011 Kel  Gedong"
2024,"Kota Adm. Jakarta Timur","Pasar Rebo",Gedong,"PP Kel  Gedong","Tipe 2","Jl  TB Simatupang Rw 011 Kel  Gedong"
2024,"Kota Adm. Jakarta Timur","Pasar Rebo",Gedong,"Samping POM Rw 11 Kel  Gedong","Tipe 2","Jl  TB Simatupang Rt 07 Rw 011 Kel Gedong"
2024,"Kota Adm. Jakarta Timur","Pasar Rebo",Gedong,"Dipo Beringin Kel  Gedong","Tipe 1","Jl Beringin Rw 04 Kel Gedong"
2024,"Kota Adm. Jakarta Timur","Pasar Rebo",Gedong,"SD 03 Kel  Gedong","Tipe 4","Jl Raya Condet Rw 03 Kel Gedong"
2024,"Kota Adm. Jakarta Timur","Pasar Rebo",Gedong,"Jl  Raya Tengah Kel  Gedong","Tipe 4","Jl  Raya Tengah Rw 01 Kel  Gedong"
2024,"Kota Adm. Jakarta Timur","Pasar Rebo",Gedong,"Jl  Trikora Kel  Gedong","Tipe 4","Jl Trikora Rw 09 Kel Gedong"
2024,"Kota Adm. Jakarta Timur","Pasar Rebo",Kalisari,"Jl  Rahayu Kel  Kalisari","Tipe 4","Jl  Rahayu RW 03 Kel  Kalisari"
2024,"Kota Adm. Jakarta Timur",Cakung,Pulogebang,"TPS Merah","Tipe 4","Jl  Soemarno"
2024,"Kota Adm. Jakarta Timur",Cakung,"Ujung Menteng","TPS RW  04","Tipe 1","Perum Pertamina"
2024,"Kota Adm. Jakarta Timur",Cakung,Penggilingan,"TPS PIK 2","TPS 3R","PIK 2 pengiilingan"
2024,"Kota Adm. Jakarta Timur",Cakung,Penggilingan,"TPS PIK 1","Tipe 1","Jl  Kali Buaran"
2024,"Kota Adm. Jakarta Timur",Cakung,Pulogebang,"TPS Permai","Tipe 4","Jl  Pulau Sangiyang"
2024,"Kota Adm. Jakarta Timur",Cakung,"Cakung Barat","TPS Pasar","Tipe 4","Jl  Raya Bekasi"
2024,"Kota Adm. Jakarta Timur",Cakung,Pulogebang,"TPS Walikota","Tipe 3",Walikota
2024,"Kota Adm. Jakarta Timur",Cakung,"Ujung Menteng","TPS Perum Taman Modern","Tipe 2","Perum Taman Modern"
2024,"Kota Adm. Jakarta Timur",Cakung,"Ujung Menteng","TPS Dishub","Tipe 2","Jl  Raya Bekasi"
2024,"Kota Adm. Jakarta Timur",Cakung,"Cakung Barat","TPS RW  04","Tipe 2","Jl  Cacing"
2024,"Kota Adm. Jakarta Timur",Cakung,"Cakung Barat","TPS RW  07","Tipe 2","Jl  Inspeksi Kalimalang"
2024,"Kota Adm. Jakarta Timur",Cakung,"Rawa Terate","TPS RW  01 02 03","Tipe 2","Jl  Rawa Bali 1 RW  01"
2024,"Kota Adm. Jakarta Timur",Cakung,Penggilingan,"TPS Rasamala","Tipe 2","Jl  Rasamala"
2024,"Kota Adm. Jakarta Timur",Cakung,Penggilingan,"TPS Rusun Pinus Blok C","Tipe 2","Rusun Pinus Blok C"
2024,"Kota Adm. Jakarta Timur",Cakung,Penggilingan,"TPS RW  18","Tipe 2","Jl  Bulavar"
2024,"Kota Adm. Jakarta Timur",Cakung,Penggilingan,"TPS Kantor Pengadilan Militer","Tipe 3","Jl  Soemarno"
2024,"Kota Adm. Jakarta Timur",Cakung,"Cakung Timur","TPS RW  02","Tipe 2","RW  02"
2024,"Kota Adm. Jakarta Timur",Cakung,"Cakung Timur","TPS Perum JGC","Tipe 2","Perum JGC"
2024,"Kota Adm. Jakarta Timur",Cakung,"Cakung Timur","TPS RW  06","Tipe 2","RW  06"
2024,"Kota Adm. Jakarta Timur",Cakung,"Cakung Timur","TPS RW  11","Tipe 2","RW  11"
2024,"Kota Adm. Jakarta Timur",Cakung,Jatinegara,"TPS Pasar SS","Tipe 2","Pasar SS"
2024,"Kota Adm. Jakarta Timur",Cakung,Jatinegara,"TPS Pasar Pulojahe","Tipe 2","Pasar Pulojahe"
2024,"Kota Adm. Jakarta Timur",Cakung,Jatinegara,"TPS Rusun Pulojahe","Tipe 2","Rusun Pulojahe"
2024,"Kota Adm. Jakarta Timur",Cakung,Jatinegara,"TPS RW  06","Tipe 2","RW  06"
2024,"Kota Adm. Jakarta Timur",Cakung,Pulogebang,"TPS Rusun Pulogebang","Tipe 2","Rusun Pulogebang"
2024,"Kota Adm. Jakarta Timur",Cakung,Pulogebang,"TPS Rusun Rawa Bebek","Tipe 2","Rusun Rawa Bebek"
2024,"Kota Adm. Jakarta Timur",Cakung,Pulogebang,"TPS Eramas 2000","Tipe 2","Jl  Komplek eramas 2000"
2024,"Kota Adm. Jakarta Timur",Cakung,"Ujung Menteng","TPS Kecamatan Cakung","TPS 3R",BKT
2024,"Kota Adm. Jakarta Timur",Cipayung,Setu,"TPS RT  04 RW  05 No  95","Tipe 4","Jl  H  Karim RT  04 RW  05"
2024,"Kota Adm. Jakarta Timur",Cipayung,Setu,"TPS RT 04 RW 05 No  65","Tipe 4","Jl  H  Karim RT  04 RW  05"
2024,"Kota Adm. Jakarta Timur",Cipayung,Cipayung,"TPS PBSI","Tipe 4","Jl  PBSI"
2024,"Kota Adm. Jakarta Timur",Cipayung,Setu,"TPS RT  05 RW  05","Tipe 4","Jl  H  Karim RT  05 RW  05"
2024,"Kota Adm. Jakarta Timur",Cipayung,"Bambu Apus","TPS RW  03","Tipe 4","Jl  Mini III A RW  03"
2024,"Kota Adm. Jakarta Timur",Cipayung,"Bambu Apus","TPS Madu Indah","Tipe 4","Jl  Madu Indah RT  02 RW  03"
2024,"Kota Adm. Jakarta Timur",Cipayung,Munjul,"TPS Buni","Tipe 4","Asrama POLRI Buni RT  08 RW  08"
2024,"Kota Adm. Jakarta Timur",Cipayung,"Lubang Buaya","TPS Kramat 1","Tipe 4","Jl  Kramat 1 RW  10"
2024,"Kota Adm. Jakarta Timur",Cipayung,Ceger,"TPS Panti Sosial Bina Insani","Tipe 4","Jl  Bina Marga"
2024,"Kota Adm. Jakarta Timur",Cipayung,Ceger,"TPS Panti PSAA","Tipe 4","Jl  Bina Marga"
2024,"Kota Adm. Jakarta Timur",Cipayung,Ceger,"TPS RW  03","Tipe 4","Jl  Raya Ceger RT  03 RW  03"
2024,"Kota Adm. Jakarta Timur",Cipayung,Cilangkap,"TPS Mabes AL","Tipe 3","Komplek Mabes AL"
2024,"Kota Adm. Jakarta Timur",Cipayung,"Lubang Buaya","TPS Santo Markus","Tipe 3","Jl  Santo Markus RW  12"
2024,"Kota Adm. Jakarta Timur",Cipayung,Cilangkap,BPOM,"Tipe 2","Jl  Assyafiyah"
2024,"Kota Adm. Jakarta Timur",Cipayung,Cipayung,"Komplek Binamarga","Tipe 2","Komplek Binamarga RW  05"
2024,"Kota Adm. Jakarta Timur",Cipayung,Setu,"TPS Perum Kopti","Tipe 2","Komplek Kopti RT  03 RW  06"
2024,"Kota Adm. Jakarta Timur",Cipayung,Setu,"TPS RT  03 RW  05  JPO","Tipe 4","Jl  H  Karim RT  03 RW  05"
2024,"Kota Adm. Jakarta Timur",Cipayung,Setu,"TPS Lintas Setu Raya","Tipe 4","Jl  Setu Raya RT  05 RW  01"
2024,"Kota Adm. Jakarta Timur",Cipayung,"Bambu Apus","TPS RW  04 Bina Asri Nusantara","Tipe 1","Komplek Perum Taman Mini RT  08 RW  04"
2024,"Kota Adm. Jakarta Timur",Cipayung,"Bambu Apus","TPS Palem Kartika Depan","Tipe 4","Perum Palem Kartika"
2024,"Kota Adm. Jakarta Timur",Cipayung,"Bambu Apus","TPS Palem Kartika Tengah","Tipe 4","Perum Palem Kartika"
2024,"Kota Adm. Jakarta Timur",Cipayung,"Bambu Apus","TPS Palem Kartika Belakang","Tipe 4","Perum Palem Kartika"
2024,"Kota Adm. Jakarta Timur",Cipayung,Munjul,"TPS Pasar UKM Munjul","Tipe 2","Pasar Munjul"
2024,"Kota Adm. Jakarta Timur",Cipayung,Ceger,"TPS Rambo","Tipe 2","Jl  Rambo"
2024,"Kota Adm. Jakarta Timur",Cipayung,Cipayung,"TPS Panti Bina Laras Harapan Sentosa","Tipe 4","Jl  Bina Marga No  18  RT  5 RW  4 Ceger Kec  Cipayung"
2024,"Kota Adm. Jakarta Timur",Cipayung,Munjul,"TPS Jankes RW 01 Munjul","Tipe 4","Jl  Jankes AD RW  01 Munjul"
2024,"Kota Adm. Jakarta Timur",Cipayung,"Pondok Ranggon","TPS RW  04","Tipe 2","Jl  Tengki RW  04"
2024,"Kota Adm. Jakarta Timur",Ciracas,Susukan,"TPS Susukan RW  6 RT  10","Tipe 1","Jl  H  Baping"
2024,"Kota Adm. Jakarta Timur",Ciracas,Ciracas,"TPS Ciracas RW  9 RT  1","TPS 3R","Jl  Pule Komplek Dinas Kebersihan Ciracas"
2024,"Kota Adm. Jakarta Timur",Ciracas,Ciracas,"TPS RW  03","Tipe 4","Gg  Hanafi Jl  Raya Centex"
2024,"Kota Adm. Jakarta Timur",Ciracas,Rambutan,"TPS RW  01","Tipe 4","Jl  H  Jenih"
2024,"Kota Adm. Jakarta Timur",Ciracas,Rambutan,"TPS Gebras","Tipe 4","Jl  Tanah Merdeka"
2024,"Kota Adm. Jakarta Timur",Ciracas,"Kelapa Dua Wetan","TPS Komplek HANKAM","Tipe 4","Jl  Komplek HANKAM"
2024,"Kota Adm. Jakarta Timur",Ciracas,Cibubur,"TPS Panti Jompo Bakti Mandiri","Tipe 4","Jl  Karya Bakti"
2024,"Kota Adm. Jakarta Timur",Ciracas,Cibubur,"TPS GOR Cibubur","Tipe 4","Jl  Karya Bakti Cibubur"
2024,"Kota Adm. Jakarta Timur",Ciracas,Ciracas,"TPS Komplek POLRI","Tipe 4","Jl  Komplek POLRI Jl  Formos"
2024,"Kota Adm. Jakarta Timur",Ciracas,Ciracas,"TPS Rusun Pemadam","Tipe 4","Jl  Raya Poncol"
2024,"Kota Adm. Jakarta Timur",Ciracas,Susukan,"TPS Bak Madrasah","Tipe 4","Jl  Madrasah RW  05"
2024,"Kota Adm. Jakarta Timur",Ciracas,Susukan,"TPS Bak Buah","Tipe 4","Jl  Supriyadi RW  05"
2024,"Kota Adm. Jakarta Timur",Ciracas,Susukan,"TPS Bak RT","Tipe 4","Jl  Supriyadi RW  02"
2024,"Kota Adm. Jakarta Timur",Ciracas,Susukan,"TPS Kuburan Cina Sentiong","Tipe 4","Jl  Tanah Merdeka"
2024,"Kota Adm. Jakarta Timur",Ciracas,Rambutan,"TPS Polsek Ciracas","Tipe 4","Jl  Raya Bogor"
2024,"Kota Adm. Jakarta Timur",Ciracas,Rambutan,"TPS Kavling 3","Tipe 4","Jl  Laning"
2024,"Kota Adm. Jakarta Timur",Ciracas,Rambutan,"TPS Kavling 2","Tipe 4","Jl  SD Inpres"
2024,"Kota Adm. Jakarta Timur",Ciracas,Rambutan,"TPS Kavling 1","Tipe 4","Jl  Delima"
2024,"Kota Adm. Jakarta Timur",Ciracas,Rambutan,"TPS Kampus UHAMKA","Tipe 4","Jl  Tanah Merdeka"
2024,"Kota Adm. Jakarta Timur",Ciracas,Rambutan,"TPS Bak Pisang","Tipe 4","Jl  Supriyadi"
2024,"Kota Adm. Jakarta Timur",Ciracas,Cibubur,"TPS Bukit Permai","Tipe 1","Jl  Raya Jambore"
2024,"Kota Adm. Jakarta Timur",Ciracas,Ciracas,"TPS RW  09","Tipe 1","Jl  Asrama Lingkungan Hidup"
2024,"Kota Adm. Jakarta Timur",Ciracas,Susukan,"TPS Pom Bensin","Tipe 3","Jl  Supriyadi RW  03"
2024,"Kota Adm. Jakarta Timur",Ciracas,Rambutan,"TPS DITKUM TNI AD","Tipe 3","Jl  TB  Simatupang"
2024,"Kota Adm. Jakarta Timur",Ciracas,"Kelapa Dua Wetan","TPS Yayasan PKP","Tipe 4","Jl  Raya PKP"
2024,"Kota Adm. Jakarta Timur",Ciracas,"Kelapa Dua Wetan","TPS Manunggal","Tipe 2","Jl  Manunggal"
2024,"Kota Adm. Jakarta Timur",Ciracas,Cibubur,"TPS SMA 99","Tipe 2","Jl  Bulak Ringin RW  03"
2024,"Kota Adm. Jakarta Timur",Ciracas,Cibubur,"TPS Transito Komplek KODAM","Tipe 2","Jl  Kapulaga 4 Blok E"
2024,"Kota Adm. Jakarta Timur",Ciracas,Cibubur,"TPS Komplek DPRD","Tipe 2","Jl  Kumis Kucing 2"
2024,"Kota Adm. Jakarta Timur",Ciracas,Susukan,"TPS RW  02","Tipe 2","Jl  Makmur Atas"
2024,"Kota Adm. Jakarta Timur",Ciracas,Susukan,"TPS RW  02","Tipe 2","Jl  Makmur Bawah"
2024,"Kota Adm. Jakarta Timur","Duren Sawit","Pondok Kelapa","TPS Pondok Kelapa RW  09 RT  03","Tipe 1","Jl  Taman Malaka Selatan RT  3 RW  9 Kel  Pondok Kelapa"
2024,"Kota Adm. Jakarta Timur","Duren Sawit","Pondok Kelapa","TPS Pondok Kelapa RW  2 RT  2","TPS 3R","Jl  H  Naman RT  02 RW  02 Kel  Pondok Kelapa"
2024,"Kota Adm. Jakarta Timur","Duren Sawit","Pondok Kopi","TPS Pondok Kopi RW  4 RT  3","TPS 3R","Jl  Pondok Kopi Ujung No  28 RT  3 RW  4 Kel  Pondok Kopi"
2024,"Kota Adm. Jakarta Timur","Duren Sawit","Pondok Bambu","TPS Pondok Bambu RW  1 RT  13","Tipe 1","Jl  Balai Rakyat III RT  13 RW  01 Kel  Pondok Bambu"
2024,"Kota Adm. Jakarta Timur","Duren Sawit","Pondok Kelapa","TPS Pondok Kelapa RW  10 RT  9","Tipe 1","Jl  Janur IV Blok CF2 RW  10 Kel  Pondok Kelapa"
2024,"Kota Adm. Jakarta Timur","Duren Sawit","Malaka Jaya","TPS Malaka Jaya RW  1 RT  1","Tipe 1","Jl  I Gusti Ngurah Rai RT  01 RW  01 Kel  Malakajaya"
2024,"Kota Adm. Jakarta Timur","Duren Sawit","Duren Sawit","TPS RW  06 Abadi","Tipe 4","Jl  Abadi Komplek Abadi RW  06 Kel  Duren Sawit"
2024,"Kota Adm. Jakarta Timur","Duren Sawit","Malaka Sari","TPS RW  10 Malaka Sari","Tipe 4","Jl  Perumnas Raya RW  10 Kel  Malakasari"
2024,"Kota Adm. Jakarta Timur","Duren Sawit","Pondok Kelapa","TPS H  Ammar RW  08","Tipe 2","Jl  H  Ammar RT  006 RW  008 Kel  Pondok Kelapa"
2024,"Kota Adm. Jakarta Timur","Duren Sawit",Klender,"TPS Pertanian RW  02","Tipe 4","Jl  I Gusti Ngurah Rai RW  02 Kel  Klender"
2024,"Kota Adm. Jakarta Timur","Duren Sawit","Duren Sawit","TPS Stasiun Pengendali Sampah RW  01  SPS 01","Tipe 4","Jl  Swadaya Raya RT  05 RW  01 Kel  Duren Sawit"
2024,"Kota Adm. Jakarta Timur","Duren Sawit","Pondok Kopi","TPS RW  11","Tipe 2","Jl  BKT Ujung RW  11 Kel  Pondok Kopi"
2024,"Kota Adm. Jakarta Timur","Duren Sawit","Pondok Kopi","TPS RW  09","Tipe 2","Jl  I Gusti Ngurai Rai RW  09 Kel  Pondok Kopi"
2024,"Kota Adm. Jakarta Timur","Duren Sawit","Pondok Kelapa","TPS Aetra RW  05","Tipe 4","Jl  Raya Kalimalang RW  05 Kel  Pondok Kelapa"
2024,"Kota Adm. Jakarta Timur","Duren Sawit","Duren Sawit","TPS RW  17 Duren Sawit","Tipe 4","Jl  Laut Samudra RT  06 RW  17 Kel  Duren Sawit"
2024,"Kota Adm. Jakarta Timur","Duren Sawit",Klender,"TPS RW  06","Tipe 4","Jl  Pahlawan Revolusi RW  06 Kel  Klender"
2024,"Kota Adm. Jakarta Timur","Duren Sawit","Pondok Kelapa","TPS Tipar RW  04 Pondok Kelapa","Tipe 1","Jl  Raya Tipar RW  04 Kel  Pondok Kelapa"
2024,"Kota Adm. Jakarta Timur","Duren Sawit","Pondok Kelapa","TPS Manggar RW  011 Pondok Kelapa","Tipe 1","Jl  Manggar Raya RW  11 Kel  Pondok Kelapa"
2024,"Kota Adm. Jakarta Timur","Duren Sawit","Pondok Kelapa","TPS Marinir RW  013","Tipe 1","Jl  Raya Marinir RT  009 RW  013 Kel  Pondok Kelapa"
2024,"Kota Adm. Jakarta Timur","Duren Sawit",Klender,"TPS RW  10","Tipe 1","Jl  Kampung Sumur RW  10 Kel  Klender"
2024,"Kota Adm. Jakarta Timur","Duren Sawit","Duren Sawit","TPS PTB RW  08","Tipe 1","Jl  Lingkar PTB RW  08 RT  01 Kel  Duren Sawit"
2024,"Kota Adm. Jakarta Timur","Duren Sawit","Pondok Bambu","TPS RW  05","Tipe 2","Jl  Komplek Bea Cukai RW  05 Kel  Pondok Bambu Kec  Duren Sawit"
2024,"Kota Adm. Jakarta Timur",Jatinegara,Balimester,"TPS Bali Mester RW  1 RT  11 TPS 3R","Tipe 1","TPS Kolong Bali Mester RW  1 RT  11"
2024,"Kota Adm. Jakarta Timur",Jatinegara,"Cipinang Besar Selatan","TPS LPS BKT  Sementara","Tipe 4","Jl  Basuki Rahmat"
2024,"Kota Adm. Jakarta Timur",Jatinegara,"Cipinang Muara","TPS Pasar Elok","Tipe 4","Gang HH No  14"
2024,"Kota Adm. Jakarta Timur",Jatinegara,"Cipinang Besar Utara","TPS RW  08","Tipe 4","Jl  Bekasi Timur IV"
2024,"Kota Adm. Jakarta Timur",Jatinegara,"Cipinang Besar Utara","TPS RW  14","Tipe 4","Jl  Cipinang Latihan"
2024,"Kota Adm. Jakarta Timur",Jatinegara,"Kampung Melayu","TPS Rusun Kp  Melayu RW  09","Tipe 4","Jl  Jatinegara Barat"
2024,"Kota Adm. Jakarta Timur",Jatinegara,"Cipinang Besar Utara","TPS RW  05 Sobur","Tipe 4","Jl  Prumpung Sawah"
2024,"Kota Adm. Jakarta Timur",Jatinegara,Rawabunga,"TPS Barkah","Tipe 1","Jl  Bekasi Timur ll RT  15 RW  04"
2024,"Kota Adm. Jakarta Timur",Jatinegara,Balimester,"TPS Kolong Kp  Melayu","Tipe 1","Jl  Awab Dalam RT  13 RW  01"
2024,"Kota Adm. Jakarta Timur",Jatinegara,"Bidara Cina","TPS GOR Otista","Tipe 1","Jl  Otista Raya"
2024,"Kota Adm. Jakarta Timur",Jatinegara,"Cipinang Besar Utara","TPS Gg  Remaja l","Tipe 3","RW  03"
2024,"Kota Adm. Jakarta Timur",Jatinegara,"Cipinang Besar Utara","TPS Gg  Remaja lV","Tipe 3","RW  03"
2024,"Kota Adm. Jakarta Timur",Jatinegara,"Cipinang Besar Utara","TPS Gg  Remaja VII","Tipe 3","RW  03"
2024,"Kota Adm. Jakarta Timur",Jatinegara,"Cipinang Besar Utara","TPS LPS Perumpung Gg  Mayong","Tipe 3","Jl  DI Panjaitan Gg  Mayong RW  07"
2024,"Kota Adm. Jakarta Timur",Jatinegara,"Cipinang Muara","TPS LPS Cipinang Elok RW  10","Tipe 2","Jl Cipinang Elok Blok Ag No  18"
2024,"Kota Adm. Jakarta Timur",Jatinegara,Rawabunga,"TPS Pasar Rawa Bening","Tipe 2","Jl  Bekasi Barat"
2024,"Kota Adm. Jakarta Timur",Jatinegara,Rawabunga,"TPS PT  Telkom","Tipe 2","Jl  Mayjen DI Panjaitan"
2024,"Kota Adm. Jakarta Timur",Jatinegara,Balimester,"TPS Pasar Regional Jatinegara","Tipe 2","Jl  Jatinegara Barat RT  05 RW  03"
2024,"Kota Adm. Jakarta Timur",Jatinegara,"Cipinang Muara","TPS RW  013 Cip  Muara","Tipe 2","Jl  Cipinang Bali lll RT  05 013"
2024,"Kota Adm. Jakarta Timur",Jatinegara,"Bidara Cina","TPS Rusun Bidara Cina","Tipe 2","Jl  Biduri Bulan"
2024,"Kota Adm. Jakarta Timur",Jatinegara,"Cipinang Besar Utara","TPS LP Narkotik","Tipe 2","Jl  Bekasi Timur"
2024,"Kota Adm. Jakarta Timur",Jatinegara,"Cipinang Besar Utara","TPS Lapas Kelas I Cipinang","Tipe 2","Jl  Bekasi Timur"
2024,"Kota Adm. Jakarta Timur",Jatinegara,"Cipinang Besar Utara","TPS RS  Pengayoman","Tipe 2","Jl  Bekasi Timur"
2024,"Kota Adm. Jakarta Timur",Jatinegara,"Cipinang Cempedak","TPS RW  08","Tipe 2","Jl  Kebon Nanas Selatan 1"
2024,"Kota Adm. Jakarta Timur",Jatinegara,"Cipinang Besar Selatan","TPS RW  05 CBS","Tipe 2","Jl  Panca Warga Satu RW  05"
2024,"Kota Adm. Jakarta Timur",Jatinegara,"Cipinang Cempedak","TPS Totogan","Tipe 2","Jl  Cipinang Cempedak l"
2024,"Kota Adm. Jakarta Timur",Jatinegara,"Cipinang Besar Utara","TPS Container RW  01","Tipe 2","Jl  DI Panjaitan RW  01"
2024,"Kota Adm. Jakarta Timur",Jatinegara,"Kampung Melayu","TPS Bahtera Wiraniaga Internusa","Tipe 2","Jl  Jatinegara Barat Raya"
2024,"Kota Adm. Jakarta Timur","Kramat Jati",Cililitan,"TPS Mayor Jendral Sutoyo","TPS 3R","Jl  Mayjen  Sutoyo"
2024,"Kota Adm. Jakarta Timur","Kramat Jati",Dukuh,"TPS Dukuh RW  3 RT  6","Tipe 1","Jl  Juwet RT  06 RW  03"
2024,"Kota Adm. Jakarta Timur","Kramat Jati",Cawang,"TPS RW 11 Cawang","Tipe 4","Jl Waru Dalam RW 11 Cawang"
2024,"Kota Adm. Jakarta Timur","Kramat Jati",Cawang,"TPS Dewi Sartika Gg  Tanjung Syanyang","Tipe 4","Jl  Dewi Sartika Gg  Tanjung Syanyang"
2024,"Kota Adm. Jakarta Timur","Kramat Jati",Cawang,"TPS Mayor Jendral Sutoyo","Tipe 4","Jl  Mayjen  Sutoyo"
2024,"Kota Adm. Jakarta Timur","Kramat Jati",Cililitan,"TPS Cililitan Besar","Tipe 4","Jl  Cililitan Besar"
2024,"Kota Adm. Jakarta Timur","Kramat Jati",Cililitan,"TPS RW  012 Kel  Cililitan","Tipe 4","Komplek Rumah Dinas Kodam Jaya Cililitan"
2024,"Kota Adm. Jakarta Timur","Kramat Jati",Tengah,"TPS Tengah RW  4 RT  9","Tipe 1","Jl  H Taiman RT  09 RW  04"
2024,"Kota Adm. Jakarta Timur","Kramat Jati",Cililitan,"TPS Komplek Puskesad","Tipe 2","Komplek Puskesad"
2024,"Kota Adm. Jakarta Timur","Kramat Jati",Dukuh,"TPS Lebak Juwet RT  14 RW  03","Tipe 1","Jl  Lebak Juwet RT  14 RW  03"
2024,"Kota Adm. Jakarta Timur","Kramat Jati",Dukuh,"TPS Pijar RT  12 RW  04","Tipe 2","Jl  Pijar RT  12 RW  04"
2024,"Kota Adm. Jakarta Timur","Kramat Jati",Dukuh,"TPS BHP RT  05 RW  06","Tipe 2","Jl  BHP RT  05 RW  06"
2024,"Kota Adm. Jakarta Timur","Kramat Jati",Dukuh,"TPS Dukuh 4 RT  05 RW  01","Tipe 2","Jl  Dukuh 4 RT  05 RW  01"
2024,"Kota Adm. Jakarta Timur","Kramat Jati","Kramat Jati","TPS Dato Tonggara RT  09 RW  11","Tipe 4","Jl  Dato Tonggara RT  09 RW  11"
2024,"Kota Adm. Jakarta Timur","Kramat Jati","Kramat Jati","TPS Komplek Kodim RT  05 RW  02","Tipe 4","Komplek Kodim RT  05 RW  02"
2024,"Kota Adm. Jakarta Timur","Kramat Jati","Kramat Jati","TPS Nussa RW  04","Tipe 4","Jl  Nusa RW  03"
2024,"Kota Adm. Jakarta Timur","Kramat Jati","Kramat Jati","TPS RS  POLRI RT  06 RW  05","Tipe 4","Jl  RS  POLRI RT  06 RW  05"
2024,"Kota Adm. Jakarta Utara",Cilincing,"Semper Timur","TPS RW  10 Bak Tugu Semper Timur","Tipe 4","Jl  Cacing RW  010"
2024,"Kota Adm. Jakarta Utara",Cilincing,"Semper Timur","TPS RW  03 Budidarma Semper Timur","Tipe 4","Jl  Alteri Marunda RT  01 RW 03"
2024,"Kota Adm. Jakarta Utara",Cilincing,"Semper Timur","TPS Jembatan Budidharma Semper Timur","Tipe 4","Jl  TPU Semper RT 04 RW 10"
2024,"Kota Adm. Jakarta Utara",Cilincing,"Semper Timur","TPS RW  10 Cakung Drain Semper Timur","Tipe 4","Jl  Inspeksi Cakung Drain RT  06 RW  10"
2024,"Kota Adm. Jakarta Utara",Cilincing,"Semper Timur","TPS RW  11 Cakung Drain Semper Timur","Tipe 4","Jl  Swadaya I RT  01 RW  11"
2024,"Kota Adm. Jakarta Utara",Cilincing,"Semper Timur","TPS RW  02 Semper Timur","Tipe 4","Jl  Cakung Cilincing RT  03 RW  02"
2024,"Kota Adm. Jakarta Utara",Cilincing,"Semper Timur","TPS Gaya Motor RW  08 Semper Timur","Tipe 4","Komp  Gaya Motor RW  08"
2024,"Kota Adm. Jakarta Utara",Cilincing,Kalibaru,"TPS RW  01 Kalibanglio Kali Baru","Tipe 4","Jl  Kali Banglio RT  02 01 Kel  Kalibaru"
2024,"Kota Adm. Jakarta Utara",Cilincing,Kalibaru,"TPS RW  013 Kalibaru","Tipe 4","Jl  Kalibaru Timur RT  13 RW  13"
2024,"Kota Adm. Jakarta Utara",Cilincing,Kalibaru,"TPS RW  014 Kalibaru","Tipe 4","Jl  Kali Baru Timur"
2024,"Kota Adm. Jakarta Utara",Cilincing,Kalibaru,"TPS RW  002 Kalibaru","Tipe 4","Jl  Kosambi 1 RT 13 RW  02"
2024,"Kota Adm. Jakarta Utara",Cilincing,Kalibaru,"TPS RW  08 Kalibaru","Tipe 4","Jl  Kalibaru Barat"
2024,"Kota Adm. Jakarta Utara",Cilincing,Kalibaru,"TPS RW  02 Kalibaru","Tipe 4","Jl  Kalibaru Timur"
2024,"Kota Adm. Jakarta Utara",Cilincing,Kalibaru,"TPS PD Pasar Jaya Kalibaru","Tipe 4","Jl Kalibaru Timur RW  02"
2024,"Kota Adm. Jakarta Utara",Cilincing,Marunda,"TPS RW  10 Marunda","Tipe 4","Rusun Marunda Cluster A"
2024,"Kota Adm. Jakarta Utara",Cilincing,Marunda,"TPS RW  11 Marunda","Tipe 4","Rusun Marunda Cluster B"
2024,"Kota Adm. Jakarta Utara",Cilincing,Marunda,"TPS RW  01 Marunda","Tipe 4","Jl  Raya Bidara"
2024,"Kota Adm. Jakarta Utara",Cilincing,Marunda,"TPS RW  03 Cabang 4 Marunda","Tipe 4","Jl  Marunda Baru 4"
2024,"Kota Adm. Jakarta Utara",Cilincing,Marunda,"TPS KEPU","Tipe 4","Jl  Kp  Marunda Kepu"
2024,"Kota Adm. Jakarta Utara",Cilincing,Marunda,"TPS RW  01 Dempet Marunda","Tipe 4","Jl  H  Dempet"
2024,"Kota Adm. Jakarta Utara",Cilincing,Cilincing,"TPS TPI RW  04 Cilincing","Tipe 4","Jl  Cakung Drain TPI Kel Cilincing"
2024,"Kota Adm. Jakarta Utara",Cilincing,Cilincing,"TPS Kali Banglio RT  08 Cilincing","Tipe 4","Jl  Kali Banglio RT  08"
2024,"Kota Adm. Jakarta Utara",Cilincing,Cilincing,"TPS Kali Banglio bak 1 RT  09","Tipe 4","Jl  Kali Banglio RT  09"
2024,"Kota Adm. Jakarta Utara",Cilincing,Cilincing,"TPS Kali Banglio bak 2 RT  11 Cilincing","Tipe 4","Jl  Kali Banglio RT  11"
2024,"Kota Adm. Jakarta Utara",Cilincing,Cilincing,"TPS Kali Banglio bak 3 RT  16 RW  03 Cilincing","Tipe 4","Jl  Kali Banglio RT  16 RW  03"
2024,"Kota Adm. Jakarta Utara",Cilincing,Cilincing,"TPS RW  10 Rusun Cilincing","Tipe 4","Jl  Cakung Drain RW  10"
2024,"Kota Adm. Jakarta Utara",Cilincing,Cilincing,"TPS RT  13 RW 09 Cilincing","Tipe 4","Jl  Komp Pelindo RT  13 RW  09"
2024,"Kota Adm. Jakarta Utara",Cilincing,Cilincing,"TPS Rawa Malang RT  09 RW  09 Cilincing","Tipe 4","Jl  Cakung Drain RT  09 RW  09"
2024,"Kota Adm. Jakarta Utara",Cilincing,Cilincing,"TPS Al Alam RT 05 RW  04 Cilincing","Tipe 4","Jl  Rekreasi Cilincing RT  05 RW  04"
2024,"Kota Adm. Jakarta Utara",Cilincing,Cilincing,"TPS Bulak Cabe RW  09 Cilincing","Tipe 4","Jl  Cakung Drain RW  09"
2024,"Kota Adm. Jakarta Utara",Cilincing,Cilincing,"TPS RW  07 Cilincing","Tipe 4","Komp Brimob"
2024,"Kota Adm. Jakarta Utara",Cilincing,Cilincing,"TPS RW  08 Cilincing","Tipe 4","Pasar Pagi RW  08"
2024,"Kota Adm. Jakarta Utara",Cilincing,Cilincing,"TPS RW  01 Cilincing","Tipe 4","Jl  Cilincing Baru 1"
2024,"Kota Adm. Jakarta Utara",Cilincing,Cilincing,"TPS LINTAS Cilincing","Tipe 4","Jl  Raya Cilincing"
2024,"Kota Adm. Jakarta Utara",Cilincing,Sukapura,"TPS RW  01 Sukapura","Tipe 4","Jl Kompi jenggot Rw 01"
2024,"Kota Adm. Jakarta Utara",Cilincing,Sukapura,"TPS RW  02 Sukapura","Tipe 4","Jl  Tipar Cakung Rw 02 Sukapura"
2024,"Kota Adm. Jakarta Utara",Cilincing,Sukapura,"TPS RW  03 Sukapura","Tipe 4","Jl  Tipar Cakung Rw 03 Sukapura"
2024,"Kota Adm. Jakarta Utara",Koja,"Tugu Utara","TPS RW  01 Bhayangkara","Tipe 4","Jl  Bhayangkara"
2024,"Kota Adm. Jakarta Utara",Koja,"Tugu Utara","TPS Lintas Kramat Jaya","Tipe 4","Jl  Kramat Jaya"
2024,"Kota Adm. Jakarta Utara",Koja,"Tugu Utara","TPS Lintas Kramat Jaya RW  017","Tipe 4","Jl  Kramat Jaya"
2024,"Kota Adm. Jakarta Utara",Koja,"Tugu Utara","TPS Lintas RT  01 RW  013","Tipe 4","Jl  H  Darpri"
2024,"Kota Adm. Jakarta Utara",Koja,"Tugu Utara","TPS Lintas RT  02 RW  013","Tipe 4","Jl  H  Darpri"
2024,"Kota Adm. Jakarta Utara",Koja,"Tugu Utara","TPS Lintas Simpang 5 RW  09","Tipe 4",Semper
2024,"Kota Adm. Jakarta Utara",Koja,"Tugu Utara","TPS RW  02","Tipe 4","Perumahan Ancol Al Bahar"
2024,"Kota Adm. Jakarta Utara",Koja,"Tugu Utara","TPS RW  09 Tugu Utara","Tipe 4","Jl  Melati 7"
2024,"Kota Adm. Jakarta Utara",Koja,"Tugu Utara","TPS Lintas RW  15","Tipe 4","Jl  Walang Baru"
2024,"Kota Adm. Jakarta Utara",Koja,"Tugu Utara","TPS RW  12","Tipe 4","Jl  Walang Baru"
2024,"Kota Adm. Jakarta Utara",Koja,"Tugu Utara","TPS RW  13","Tipe 4","Jl  H  Darpri"
2024,"Kota Adm. Jakarta Utara",Koja,"Tugu Utara","TPS Lintas RW  07","Tipe 4",N/A
2024,"Kota Adm. Jakarta Utara",Koja,"Tugu Utara","TPS Komp UKA RW  008","Tipe 4","Jl  Komp UKA"
2024,"Kota Adm. Jakarta Utara",Koja,"Tugu Utara","TPS RW  006","Tipe 4","Jl  Mawar"
2024,"Kota Adm. Jakarta Utara",Koja,"Tugu Utara","TPS RW  011","Tipe 4","Jl  Lontar Dalam"
2024,"Kota Adm. Jakarta Utara",Koja,"Tugu Utara","TPS Pasar Lontar","Tipe 4","Jl  Lontar Dalam"
2024,"Kota Adm. Jakarta Utara",Koja,"Tugu Utara","TPS Pasar Tugu","Tipe 4","Jl  Lontar Dalam"
2024,"Kota Adm. Jakarta Utara",Koja,"Tugu Utara","TPS Pasar Koja","Tipe 4","Jl  Lontar Dalam"
2024,"Kota Adm. Jakarta Utara",Koja,Lagoa,"TPS RW  12","Tipe 4","Jl  Muncang"
2024,"Kota Adm. Jakarta Utara",Koja,Lagoa,"TPS RW  02  amp  RW  04","Tipe 4","Jl  Inspeksi Kali Kresek"
2024,"Kota Adm. Jakarta Utara",Koja,Lagoa,"TPS Gang 4 RW  016","Tipe 4","Jl  Kramat Jaya"
2024,"Kota Adm. Jakarta Utara",Koja,Lagoa,"TPS RW  001","Tipe 4","Jl  Raya Cilincing"
2024,"Kota Adm. Jakarta Utara",Koja,Lagoa,"TPS RW  011 Pasar Maja","Tipe 4","Jl  Maja No  22 RT  1 11"
2024,"Kota Adm. Jakarta Utara",Koja,Lagoa,"TPS Pasar Waru","Tipe 4","Jl  Raya Cilincing 71 RT  2 1"
2024,"Kota Adm. Jakarta Utara",Koja,Lagoa,"TPS Pasar Sinar","Tipe 4","Jl  Lagoa 4A 10 RT  8 4"
2024,"Kota Adm. Jakarta Utara",Pademangan,"Pademangan Barat","TPS Pasar Inpres RW  10 Kel  Pademangan Barat","Tipe 4","Jl  Pademangan 5 No  46 RW  10 Kel  Pademangan Barat"
2024,"Kota Adm. Jakarta Utara",Pademangan,"Pademangan Barat","TPS RW  14 Kel  Pademangan Barat","Tipe 2","Jl  Pademangan 1 No 13 RW  14 Kel  Pademangan Barat"
2024,"Kota Adm. Jakarta Utara",Pademangan,"Pademangan Barat","TPS Samsat Kel  Pademangan Barat","Tipe 4","Jl  Gunung Sahari Raya No  18 A RW  06 Kel  Pademangan Barat"
2024,"Kota Adm. Jakarta Utara",Pademangan,"Pademangan Barat","TPS Ruko Inkopal Kel  Pademangan Barat","Tipe 4","Jl  Gunung Sahari Raya No  3 RW  13  Inkopal Kel  Pademangan Barat"
2024,"Kota Adm. Jakarta Utara",Pademangan,"Pademangan Barat","TPS Pasar Nalo RW  12 Kel  Pademangan Barat","Tipe 4","Jl  Laksana RE Martadinata No  4 RW  12 Kel  Pademangan Barat"
2024,"Kota Adm. Jakarta Utara",Pademangan,"Pademangan Barat","TPS RW  02 Kel  Pademangan Barat","Tipe 4","Jl  Hidup Baru No  44 247 Kel  Pademangan Barat"
2024,"Kota Adm. Jakarta Utara",Pademangan,"Pademangan Barat","TPS RW  13 Terowongan Kel  Pademangan Barat","Tipe 4","Jl  Budi Mulia Utara RW  13 Kel  Pademangan Barat"
2024,"Kota Adm. Jakarta Utara",Pademangan,"Pademangan Barat","TPS RW  01 Kel  Pademangan Barat","Tipe 2","Jl  Pademangan 1 RW  01 Kel  Pademangan Barat"
2024,"Kota Adm. Jakarta Utara",Pademangan,"Pademangan Barat","TPS RW  03 Kel  Pademangan Barat","Tipe 4","Jl  Hidup Baru No  132 RW  03 Kel  Pademangan Barat"
2024,"Kota Adm. Jakarta Utara",Pademangan,"Pademangan Barat","TPS RW  11 Kel  Pademangan Barat","Tipe 4","Jl  Ampera 7 No  6 RW  11 Kel  Pademangan Barat"
2024,"Kota Adm. Jakarta Utara",Pademangan,"Pademangan Barat","TPS Lintas Jl  Martadinata Kel  Pademangan Barat","Tipe 4","Lintas Jl  Martadinata Kel  Pademangan Barat"
2024,"Kota Adm. Jakarta Utara",Pademangan,"Pademangan Barat","TPS Ruko Permata RW  016","Tipe 4","Komplek Ruko Permata Ancol Kel  Pademangan Barat"
2024,"Kota Adm. Jakarta Utara",Pademangan,"Pademangan Barat","TPS Gunung Sahari  Kel  Pademangan Barat","Tipe 4","Jl  Ampera Besar No  4 Kel  Pademangan Barat"
2024,"Kota Adm. Jakarta Utara",Pademangan,"Pademangan Timur","TPS Kelurahan Pademangan Timur","Tipe 1","Jl  Pademangan IX RT  02 010 Kel  Pademangan Timur"
2024,"Kota Adm. Jakarta Utara",Pademangan,"Pademangan Timur","TPS Pasar Elang RW  02 Kel  Pademangan Timur","Tipe 4","Jl  Pademangan Gg  XXV RW  02 Kel  Pademangan Timur"
2024,"Kota Adm. Jakarta Utara",Pademangan,"Pademangan Timur","TPS Pasar Jongkok Kel  Pademangan Timur","Tipe 4","Jl  Pademangan 5 Kel  Pademangan Timur"
2024,"Kota Adm. Jakarta Utara",Pademangan,Ancol,"TPS Kel  Ancol","Tipe 1","Jl  Ancol Barat VIII Kel  Ancol"
2024,"Kota Adm. Jakarta Utara",Pademangan,Ancol,"TPS Lintas Jl  Ancol Barat RT  01  01 Kel  Ancol","Tipe 4","Jakarta Inner Ring Road Kel Ancol"
2024,"Kota Adm. Jakarta Utara",Pademangan,Ancol,"TPS Bak Kembar Kel  Ancol","Tipe 4","Jl  Lodan Raya No 6 7 RW  002 Kel  Ancol"
2024,"Kota Adm. Jakarta Utara",Pademangan,Ancol,"TPS RW  04 Kel  Ancol","Tipe 4","Jl  Transmigrasi No  30 Kel  Ancol"
2024,"Kota Adm. Jakarta Utara",Pademangan,Ancol,"TPS RW  01 Kel  Ancol","Tipe 4","Jl  Lodan Raya No 8 Kel  Ancol"
2024,"Kota Adm. Jakarta Utara",Pademangan,Ancol,"TPS RW  02 Kel  Ancol","Tipe 4","Jl  Lodan Raya No  44 RW  02 Kel  Ancol"
2024,"Kota Adm. Jakarta Utara",Pademangan,Ancol,"TPS RW  01 Kel  Ancol","Tipe 4","Jl  Ancol Barat III No 2 Kel  Ancol"
2024,"Kota Adm. Jakarta Utara",Pademangan,Ancol,"TPS RW  08 Kel  Ancol","Tipe 4","Jl  Ancol IV No 28 29 Kel  Ancol"
2024,"Kota Adm. Jakarta Utara",Pademangan,Ancol,"TPS RW  02 Rt 03  Kel  Ancol","Tipe 4","Jl  Parang Teritis  Kel  Ancol"
2024,"Kota Adm. Jakarta Utara",Pademangan,"Pademangan Barat","TPS Kel  Pademangan Barat","Tipe 1","Jl  Budi Mulya Raya No 114"
2024,"Kota Adm. Jakarta Utara",Penjaringan,Penjaringan,"TPS RW  05 Kel Penjaringan","Tipe 2","Jl  Ekor Kuning RW  05 Kel Penjaringan"
2024,"Kota Adm. Jakarta Utara",Penjaringan,Penjaringan,"TPS Rusun RW  06 Penjaringan","Tipe 2","Jl  Tanjung wangi"
2024,"Kota Adm. Jakarta Utara",Penjaringan,Penjaringan,"TPS Kali Gendong","Tipe 1","Jl  Pluit Selatan Raya"
2024,"Kota Adm. Jakarta Utara",Penjaringan,Penjaringan,"TPS Rusun Waduk Pluit RW  17","Tipe 4","Jl  Muara Baru  Penjaringan"
2024,"Kota Adm. Jakarta Utara",Penjaringan,Pejagalan,"TPS Moa","TPS 3R","Jl  Moa RW  012 Kel  Pejagalan"
2024,"Kota Adm. Jakarta Utara",Penjaringan,Pejagalan,"TPS RW  01","Tipe 4","Jl  Gambang 1"
2024,"Kota Adm. Jakarta Utara",Penjaringan,Pejagalan,"TPS RW  02","Tipe 4","Jl  Arwana 2"
2024,"Kota Adm. Jakarta Utara",Penjaringan,Pejagalan,"TPS RW  14","Tipe 4","Kebon Pala"
2024,"Kota Adm. Jakarta Utara",Penjaringan,Pejagalan,"TPS RW  018","Tipe 4","Jl  Pluit Mas RW  018"
2024,"Kota Adm. Jakarta Utara",Penjaringan,Pejagalan,"TPS Ps  Teluk Gong","Tipe 2","Jl  Teluk Gong Raya"
2024,"Kota Adm. Jakarta Utara",Penjaringan,Pluit,"TPS RW  02","Tipe 4","Jl  Pluit Karang Barat RW  02"
2024,"Kota Adm. Jakarta Utara",Penjaringan,Pluit,"TPS RW  03","Tipe 4","Jl  Pluit Karang Utara"
2024,"Kota Adm. Jakarta Utara",Penjaringan,Pluit,"TPS RW  04","Tipe 4","Jl  Pluit Permai"
2024,"Kota Adm. Jakarta Utara",Penjaringan,Pluit,"TPS RW  05","Tipe 4","Jl  Pluit Samudra"
2024,"Kota Adm. Jakarta Utara",Penjaringan,Pluit,"TPS RW  06","Tipe 4","Jl  Pluit Kencana RW  06"
2024,"Kota Adm. Jakarta Utara",Penjaringan,Pluit,"TPS RW  07","Tipe 4","Jl  Pluit Sakti"
2024,"Kota Adm. Jakarta Utara",Penjaringan,Pluit,"TPS RW  08","Tipe 4","Jl  Pluit Karang Permai RW  08"
2024,"Kota Adm. Jakarta Utara",Penjaringan,Pluit,"TPS RW  09","Tipe 4","Jl  Pluit Timur Raya"
2024,"Kota Adm. Jakarta Utara",Penjaringan,Pluit,"TPS Pasar  Pluit RW  06","Tipe 4","Jl  Pluit Kencana  Ps  Pluit  RW  06"
2024,"Kota Adm. Jakarta Utara",Penjaringan,Pluit,"TPS RW  14","Tipe 4","Jl  Pluit Karang Timur"
2024,"Kota Adm. Jakarta Utara",Penjaringan,Pluit,"TPS Komp  Perum Nelayan RW  011","Tipe 4","Komplek Perumahan Nelayan RW  01  011  21"
2024,"Kota Adm. Jakarta Utara",Penjaringan,Pluit,"TPS RW  013","Tipe 2","Jl  Pluit Karang Barat RW  013 dan Rusun Penjaringan RW  06 Penjaringan"
2024,"Kota Adm. Jakarta Utara",Penjaringan,Pluit,"TPS RW  015","Tipe 4","Jl  Pluit Karang Permai RW  015"
2024,"Kota Adm. Jakarta Utara",Penjaringan,Pluit,"TPS RW  017","Tipe 4",N/A
2024,"Kota Adm. Jakarta Utara",Penjaringan,Pluit,"TPS RW  018","Tipe 4",N/A
2024,"Kota Adm. Jakarta Utara",Penjaringan,Pluit,"TPS Pasar  Muara Angke","Tipe 2","Jl  Muara Angke  Ps  Muara Angke"
2024,"Kota Adm. Jakarta Utara",Penjaringan,Pluit,"TPS Pasar Muara Karang","Tipe 2","Jl  Niaga II Muara karang"
2024,"Kota Adm. Jakarta Utara",Penjaringan,Pluit,"TPS Rusun Budha Suchi RW  20 Pluit","Tipe 4","Jl  Dermaga Kali Adem Muara Angke"
2024,"Kota Adm. Jakarta Utara",Penjaringan,Pluit,"TPS Muara Angke","Tipe 1","Jl  Dermaga Ujung Muara Angke"
2024,"Kota Adm. Jakarta Utara",Penjaringan,Pluit,"TPS Greenbay","Tipe 3","Greenbay  Pluit"
2024,"Kota Adm. Jakarta Utara",Penjaringan,"Kapuk Muara","TPS RW  02","Tipe 2","Jl  Duta Harapan Indah RW  02"
2024,"Kota Adm. Jakarta Utara",Penjaringan,"Kapuk Muara","TPS RW  03","Tipe 4","Jl  Kapuk Kencana"
2024,"Kota Adm. Jakarta Utara",Penjaringan,"Kapuk Muara","TPS RW  04","Tipe 4","Jl  Kapuk Muara Raya RW  04"
2024,"Kota Adm. Jakarta Utara",Penjaringan,"Kapuk Muara","TPS RW  05","Tipe 4","Jl  Villa Kapuk Mas RW  05"
2024,"Kota Adm. Jakarta Utara",Penjaringan,"Kapuk Muara","TPS RW  08","Tipe 4","Jl  Camar RW  08"
2024,"Kota Adm. Jakarta Utara",Penjaringan,"Kapuk Muara","TPS RW  10","Tipe 4","Kapuk Muara"
2024,"Kota Adm. Jakarta Utara",Penjaringan,"Kapuk Muara","TPS Rusun Kapuk Muara","Tipe 4","Rusun Kapuk Muara Jl  SMP 122 RW  09"
2024,"Kota Adm. Jakarta Utara",Penjaringan,"Kamal Muara","TPS RW  01 Kel  Kamal Muara","Tipe 4","Jl  Bundaran Kamal  RW  01"
2024,"Kota Adm. Jakarta Utara","Tanjung Priok","Tanjung Priok","TPS A9","Tipe 4","Jl  Kp  Bahari RW  013"
2024,"Kota Adm. Jakarta Utara","Tanjung Priok","Tanjung Priok","TPS A11","Tipe 2","Jalan Bahari 7 RW  14"
2024,"Kota Adm. Jakarta Utara","Tanjung Priok","Tanjung Priok","TPS A2","Tipe 2","Jl  Kp  Bahari RW  012"
2024,"Kota Adm. Jakarta Utara","Tanjung Priok","Tanjung Priok","TPS Transito A2","Tipe 2","Kp  Bahari RW  012"
2024,"Kota Adm. Jakarta Utara","Tanjung Priok","Tanjung Priok","TPS Terminal Bus Tanjung Priok","Tipe 2","Terminal Bus Tanjung Priok"
2024,"Kota Adm. Jakarta Utara","Tanjung Priok","Tanjung Priok","TPS Stasiun Tanjung Priok","Tipe 2","Statsiun Tanjung Priok"
2024,"Kota Adm. Jakarta Utara","Tanjung Priok","Tanjung Priok","TPS KOLINLAMIL","Tipe 2","KOLINLAMIL Tanjung Priok"
2024,"Kota Adm. Jakarta Utara","Tanjung Priok","Tanjung Priok","TPS DIT POL AIR","Tipe 2","Jl  RE  Marthadinata"
2024,"Kota Adm. Jakarta Utara","Tanjung Priok","Tanjung Priok","TPS Pasar Anyar Bahari","Tipe 2","Jl  Tenggiri Raya"
2024,"Kota Adm. Jakarta Utara","Tanjung Priok",Papanggo,"TPS Waduk Cincin","Tipe 1","Jl  Danau Bisma Blok E"
2024,"Kota Adm. Jakarta Utara","Tanjung Priok",Papanggo,"TPS Solo Bone","Tipe 4","Jl  RE  Marthadinata"
2024,"Kota Adm. Jakarta Utara","Tanjung Priok",Papanggo,"TPS Transito","Tipe 2","RW  004"
2024,"Kota Adm. Jakarta Utara","Tanjung Priok","Sungai Bambu","TPS Kencana","Tipe 4","Jl  Raya Sungai Bambu RW  008"
2024,"Kota Adm. Jakarta Utara","Tanjung Priok","Sungai Bambu","TPS Pasar Pelita","Tipe 2","Jl  Jati RW  006"
2024,"Kota Adm. Jakarta Utara","Tanjung Priok",Warakas,"TPS Pasar Warakas 1","Tipe 2","Jl  Raya Warakas I"
2024,"Kota Adm. Jakarta Utara","Tanjung Priok",Warakas,"TPS Warakas 2","Tipe 4","Warakas 2"
2024,"Kota Adm. Jakarta Utara","Tanjung Priok","Kebon Bawang","TPS GRJU Jl  L Yos Sudarso","Tipe 2","GRJU Jl  Yos Sudarso"
2024,"Kota Adm. Jakarta Utara","Tanjung Priok","Kebon Bawang","TPS ARHANUDE","Tipe 4","Jl  ARHANUDE RW  15"
2024,"Kota Adm. Jakarta Utara","Tanjung Priok","Kebon Bawang","TPS Lintas","Tipe 4","Jl  Ampera"
2024,"Kota Adm. Jakarta Utara","Tanjung Priok","Kebon Bawang","TPS PT  TELKOM","Tipe 4","Jl  Yos Sudarso"
2024,"Kota Adm. Jakarta Utara","Tanjung Priok","Sunter Agung","TPS Bulu Ayam","Tipe 4","Jl  Marthadinata RW  01"
2024,"Kota Adm. Jakarta Utara","Tanjung Priok","Sunter Agung","TPS RW  08","Tipe 4","Jl  Sunter Agung 20"
2024,"Kota Adm. Jakarta Utara","Tanjung Priok","Sunter Agung","TPS RW  010","Tipe 4","Jl  Agung Barat Blok A3"
2024,"Kota Adm. Jakarta Utara","Tanjung Priok","Sunter Agung","TPS RW  020","Tipe 4","Jl  Griya Inti Sentosa RW  20"
2024,"Kota Adm. Jakarta Utara",Cilincing,Sukapura,"TPS Bak RT  03 03 Sukapura","Tipe 4","Gg  Salon RT  003 03"
2024,"Kota Adm. Jakarta Utara",Cilincing,Sukapura,"TPS RW  05 Sukapura","Tipe 4","Bak Beton"
2024,"Kota Adm. Jakarta Utara",Cilincing,Sukapura,"TPS RW  07 Sukapura","Tipe 1",Dipo
2024,"Kota Adm. Jakarta Utara",Cilincing,Sukapura,"TPS LINTS RW  08 Sukapura","Tipe 4","Lintas RW  08"
2024,"Kota Adm. Jakarta Utara",Cilincing,Sukapura,"TPS RW  09 Sukapura","Tipe 2","Bak Container"
2024,"Kota Adm. Jakarta Utara",Cilincing,Sukapura,"TPS RW  10 Sukapura","Tipe 4","Bak Beton"
2024,"Kota Adm. Jakarta Utara",Cilincing,Sukapura,"TPS RW  07 Sukapura","Tipe 4","Bak Beton"
2024,"Kota Adm. Jakarta Utara",Cilincing,Sukapura,"TPS RW  12 Sukapura","Tipe 2","Bak Container"
2024,"Kota Adm. Jakarta Utara",Cilincing,Sukapura,"TPS Pasar Sukapura","Tipe 2","Bak Container"
2024,"Kota Adm. Jakarta Utara",Cilincing,Sukapura,"Lintas Rw 11 Sukapura","Tipe 4","Jl  Royal Orchard Raya Rw 11"
2024,"Kota Adm. Jakarta Utara","Kelapa Gading","Pegangsaan Dua","TPS Kompi Udin","Tipe 4","Jl  Kompi Udin"
2024,"Kota Adm. Jakarta Utara","Kelapa Gading","Pegangsaan  Dua","TPS RW  016","Tipe 4","Jl  Boulevard Timur Ujung"
2024,"Kota Adm. Jakarta Utara","Kelapa Gading","Pegangsaan Dua","TPS RW  019","Tipe 4","Jl  Perumahan Taman"
2024,"Kota Adm. Jakarta Utara","Kelapa Gading","Pegangsaan Dua","TPS RW  022","Tipe 4","Jl  Raya Pegangsaan Dua"
2024,"Kota Adm. Jakarta Utara","Kelapa Gading","Pegangsaan Dua","TPS RW  003","Tipe 4","Jl  Rawa Indah"
2024,"Kota Adm. Jakarta Utara","Kelapa Gading","Pegangsaan Dua","TPS RW  002","Tipe 4","Jl  Boulevard  Timur"
2024,"Kota Adm. Jakarta Utara","Kelapa Gading","Pegangsaan Dua","TPS RW  012","Tipe 4","Jl  Kelapa Lilin Timur RW  012"
2024,"Kota Adm. Jakarta Utara","Kelapa Gading","Pegangsaan Dua","TPS RW  002","Tipe 2","Jl  Boulevard Timur"
2024,"Kota Adm. Jakarta Utara","Kelapa Gading","Pegangsaan Dua","TPS Pasar Tradisional","Tipe 2","Jl  Hibrida Timur"
2024,"Kota Adm. Jakarta Utara","Kelapa Gading","Pegangsaan Dua","TPS RW  017","Tipe 2","Jl  Nias 9"
2024,"Kota Adm. Jakarta Utara","Kelapa Gading","Pegangsaan Dua","TPS RW  014","Tipe 4","Jl  Nias 3"
2024,"Kota Adm. Jakarta Utara","Kelapa Gading","Kelapa Gading Timur","TPS RW  001","Tipe 4","Jl  Pelepah Raya"
2024,"Kota Adm. Jakarta Utara","Kelapa Gading","Kelapa Gading Timur","TPS RW  002","Tipe 4","Jl  Gading Putih Raya RW  002"
2024,"Kota Adm. Jakarta Utara","Kelapa Gading","Kelapa Gading Timur","TPS RW  003","Tipe 4","Jl  Perumahan Komplek Bermis"
2024,"Kota Adm. Jakarta Utara","Kelapa Gading","Kelapa Gading Timur","TPS Perintis Kemerdekaan","Tipe 4","Jl  Perinitis Kemerdekaan RW  004"
2024,"Kota Adm. Jakarta Utara","Kelapa Gading","Kelapa Gading Timur","TPS RW  007","Tipe 4","Jl  Mangket RW  007"
2024,"Kota Adm. Jakarta Utara","Kelapa Gading","Kelapa Gading Timur","TPS RW  009","Tipe 4","Jl  Kelapa Cengkir Raya"
2024,"Kota Adm. Jakarta Utara","Kelapa Gading","Kelapa Gading Timur","TPS RW  010","Tipe 4","Jl  Jingga"
2024,"Kota Adm. Jakarta Utara","Kelapa Gading","Kelapa Gading Timur","TPS RW  013","Tipe 4","Jl  Elok Utara"
2024,"Kota Adm. Jakarta Utara","Kelapa Gading","Kelapa Gading Timur","TPS RW  015","Tipe 4","Jl  Pelepah Raya"
2024,"Kota Adm. Jakarta Utara","Kelapa Gading","Kelapa Gading Timur","TPS RW  016","Tipe 4","Jl  Janur Kuning"
2024,"Kota Adm. Jakarta Utara","Kelapa Gading","Kelapa Gading Timur","TPS RW  017","Tipe 4","Jl  Kelapa Gading Permai"
2024,"Kota Adm. Jakarta Utara","Kelapa Gading","Kelapa Gading Timur","TPS RW  018","Tipe 4","Jl  Boulevard Raya"
2024,"Kota Adm. Jakarta Utara","Kelapa Gading","Kelapa Gading Timur","TPS RW  012","Tipe 4","Jl  Gading Elok Barat 3"
2024,"Kota Adm. Jakarta Utara","Kelapa Gading","Kelapa Gading Timur","TPS RW  019","Tipe 4","Jl  Puyuh Raya"
2024,"Kota Adm. Jakarta Utara","Kelapa Gading","Kelapa Gading Timur","TPS Pasar Inpres","Tipe 4","Jl  Pasar Inpres RW  006"
2024,"Kota Adm. Jakarta Utara","Kelapa Gading","Kelapa Gading Timur","TPS Pasar Mandiri","Tipe 4","Jl  Gading Putih Raya"
2024,"Kota Adm. Jakarta Utara","Kelapa Gading","Kelapa Gading Barat","TPS RW  006","Tipe 4","Jl  Janur Elok II"
2024,"Kota Adm. Jakarta Utara","Kelapa Gading","Kelapa Gading Barat","TPS RW  007","Tipe 4","Jl  Raya Bukit Gading Villa"
2024,"Kota Adm. Jakarta Utara","Kelapa Gading","Kelapa Gading Barat","TPS RW  005","Tipe 1","Jl  Inspeksi Kali Sunter"
2024,"Kota Adm. Jakarta Utara","Kelapa Gading","Kelapa Gading Barat","TPS RW  003","Tipe 2","Jl  Bukit Gading Raya"
2024,"Kota Adm. Jakarta Utara","Kelapa Gading","Kelapa Gading Barat","TPS RW  011","Tipe 2","Jl  Janur Elok IV"
2024,"Kota Adm. Jakarta Utara","Kelapa Gading","Kelapa Gading Barat","TPS RW  017","Tipe 2","Jl  Hibrida"
2024,"Kota Adm. Jakarta Utara","Kelapa Gading","Kelapa Gading Barat","TPS RW  008","Tipe 2","Jl  Gading Kirana"
2024,"Kota Adm. Jakarta Utara","Kelapa Gading","Kelapa Gading Barat","TPS RW  004","Tipe 4","Jl  Inspeksi Kali Sunter RW  004"
2024,"Kota Adm. Jakarta Utara","Kelapa Gading","Kelapa Gading Barat","TPS RW  022","Tipe 4","Jl  Inspeksi Kali Sunter RW  022"
2024,"Kota Adm. Jakarta Utara","Kelapa Gading","Kelapa Gading Barat","TPS Pasar Pedongkelan","Tipe 2","Jl  Inspeksi Kali Sunter"
2024,"Kota Adm. Jakarta Utara",Koja,Koja,"TPS Liar","Tipe 4","Jl  Jampea Jembatan Pocis"
2024,"Kota Adm. Jakarta Utara",Koja,Koja,"TPS Deli RW  09","Tipe 4","Jl  Deli"
2024,"Kota Adm. Jakarta Utara",Koja,Koja,"TPS Liar jln sulawesi","Tipe 4","Jl  Mambo"
2024,"Kota Adm. Jakarta Utara",Koja,Koja,"TPS Mbah Priok","Tipe 2","Jl  Raya Pelabuhan"
2024,"Kota Adm. Jakarta Utara",Koja,Koja,"TPS TPK Koja","Tipe 2","Jl  Digul"
2024,"Kota Adm. Jakarta Utara",Koja,Koja,"TPS Rumah Susun Sindang","Tipe 2","Jl  Inspeksi Kali Sunter"
2024,"Kota Adm. Jakarta Utara",Koja,Koja,"TPS Pasar Sindang","Tipe 2","Jl  Sindang"
2024,"Kota Adm. Jakarta Utara",Koja,Koja,"TPS Rumah Sakit Koja","Tipe 2","Jl  Deli No  7"
2024,"Kota Adm. Jakarta Utara",Koja,Koja,"TPS Cipeucang","Tipe 4","Jl  Cipucang 1"
2024,"Kota Adm. Jakarta Utara",Koja,"Tugu Selatan","TPS RW  01","Tipe 2","Jl  Kali Betik"
2024,"Kota Adm. Jakarta Utara",Koja,"Tugu Selatan","TPS Eks BCA","Tipe 4","Jl  Plumpang Raya"
2024,"Kota Adm. Jakarta Utara",Koja,"Tugu Selatan","TPS RW  07","Tipe 4","Jl  Plumpang Semper"
2024,"Kota Adm. Jakarta Utara",Koja,"Tugu Selatan","TPS RW  04","Tipe 4","Jl  Plumpang Semper"
2024,"Kota Adm. Jakarta Utara",Koja,"Tugu Selatan","TPS Logistik","Tipe 4","Jl  Bendungan Melayu No  09"
2024,"Kota Adm. Jakarta Utara",Koja,"Rawa Badak Selatan","TPS RW  002 Rawa Badak Selatan","Tipe 4",N/A
2024,"Kota Adm. Jakarta Utara",Koja,"Rawa Badak Selatan","TPS Koramil RW  02","Tipe 4","Jl  Koramil RW  02"
2024,"Kota Adm. Jakarta Utara",Koja,"Rawa Badak Selatan","TPS Elnusa RW  05","Tipe 4","Jl  Plumpang Semper"
2024,"Kota Adm. Jakarta Utara",Koja,"Rawa Badak Selatan","TPS Pasar Ular RW  05","Tipe 4",N/A
2024,"Kota Adm. Jakarta Utara",Koja,"Rawa Badak Selatan","TPS Jl Alur Laut","Tipe 4","Jl  Alur Laut"
2024,"Kota Adm. Jakarta Utara",Koja,"Rawa Badak Selatan","TPS Pasar Walang","Tipe 2",N/A
2024,"Kota Adm. Jakarta Utara",Koja,"Rawa Badak Selatan","TPS Pasar Tradisional B Melayu","Tipe 4","Jl  Bendungan Melayu No  09"
2024,"Kota Adm. Jakarta Utara",Koja,"Rawa Badak Utara","TPS RW  014 Sindang Terusan","Tipe 4","Jl  Sindang Terusan"
2024,"Kota Adm. Jakarta Utara",Koja,"Rawa Badak Utara","TPS RW  013 Sindang Terusan","Tipe 4","Jl  Sindang Terusan"
2024,"Kota Adm. Jakarta Utara",Koja,"Rawa Badak Utara","TPS RW  012 Sindang Terusan","Tipe 4","Jl  Sindang Terusan"
2024,"Kota Adm. Jakarta Utara",Koja,"Rawa Badak Utara","TPS 4 RW  14","Tipe 4","Jl  Berdikari"
2024,"Kota Adm. Jakarta Utara",Koja,"Rawa Badak Utara","TPS 3 RW  14","Tipe 4","Jl  Berdikari"
2024,"Kota Adm. Jakarta Utara",Koja,"Rawa Badak Utara","TPS 2 RW  14","Tipe 4","Jl  Berdikari"
2024,"Kota Adm. Jakarta Utara",Koja,"Rawa Badak Utara","TPS 1 RW  14","Tipe 4","Jl  Berdikari"
2024,"Kota Adm. Jakarta Utara",Koja,"Rawa Badak Utara","TPS Polres RW  12","Tipe 4","Jl  Yos Sudarso"
2024,"Kota Adm. Jakarta Utara",Koja,"Rawa Badak Utara","TPS RBU Ramah Lingkungan RW  09","TPS 3R","Jl  Inspeksi Kali Sunter"
2024,"Kota Adm. Jakarta Utara",Koja,"Tugu Utara","TPS Jalan bhayangkara RW  001","Tipe 4","Jl  Bhayangkara"
2024,"Kota Adm. Jakarta Timur","Pasar Rebo",Kalisari,"Jl  Baret Biru Kel  Kalisari","Tipe 4","Jl  Baret Biru III Kel  Kalisari"
2024,"Kota Adm. Jakarta Timur","Pasar Rebo",Kalisari,"Jl  Alfamart Kel  Kalisari","Tipe 4","Jl  Kalisari Raya Kel  Kalisari"
2024,"Kota Adm. Jakarta Timur","Pasar Rebo",Kalisari,"Komplek Brigief Kel  Kalisari","Tipe 4","Komplek Brigif Kalisari"
2024,"Kota Adm. Jakarta Timur","Pasar Rebo",Kalisari,"Jl  Damai Kel  Kalisari","Tipe 4","Jl  Damai RW 001 Kerl  Kalisari"
2024,"Kota Adm. Jakarta Timur","Pasar Rebo",Kalisari,"Jl  Caraka Buana Kel  Kalisari","Tipe 4","Jl  Caraka Buana RW 003 Kel  Kalisari"
2024,"Kota Adm. Jakarta Timur","Pasar Rebo",Kalisari,"Jl  Albarokah RW 09 Kel  Kalisari","Tipe 4","Jl  Lingkar Sari RW 009 Kel  Kalisari"
2024,"Kota Adm. Jakarta Timur","Pasar Rebo",Kalisari,"GOR Kalisari Kel  Kalisari","Tipe 4","Jl  Kalisari III Kel  Kalisari"
2024,"Kota Adm. Jakarta Timur","Pasar Rebo",Kalisari,"Jl  Manunggal Bhakti RW 11 Kel  Kalisari","Tipe 4","Jl  Manunggal Bkati RW 011 Kel  Kalisari"
2024,"Kota Adm. Jakarta Timur","Pasar Rebo",Kalisari,"Jl  Puskesmas Kel  Kalisari","Tipe 4","Jl  Puskesmas Kalisari"
2024,"Kota Adm. Jakarta Timur","Pasar Rebo",Kalisari,"Jl  Sawit Kel  Kalisari","Tipe 4","Jl  Kalisari III Kel  Kalisari"
2024,"Kota Adm. Jakarta Timur","Pasar Rebo",Pekayon,"Mess DKM Kel  Pekayon","Tipe 2","Jl  Kopi Rw 03 Pekayon"
2024,"Kota Adm. Jakarta Timur","Pasar Rebo",Pekayon,"Balai Diklat Industri Jakarta Kel  Pekayon","Tipe 4","Jl  Balai Kimia No 1 A  RW 9  Pekayon"
2024,"Kota Adm. Jakarta Timur","Pasar Rebo",Pekayon,"POLSEK Pasar Rebo Kel  Pekayon","Tipe 4","Jl  Raya Jakarta Bogor KM 26 5  RT 4 RW 8  Pekayon"
2024,"Kota Adm. Jakarta Timur","Pasar Rebo",Pekayon,"Komplek Lapan Kel  Pekayon","Tipe 2","Jl  Raya Lapan Gg  Indah RW 9  Pekayon"
2024,"Kota Adm. Jakarta Timur","Pasar Rebo",Pekayon,"Komplek Telsa Lapan Kel  Pekayon","Tipe 2","Jl  Pendidikan Pekayon"
2024,"Kota Adm. Jakarta Timur","Pasar Rebo",Pekayon,"Kantor Lapan Kel  Pekayon","Tipe 2","Jl  Lapan Rw 09 Pekayon"
2024,"Kota Adm. Jakarta Timur","Pasar Rebo",Pekayon,"Jl  Buah Kel Pekayon","Tipe 2","Jl  Buah Rw 04 Pekayon"
2024,"Kota Adm. Jakarta Timur","Pasar Rebo",Pekayon,"Jl  Kopi Kel  Pekayon","Tipe 4","Jl  Kopi Rw 03 Pekayon"
2024,"Kota Adm. Jakarta Timur","Pasar Rebo",Pekayon,"Detta Marina Kel  Pekayon","Tipe 4","Jl  Raya Bogor KM 28 Pekayon"
2024,"Kota Adm. Jakarta Timur","Pasar Rebo",Pekayon,"Jl  H  Balok Kel  Pekayon","Tipe 4","Jl  H  Balok Pekayon"
2024,"Kota Adm. Jakarta Timur","Pasar Rebo",Pekayon,"Yonif 201 Kel  Pekayon","Tipe 4","Jl  Raya Bogor Jaya Yudha Rw 05 Pekayon"
2024,"Kota Adm. Jakarta Timur","Pasar Rebo",Pekayon,"Jl  Lapan III Kel  Pekayon","Tipe 4","Jl  Lapan III Pekayon"
2024,"Kota Adm. Jakarta Timur","Pasar Rebo",Pekayon,"Jl  Lapan depan RPTRA Kaca Piring Kel  Pekayon","Tipe 4","Jl  Lapan Rw 01 Pekayon"
2024,"Kota Adm. Jakarta Timur","Pasar Rebo",Pekayon,"Jl  Lapan Toledo Kel  Pekayon","Tipe 4","Jl  Lapan Toledo Pekayon"
2024,"Kota Adm. Jakarta Timur","Pasar Rebo",Pekayon,"Kantor Camat Pasar Rebo","Tipe 4","Jl  Raya Bogor  RT 1 RW 4  Pekayon"
2024,"Kota Adm. Jakarta Timur","Pasar Rebo",Pekayon,"Jl  Raya Bogor Ciba Kel  Pekayon","Tipe 4","Jl  Raya Bogor samping Hutsman Pekayon"
2024,"Kota Adm. Jakarta Timur","Pasar Rebo",Pekayon,"Komplek Zeni Kel  Pekayon","Tipe 4","Jl  Raya Jakarta Bogor No 10A  RT 2 RW 8  Pekayon"
2024,"Kota Adm. Jakarta Timur","Pasar Rebo",Pekayon,"Jl  Gandaria I  II  III  IV RW 02 Kel  Pekayon","Tipe 4","Jl  Gandaria RW 02 Pekayon"
2024,"Kota Adm. Jakarta Timur","Pasar Rebo",Pekayon,"Dipo Tipar Kel  Pekayon","Tipe 1","Jl  Tipar Rw 07 Pekayon"
2024,"Kota Adm. Jakarta Timur","Pasar Rebo",Cijantung,"Dipo Pendidikan Kel  Cijantung","Tipe 1","Jl  Pendidikan III Rt 02 Rw 04"
2024,"Kota Adm. Jakarta Timur",Pulogadung,"Kayu Putih","TPS RW  016","Tipe 4","Jl  Pulo Nangka Barat RT  03 RW 016"
2024,"Kota Adm. Jakarta Timur",Pulogadung,"Kayu Putih","TPS Pasar Ampera","Tipe 2","Jl  Drompol No 4 RT  4 RW  17"
2024,"Kota Adm. Jakarta Timur",Pulogadung,Rawamangun,"TPS RW  12","Tipe 4","Jl Rawamangun Muka Selatan"
2024,"Kota Adm. Jakarta Timur",Pulogadung,Rawamangun,"TPS RW  11","Tipe 4","Jl  Wisma Jaya"
2024,"Kota Adm. Jakarta Timur",Pulogadung,Cipinang,"TPS RW  16 Jagal","Tipe 4","Jl  Cipinang Jagal RW 016"
2024,"Kota Adm. Jakarta Timur",Pulogadung,Cipinang,"TPS RW  006 Musik Cipinang","Tipe 4","Jl  Cipinang Baru Raya RW  06"
2024,"Kota Adm. Jakarta Timur",Pulogadung,Cipinang,"TPS RW  005 Brimob Cipinang","Tipe 4","Jl  Raya Bekasi Timur"
2024,"Kota Adm. Jakarta Timur",Pulogadung,Cipinang,"TPS RW  008","Tipe 4","Jl  Cipinang Lontar RW 008"
2024,"Kota Adm. Jakarta Timur",Pulogadung,Pulogadung,"TPS RW  001 Pulogadung","Tipe 4","Jl  Kayu Mas Raya"
2024,"Kota Adm. Jakarta Timur",Pulogadung,Pulogadung,"TPS RW  009 Pulogadung","Tipe 4","Jl Kayu Mas Utara"
2024,"Kota Adm. Jakarta Timur",Pulogadung,Pulogadung,"TPS RW  008 Pulogadung","Tipe 4","Jl  Pulo Nangka Timur"
2024,"Kota Adm. Jakarta Timur",Pulogadung,Pulogadung,"TPS RW  003 Taruna Pulogadung","Tipe 4","Jl  Taruna"
2024,"Kota Adm. Jakarta Timur",Pulogadung,"Jatinergara Kaum","TPS RW  009 Rusun Jatinegara Kaum","Tipe 4","Jl  Bekasi Timur Raya RW  01"
2024,"Kota Adm. Jakarta Timur",Pulogadung,"Pisangan Lama","TPS RW  06","Tipe 2","Jl  Achmad Yani"
2024,"Kota Adm. Jakarta Timur",Pulogadung,"Jatinegara Kaum","TPS RW  004 Kel  Jatinegara Kaum","Tipe 4","Jl  Remaja RT  08 RW  04"
2024,"Kota Adm. Jakarta Timur",Pulogadung,Pulogadung,"TPS RW  007 Pulogadung","Tipe 2","Jl  Kayu Putih Tengah RW  07"
2024,"Kota Adm. Jakarta Timur",Pulogadung,"Pisangan Timur","TPS RW  06","Tipe 2","Jl  Perumahan Golf"
2024,"Kota Adm. Jakarta Timur",Pulogadung,"Jatinegara Kaum","TPS RW  06","Tipe 2","Jl  Bekasi Timur RT  05 RW  06"
2024,"Kota Adm. Jakarta Timur",Pulogadung,Jati,"TPS RW 05","Tipe 4","Jl  Bendungan Jati"
2024,"Kota Adm. Jakarta Timur",Pulogadung,Jati,"TPS RW 03 04","Tipe 4","Jl  Poncol"
2024,"Kota Adm. Jakarta Timur",Pulogadung,"Kayu Putih","TPS Pulomas Kayu Putih RW  13 RT  3","Tipe 1","Dipo Indoor Pulomas Kel  Kayu Putih"
2024,"Kota Adm. Jakarta Utara",Cilincing,Rorotan,"TPS Pasar Lokbin","Tipe 4","Jl  Malaka I No  42 RT  04 RW  05"
2024,"Kota Adm. Jakarta Utara",Cilincing,Rorotan,"TPS RW  12 Rorotan","Tipe 4","Jl  Rorotan Marunda 23 25"
2024,"Kota Adm. Jakarta Utara",Cilincing,Rorotan,"TPS RW  13 Rorotan","Tipe 4","Jl  Sarang Bango No  3"
2024,"Kota Adm. Jakarta Utara",Cilincing,Rorotan,"TPS RW  07 Rorotan","Tipe 4","Jl  Batas Rorotan No 12"
2024,"Kota Adm. Jakarta Utara",Cilincing,Rorotan,"TPS RW  07 RT  01 Rorotan","Tipe 4","Jl  Rorotan IX Gg 1"
2024,"Kota Adm. Jakarta Utara",Cilincing,Rorotan,"TPS RW  07 RT  19 Rorotan","Tipe 4","Jl  Rorotan IX Gg IV"
2024,"Kota Adm. Jakarta Utara",Cilincing,Rorotan,"TPS RW  10 Rorotan","Tipe 4","Jl  Rorotan III No 21"
2024,"Kota Adm. Jakarta Utara",Cilincing,Rorotan,"TPS RW  04 Rorotan","Tipe 2","Jl  Rorotan II No 8"
2024,"Kota Adm. Jakarta Utara",Cilincing,Rorotan,"TPS RW  03 Rorotan","Tipe 4","Jl  Green Garden 3"
2024,"Kota Adm. Jakarta Utara",Cilincing,Rorotan,"TPS RW  14 Rorotan","Tipe 2","Rusun Rorotan"
2024,"Kota Adm. Jakarta Utara",Cilincing,"Semper Barat","TPS RW  15 Semper Barat","Tipe 1","Jl  Raya Cilincing RW  15"
2024,"Kota Adm. Jakarta Utara",Cilincing,"Semper Barat","TPS RW  03 Semper Barat","Tipe 2","Jl  Rusun Kebersihan  No  24 RW  03"
2024,"Kota Adm. Jakarta Utara",Cilincing,"Semper Barat","TPS RW  01 Semper Barat","Tipe 4","Jl  Belibis IV"
2024,"Kota Adm. Jakarta Utara",Cilincing,"Semper Barat","TPS RW  02 Semper Barat","Tipe 2","Jl  Sena 1 RW  02 Komplek Yon Air"
2024,"Kota Adm. Jakarta Utara",Cilincing,"Semper Barat","TPS RW  04 Semper Barat","Tipe 4","Rusun Embrio"
2024,"Kota Adm. Jakarta Utara",Cilincing,"Semper Barat","TPS RW  04 Waduk Belibis Semper Barat","Tipe 4","Jl  Rusun Embrio RW 04"
2024,"Kota Adm. Jakarta Utara",Cilincing,"Semper Barat","TPS RW  06 Semper Barat","Tipe 4","Jl  Raya Cacing RT  11 RW  06"
2024,"Kota Adm. Jakarta Utara",Cilincing,"Semper Barat","TPS LINTAS RW  05 Semper Barat","Tipe 4","Jl  Raya Tipar Cakung RW  05"
2024,"Kota Adm. Jakarta Utara",Cilincing,"Semper Timur","TPS RW  05 Semper Timur","Tipe 2","Jl  Kebantenan I RT  10 RW  05"
2024,"Kota Adm. Jakarta Utara",Cilincing,"Semper Timur","TPS RW  03 Sungai Begog Semper Timur","Tipe 4","Jl  Peralihan RT  06 RW  03"
2024,"Kota Adm. Jakarta Utara",Cilincing,"Semper Timur","TPS RW  09 Airud","Tipe 4","Jl  Arjuna III RT  10 RW  09"
2024,"Kota Adm. Jakarta Utara","Tanjung Priok","Sunter Agung","TPS Sunter Icon","Tipe 2","Jl  Ancol Selatan RW  002"
2024,"Kota Adm. Jakarta Utara","Tanjung Priok","Sunter Agung","TPS Graha Sunter Pratama","Tipe 2","Perumahan GSP RW  002"
2024,"Kota Adm. Jakarta Utara","Tanjung Priok","Sunter Agung","TPS DKI","Tipe 2","Jl  Sunter Karya Selatan V"
2024,"Kota Adm. Jakarta Utara","Tanjung Priok","Sunter Agung","TPS RW  009","Tipe 4","Jl  Sunter Agung 19 RW  09"
2024,"Kota Adm. Jakarta Utara","Tanjung Priok","Sunter Agung","TPS RW  013","Tipe 4","RW  13"
2024,"Kota Adm. Jakarta Utara","Tanjung Priok","Sunter Agung","TPS RW  015","Tipe 4","Jl  Danau Sunter Utara RW  15"
2024,"Kota Adm. Jakarta Utara","Tanjung Priok","Sunter Agung","TPS RW  018","Tipe 4","Jl  Danau Sunter Utara RW  18"
2024,"Kota Adm. Jakarta Utara","Tanjung Priok","Sunter Jaya","TPS Sunter Jaya","Tipe 1","Jl  Sunter Jaya I RW  001"
2024,"Kota Adm. Jakarta Utara","Tanjung Priok","Sunter Jaya","TPS BAK Kedongdong","Tipe 4","Jl  Kedondong RW  006"
2024,"Kota Adm. Jakarta Utara","Tanjung Priok","Sunter Jaya","TPS BAK Sosro","Tipe 4","Jl  Sunter Kemayoran RW  09"
2024,"Kota Adm. Jakarta Utara","Tanjung Priok","Sunter Jaya","TPS BAK HONDA","Tipe 4","Jl  Sunter Kemayoran RW  09"
2024,"Kota Adm. Jakarta Utara","Tanjung Priok","Sunter Jaya","TPS BAK SMR","Tipe 4","Jl  Mitra Sunter RW  11"
2024,"Kab. Adm. Kep. Seribu","Pulau Seribu Selatan","Pulau Tidung","TPS Pulau Tidung","Tipe 1","Pulau Tidung"
2024,"Kab. Adm. Kep. Seribu","Pulau Seribu Selatan","Pulau Pari","TPS Pulau Pari","Tipe 4","Pulau Pari"
2024,"Kab. Adm. Kep. Seribu","Pulau Seribu Selatan","Pulau Untung Jawa","TPS Pulau Untung Jawa","Tipe 4","Pulau Untung Jawa"
2024,"Kab. Adm. Kep. Seribu","Pulau Seribu Selatan","Pulau Tidung","TPS Pulau Payung","Tipe 4","Pulau Payung"
2024,"Kab. Adm. Kep. Seribu","Pulau Seribu Selatan","Pulau Lancang","TPS Pulau Lancang","Tipe 4","Pulau Lancang"
2024,"Kab. Adm. Kep. Seribu","Pulau Seribu Utara","Pulau Harapan","TPS Pulau Harapan","Tipe 1","Pulau Harapan"
2024,"Kab. Adm. Kep. Seribu","Pulau Seribu Utara","Pulau Harapan","TPS Pulau Kelapa","Tipe 4","Pulau Kelapa"
2024,"Kab. Adm. Kep. Seribu","Pulau Seribu Utara","Pulau Harapan","TPS Pulau Kelapa Dua","Tipe 4","Pulau Kelapa Dua"
2024,"Kab. Adm. Kep. Seribu","Pulau Seribu Utara","Pulau Panggang","TPS Pulau Panggang","Tipe 4","Pulau Panggang"
2024,"Kab. Adm. Kep. Seribu","Pulau Seribu Utara","Pulau Sebira","TPS Pulau Sebira","Tipe 4","Pulau Sebira"
2024,"Kab. Adm. Kep. Seribu","Pulau Seribu Utara","Pulau Panggang","TPS Pulau Pramuka","Tipe 4","Pulau Pramuka"
2025,"KOTA ADM. JAKARTA BARAT","TAMAN SARI",GLODOK,"TPS RW. 01","TIPE 4","JL. TOKOTIGA SEBRANG NO. 11 RT. 001/RW. 01"
2025,"KOTA ADM. JAKARTA BARAT","TAMAN SARI",GLODOK,"TPS RW. 04","TIPE 4","JL. KEADILAN II NO. 34 RT. 02/RW. 04"
2025,"KOTA ADM. JAKARTA BARAT","TAMAN SARI",GLODOK,"TPS RW. 05","TIPE 4","JL. KEADILAN 4 NO. 186"
2025,"KOTA ADM. JAKARTA BARAT","TAMAN SARI",KEAGUNGAN,"TPS RW. 01","TIPE 4","JL. KEADILAN 2 RW. 01 KEL. KEAGUNGAN"
2025,"KOTA ADM. JAKARTA BARAT","TAMAN SARI",KRUKUT,"TPS RW. 01","TIPE 4","JL. KEJAYAAN I"
2025,"KOTA ADM. JAKARTA BARAT","TAMAN SARI",KRUKUT,"TPS RW. 03","TIPE 4","JL. KEUTAMAAN DALAM"
2025,"KOTA ADM. JAKARTA BARAT","TAMAN SARI",KRUKUT,"TPS RW. 07","TIPE 4","JL. KETAPANG UTARA"
2025,"KOTA ADM. JAKARTA BARAT","TAMAN SARI",KRUKUT,"TPS RW. 04","TIPE 4","JL. KETAPANG UTARA VII"
2025,"KOTA ADM. JAKARTA BARAT","TAMAN SARI","MANGGA BESAR","TPS RW. 04","TIPE 4","JL. MANGGA BESAR V"
2025,"KOTA ADM. JAKARTA BARAT","TAMAN SARI","MANGGA BESAR","TPS RW. 01","TIPE 4","JL. KOKOSAN JEMBATAN BOCIANG"
2025,"KOTA ADM. JAKARTA BARAT","TAMAN SARI","MANGGA BESAR","TPS RW. 02","TIPE 4","JL. MANGGA BESAR V"
2025,"KOTA ADM. JAKARTA BARAT","TAMAN SARI","MANGGA BESAR","TPS RW. 03","TIPE 4","JL. MANGGA BESAR V"
2025,"KOTA ADM. JAKARTA BARAT","TAMAN SARI","MANGGA BESAR","TPS RW. 06","TIPE 4","JL. RAYA MANGGA BESAR"
2025,"KOTA ADM. JAKARTA BARAT","TAMAN SARI",MAPHAR,"TPS RW. 06","TIPE 4","JL. TAMANSARI 3"
2025,"KOTA ADM. JAKARTA BARAT","TAMAN SARI",MAPHAR,"TPS RW. 03","TIPE 4","JL. TAMANSARI RAYA"
2025,"KOTA ADM. JAKARTA BARAT","TAMAN SARI",MAPHAR,"TPS RW. 08","TIPE 4","JL. KEBON JERUK 16"
2025,"KOTA ADM. JAKARTA BARAT","TAMAN SARI",PINANGSIA,"TPS RW. 02 KOTA INDAH","TIPE 4","JL. MANGGA BESAR"
2025,"KOTA ADM. JAKARTA BARAT","TAMAN SARI",PINANGSIA,"TPS RW. 05","TIPE 4","JL. PANGERAN JAYAKARTA"
2025,"KOTA ADM. JAKARTA BARAT","TAMAN SARI",PINANGSIA,"TPS RW. 06","TIPE 4","JL. PINTU BESAR SELATAN"
2025,"KOTA ADM. JAKARTA BARAT","TAMAN SARI",PINANGSIA,"TPS RW. 04","TIPE 4","JL. MANGGA DUA RAYA"
2025,"KOTA ADM. JAKARTA BARAT","TAMAN SARI",PINANGSIA,"TPS RW. 06 ASEMKA","TIPE 4","JL. KUNIR"
2025,"KOTA ADM. JAKARTA BARAT","TAMAN SARI",PINANGSIA,"TPS RW. 07","TIPE 4","JL. CENGKEH"
2025,"KOTA ADM. JAKARTA BARAT","TAMAN SARI","TAMAN SARI","TPS RW. 04","TIPE 4","JL. MANGGA BESAR"
2025,"KOTA ADM. JAKARTA BARAT","TAMAN SARI","TAMAN SARI","TPS RW. 06, 07","TIPE 4","JL. TAMANSARI RAYA"
2025,"KOTA ADM. JAKARTA BARAT","TAMAN SARI","TAMAN SARI","TPS RW. 01","TIPE 4","JL. TAMANSARI RAYA"
2025,"KOTA ADM. JAKARTA BARAT","TAMAN SARI","TAMAN SARI","TPS RW. 03 (2,3,5,7)","TIPE 4","JL. MANGGA BESAR 2 KEL. TAMANSARI"
2025,"KOTA ADM. JAKARTA BARAT","TAMAN SARI",TANGKI,"TPS RW. 01","TIPE 4","JL. MANGGA BESAR 12"
2025,"KOTA ADM. JAKARTA BARAT","TAMAN SARI",TANGKI,"TPS RW. 01 (LOKASARI)","TIPE 4","JL. MANGGA BESAR 12"
2025,"KOTA ADM. JAKARTA BARAT",TAMBORA,ANGKE,"TPS RUMAH SUSUN-ANGKE","TIPE 4","JL. RUMAH SUSUN RW. 11"
2025,"KOTA ADM. JAKARTA BARAT",TAMBORA,ANGKE,"TPS PADAMULYA","TIPE 4","JL. PADAMULYA RW. 08"
2025,"KOTA ADM. JAKARTA BARAT",TAMBORA,ANGKE,"TPS PASAR AYAM RW. 01","TIPE 4","PASAR AYAM RW. 01"
2025,"KOTA ADM. JAKARTA BARAT",TAMBORA,"DURI SELATAN","TPS DURI SELATAN 7 RW. 06","TIPE 4","JL. DURI SELATAN 7 RW. 06"
2025,"KOTA ADM. JAKARTA BARAT",TAMBORA,"DURI SELATAN","TPS DURI SELATAN RW. 01","TIPE 4","JL. KH. MOH. MANSYUR"
2025,"KOTA ADM. JAKARTA BARAT",TAMBORA,"DURI SELATAN","TPS DURI RAYA RW. 04","TIPE 4","JL. DURI RAYA RW. 04"
2025,"KOTA ADM. JAKARTA BARAT",TAMBORA,"JEMBATAN BESI","TPS JEMBATAN BESI RW. 05 SEGITIGA VELBAK","TIPE 4","JL. JEMBATAN BESI RW. 05 SEGITIGA VELBAK"
2025,"KOTA ADM. JAKARTA BARAT",TAMBORA,"JEMBATAN BESI","TPS DURI BANGKIT RW. 07","TIPE 4","JL. DURI BANGKIT RW. 07"
2025,"KOTA ADM. JAKARTA BARAT",TAMBORA,"JEMBATAN BESI","TPS KALI ITEM RW. 01","TIPE 4","KALI ITEM RW. 01"
2025,"KOTA ADM. JAKARTA BARAT",TAMBORA,"JEMBATAN BESI","TPS KALI ITEM RW. 02","TIPE 4","KALI ITEM RW. 02"
2025,"KOTA ADM. JAKARTA BARAT",TAMBORA,"JEMBATAN BESI","TPS PASAR JEMBATAN BESI","TIPE 4","PSR. JEMBATAN BESI"
2025,"KOTA ADM. JAKARTA BARAT",TAMBORA,"JEMBATAN LIMA","TPS GUDANG BANDUNG","TIPE 4","JL. GUDANG BANDUNG RW. 07"
2025,"KOTA ADM. JAKARTA BARAT",TAMBORA,"JEMBATAN LIMA","TPS PASAR MITRA","TIPE 4","PASAR MITRA"
2025,"KOTA ADM. JAKARTA BARAT",TAMBORA,"JEMBATAN LIMA","TPS PASAR BUAH","TIPE 4","PASAR BUAH"
2025,"KOTA ADM. JAKARTA BARAT",TAMBORA,"KALI ANYAR","TPS BKB KALIANYAR","TIPE 4","TPS BKB KALIANYAR"
2025,"KOTA ADM. JAKARTA BARAT",TAMBORA,PEKOJAN,"TPS PEKOJAN","TIPE 4","JL. PEJAGALAN RAYA RW. 10"
2025,"KOTA ADM. JAKARTA BARAT",TAMBORA,"ROA MALAKA","TPS JL. KOPI","TIPE 4","JL. KOPI - TIANG BENDERA"
2025,"KOTA ADM. JAKARTA BARAT",TAMBORA,"ROA MALAKA","TPS PASAR PAGI - KOLONG","TIPE 4","JL. PERNIAGAAN BARAT RW. 01 PASAR PAGI"
2025,"KOTA ADM. JAKARTA BARAT",TAMBORA,TAMBORA,"TPS RW. 01-07","TIPE 4","JL. TAMBORA VIII"
2025,"KOTA ADM. JAKARTA BARAT",TAMBORA,TAMBORA,"TPS PASAR PERNIAGAAN","TIPE 4","PASAR PERNIAGAAN"
2025,"KOTA ADM. JAKARTA BARAT",TAMBORA,"DURI UTARA","TPS DURI UTARA","TIPE 1","JL. DURI UTARA III RW. 02"
2025,"KOTA ADM. JAKARTA BARAT",TAMBORA,"TANAH SEREAL","TPS HANURA","TIPE 1","JL. HANURA RAYA RW. 015"
2025,"KOTA ADM. JAKARTA BARAT",CENGKARENG,"CENGKARENG BARAT","TPS RUSUN FLAMBOYAN","TIPE 2","JL. RUSUN FLAMBOYAN NO.14 14, RT.14/RW.10, CENGKARENG BAR"
2025,"KOTA ADM. JAKARTA BARAT",CENGKARENG,"CENGKARENG BARAT","TPS RW 17 - CENGKARENG BARAT","TIPE 4","JL. TAMAN PALEM LESTARI R NO.7 7, RT.7/RW.8, CENGKARENG BAR"
2025,"KOTA ADM. JAKARTA BARAT",CENGKARENG,"CENGKARENG BARAT","TPS RW 04 (DOOR TO DOOR) - CENGKARENG BARAT","TIPE 4","JL. KOMP. IMIGRASI NO.27, RT.1/RW.2, CENGKARENG BAR"
2025,"KOTA ADM. JAKARTA BARAT",CENGKARENG,"CENGKARENG TIMUR","TPS RW 05 JL. FAJAR BARU SELATAN - CENGKARENG TIMUR","TIPE 4","JL. NURUL AMAL RAYA NO.15, RT.15/RW.5, CENGKARENG TIM"
2025,"KOTA ADM. JAKARTA PUSAT","CEMPAKA PUTIH","CEMPAKA PUTIH TIMUR","DIPO RAWA KERBO","TIPE 1","JL. RAWASARI SEL"
2025,"KOTA ADM. JAKARTA PUSAT","CEMPAKA PUTIH","CEMPAKA PUTIH BARAT","CEMPAKA PUTIH BARAT 2","TIPE 4","JL. CEMPAKA PUTIH BARAT 2"
2025,"KOTA ADM. JAKARTA PUSAT","CEMPAKA PUTIH","CEMPAKA PUTIH BARAT","MARDANI RAYA","TIPE 4","JL. MARDANI RAYA"
2025,"KOTA ADM. JAKARTA PUSAT","CEMPAKA PUTIH","CEMPAKA PUTIH TIMUR","CEMPAKA PUTIH TIMUR 04","TIPE 4","JL. CEMPAKA PUTIH TIMUR"
2025,"KOTA ADM. JAKARTA PUSAT","CEMPAKA PUTIH","CEMPAKA PUTIH TIMUR","CEMPAKA PUTIH TENGAH 31","TIPE 4","JL. CEMPAKA PUTIH TENGAH 31"
2025,"KOTA ADM. JAKARTA PUSAT","CEMPAKA PUTIH","CEMPAKA PUTIH TIMUR","TPS 3R RAWASARI","TPS 3R","KOMPLEK PERKANTORAN RAWA KERBAU"
2025,"KOTA ADM. JAKARTA PUSAT","CEMPAKA PUTIH",RAWASARI," PERCETAKAN NEGARA 9","TIPE 4","JL. PERCETAKAN NEGARA IX"
2025,"KOTA ADM. JAKARTA PUSAT","CEMPAKA PUTIH",RAWASARI,"TAMAN PRAMUKA","TIPE 4","JL. PERCETAKAN NEGARA 5"
2025,"KOTA ADM. JAKARTA PUSAT","CEMPAKA PUTIH",RAWASARI,"PRAMUKA JAYA SARI","TIPE 4","JL. PRAMUKA JAYA SARI"
2025,"KOTA ADM. JAKARTA PUSAT","CEMPAKA PUTIH","CEMPAKA PUTIH TIMUR","TPS MA (MAHKAMAH AGUNG) ","TIPE 4","JL. CEMPAKA PUTIH TIMUR 25"
2025,"KOTA ADM. JAKARTA PUSAT",GAMBIR,CIDENG,"TPS TANJUNG SELOR","TIPE 1","JL. TANJUNG SELOR"
2025,"KOTA ADM. JAKARTA PUSAT",GAMBIR,CIDENG,"TPS ASRAMA POLISI RW. 09","TIPE 4","JL. CIDENG BARAT"
2025,"KOTA ADM. JAKARTA PUSAT",GAMBIR,CIDENG,"TPS DINAS TEKNIS","TIPE 4","JL. JATI BARU"
2025,"KOTA ADM. JAKARTA PUSAT",GAMBIR,"DURI PULO","TPS RW. 07 DAN 08","TIPE 3","JL. SUBUR BARU"
2025,"KOTA ADM. JAKARTA PUSAT",GAMBIR,"DURI PULO","TPS RW. 012","TIPE 4","JL. SETIA KAWAN RT. 01"
2025,"KOTA ADM. JAKARTA PUSAT",GAMBIR,"DURI PULO","TPS RW. 09","TIPE 4","JL. SETIA KAWAN UJUNG RT. 03"
2025,"KOTA ADM. JAKARTA PUSAT",GAMBIR,GAMBIR,"TPS KEMENTERIAN PERTAHANAN","TIPE 1","JL. TANAH ABANG TIMUR"
2025,"KOTA ADM. JAKARTA PUSAT",GAMBIR,GAMBIR,"TPS KANTOR WALIKOTA","TIPE 2","JL. TANAH ABANG 1"
2025,"KOTA ADM. JAKARTA PUSAT",GAMBIR,GAMBIR,"TPS KEMENTERIAN PERDAGANGAN","TIPE 2","JL. RIDWAN RAIS"
2025,"KOTA ADM. JAKARTA PUSAT",GAMBIR,GAMBIR,"TPS LEMHANAS","TIPE 2","JL. KEBON SIRIH RAYA"
2025,"KOTA ADM. JAKARTA PUSAT",GAMBIR,GAMBIR,"TPS STASIUN GAMBIR","TIPE 2","JL. MEDAN MERDEKA TIMUR"
2025,"KOTA ADM. JAKARTA PUSAT",GAMBIR,GAMBIR,"TPS KANTOR DPRD","TIPE 3","JL. KEBON SIRIH RAYA "
2025,"KOTA ADM. JAKARTA PUSAT",GAMBIR,GAMBIR,"TPS JL. BATU","TIPE 4","JL. BATU"
2025,"KOTA ADM. JAKARTA PUSAT",GAMBIR,GAMBIR,"TPS JL. PEJAMBON","TIPE 4","JL. PEJAMBON"
2025,"KOTA ADM. JAKARTA PUSAT",GAMBIR,GAMBIR,"TPS LENGGANG JAKARTA","TIPE 4","TAMAN MONAS"
2025,"KOTA ADM. JAKARTA PUSAT",GAMBIR,GAMBIR,"TPS MONAS","TIPE 4",MONAS
2025,"KOTA ADM. JAKARTA PUSAT",GAMBIR,GAMBIR,"TPS RW. 04","TIPE 4","JL. GAMBIR BUNTU"
2025,"KOTA ADM. JAKARTA PUSAT",GAMBIR,"GAMBIR ","TPS KEMENKOMINFO","TIPE 4","JL. ABDUL MUIS"
2025,"KOTA ADM. JAKARTA PUSAT",GAMBIR,"GAMBIR ","TPS PERHUBUNGAN","TIPE 4","JL. ABDUL MUIS"
2025,"KOTA ADM. JAKARTA PUSAT",GAMBIR,"GAMBIR ","TPS RS.  BUDI KEMULIAAN","TIPE 4","JL. BUDI KEMULIAAN "
2025,"KOTA ADM. JAKARTA PUSAT",GAMBIR,"GAMBIR ","TPS SEKRETARIS NEGARA","TIPE 4","JL. MEDAN MERDEKA UTARA "
2025,"KOTA ADM. JAKARTA PUSAT",GAMBIR,"KEBON KELAPA","TPS KEBON KELAPA","TIPE 1","JL. PINTU AIR 2"
2025,"KOTA ADM. JAKARTA PUSAT",GAMBIR,"KEBON KELAPA","TPS SUKARJO WIRYOPRANOTO","TIPE 4","JL. SUKARJO WIRYOPRANOTO"
2025,"KOTA ADM. JAKARTA PUSAT",GAMBIR,"PETOJO SELATAN ","TPS JL. TANAH ABANG I","TIPE 1","JL. TANAH ABANG I"
2025,"KOTA ADM. JAKARTA PUSAT",GAMBIR,"PETOJO SELATAN ","TPS PASPAMPRES ","TIPE 2","JL. TANAH ABANG 2"
2025,"KOTA ADM. JAKARTA PUSAT",GAMBIR,"PETOJO SELATAN ","TPS PASAR THOMAS","TIPE 3","JL. TANAH ABANG V"
2025,"KOTA ADM. JAKARTA PUSAT",GAMBIR,"PETOJO SELATAN ","TPS JATIBARU","TIPE 4","JL. JATIBARU"
2025,"KOTA ADM. JAKARTA PUSAT",GAMBIR,"PETOJO SELATAN ","TPS TANAH ABANG 3","TIPE 4","JL. TANAH ABANG 3"
2025,"KOTA ADM. JAKARTA PUSAT",GAMBIR,"PETOJO UTARA","TPS PASAR PETOJO ILIR","TIPE 2","JL. PETOJO ILIR"
2025,"KOTA ADM. JAKARTA PUSAT",GAMBIR,"PETOJO UTARA","TPS RW. 07 DAN 08","TIPE 4","JL. BINATU 1"
2025,"KOTA ADM. JAKARTA PUSAT","JOHAR BARU",GALUR,"TPS GEMBRONG","TIPE 4","JL. RAWA SELATAN I"
2025,"KOTA ADM. JAKARTA PUSAT","JOHAR BARU","JOHAR BARU","TPS JOHAR BARU","TIPE 1","JL. JOHAR BARU UTARA 1"
2025,"KOTA ADM. JAKARTA PUSAT","JOHAR BARU","TANAH TINGGI","TPS KOTA PARIS","TIPE 4","JL. PULOGUNDUL "
2025,"KOTA ADM. JAKARTA PUSAT",KEMAYORAN,"GUNUNG SAHARI SELATAN","TPS KRAN","TIPE 1","JL. KRAN RAYA"
2025,"KOTA ADM. JAKARTA PUSAT",KEMAYORAN,"GUNUNG SAHARI SELATAN","TPS GOLDEN","TIPE 2","JL. BUNGUR BESAR RAYA"
2025,"KOTA ADM. JAKARTA PUSAT",KEMAYORAN,"GUNUNG SAHARI SELATAN","TPS ARMABAR","TIPE 2","JL. BUNGUR BESAR RAYA"
2025,"KOTA ADM. JAKARTA PUSAT",KEMAYORAN,"KEBON KOSONG","TPS RT. 10 RW. 06 KEBON KOSONG","TIPE 2","JL. SWADAYA"
2025,"KOTA ADM. JAKARTA PUSAT",KEMAYORAN,"KEBON KOSONG","TPS APRON","TIPE 2","JL. ANGKASA RAYA"
2025,"KOTA ADM. JAKARTA PUSAT",KEMAYORAN,"UTAN PANJANG","TPS PASAR KEMAYORAN","TIPE 2","JL. D, UTAN PANJANG"
2025,"KOTA ADM. JAKARTA PUSAT",KEMAYORAN,"CEMPAKA BARU","TPS JL. PAM RW. 08","TIPE 4","JL. PAM RW. 08 CEMPAKA BARU"
2025,"KOTA ADM. JAKARTA PUSAT",KEMAYORAN,"CEMPAKA BARU","TPS RW. 05 CEMPAKA BARU","TIPE 4","JL. SUMUR BATU RAYA"
2025,"KOTA ADM. JAKARTA PUSAT",KEMAYORAN,"CEMPAKA BARU","TPS RW. 06 KEL. CEMPAKA BARU","TIPE 4","JL. CEMPAKA BARU TENGAH"
2025,"KOTA ADM. JAKARTA PUSAT",KEMAYORAN,"CEMPAKA BARU","TPS RW. 07 KEL. CEMPAKA BARU","TIPE 4","JL. CEMPAKA BARU III"
2025,"KOTA ADM. JAKARTA PUSAT",KEMAYORAN,"CEMPAKA BARU","TPS JL. SUDIRO","TIPE 4","JL. SUDIRO"
2025,"KOTA ADM. JAKARTA PUSAT",KEMAYORAN,"CEMPAKA BARU","TPS RW. 02 CEMPAKA BARU","TIPE 4","JL. LETJEND SUPRAPTO"
2025,"KOTA ADM. JAKARTA PUSAT",KEMAYORAN,"GUNUNG SAHARI SELATAN","TPS JL. BANGAU","TIPE 4","JL. BANGAU II"
2025,"KOTA ADM. JAKARTA PUSAT",KEMAYORAN,"KEBON KOSONG","TPS 3R DAKOTA","TIPE 1","JL. DAKOTA RAYA"
2025,"KOTA ADM. JAKARTA PUSAT",KEMAYORAN,KEMAYORAN,"TPS JL. KEPU SELATAN","TIPE 4","JL. KEPU SELATAN RW. 03"
2025,"KOTA ADM. JAKARTA PUSAT",KEMAYORAN,KEMAYORAN,"TPS JL. BENDA","TIPE 4","JL. BENDA TIMUR"
2025,"KOTA ADM. JAKARTA PUSAT",KEMAYORAN,KEMAYORAN,"TPS JL. KEPU TIMUR","TIPE 4","JL. KEPU TIMUR"
2025,"KOTA ADM. JAKARTA PUSAT",KEMAYORAN,"SUMUR BATU","TPS RW. 02 PIRUS","TIPE 4","JL. MUTIARA"
2025,"KOTA ADM. JAKARTA PUSAT",KEMAYORAN,"SUMUR BATU","TPS ZAMRUD","TIPE 4","JL. ZAMRUD RAYA"
2025,"KOTA ADM. JAKARTA PUSAT",KEMAYORAN,"SUMUR BATU","TPS JL. BERLIAN","TIPE 4","JL. BERLIAN RAYA"
2025,"KOTA ADM. JAKARTA PUSAT",KEMAYORAN,"SUMUR BATU","TPS JL. KODAM","TIPE 4","JL. KODAM RAYA"
2025,"KOTA ADM. JAKARTA PUSAT",KEMAYORAN,"UTAN PANJANG","TPS ARDALA (GEMBRENG)","TIPE 4","JL. UTAN PANJANG TIMUR RW. 02"
2025,"KOTA ADM. JAKARTA PUSAT",KEMAYORAN,"HARAPAN MULIA","TPS PASAR CEMPAKA SARI","TIPE 4","JL. CEMPAKA SARI III"
2025,"KOTA ADM. JAKARTA PUSAT",KEMAYORAN,"KEBON KOSONG","TPS GEMPOL","TIPE 4","JL. KEMAYORAN GEMPOL"
2025,"KOTA ADM. JAKARTA PUSAT",KEMAYORAN,"KEBON KOSONG","TPS KEMAYORAN GEMPOL","TIPE 4","JL. KEMAYORAN GEMPOL"
2025,"KOTA ADM. JAKARTA PUSAT",KEMAYORAN,SERDANG,"TPS PASAR SERDANG","TIPE 4","JL. SERDANG III"
2025,"KOTA ADM. JAKARTA PUSAT",KEMAYORAN,"SUMUR BATU","TPS PASAR SUMUR BATU","TIPE 4","JL. SUMUR BATU RAYA"
2025,"KOTA ADM. JAKARTA PUSAT",MENTENG,CIKINI,"TPS RW. 03 CIKINI","TIPE 4","JL. RADEN SALEH II"
2025,"KOTA ADM. JAKARTA PUSAT",MENTENG,CIKINI,"TPS SMP NEGERI 1","TIPE 4","JL. CIKINI RAYA"
2025,"KOTA ADM. JAKARTA PUSAT",MENTENG,MENTENG,"TPS RW. 10 MENTENG TENGGULUN","TIPE 4","JL. MENTENG TENGGULUN RT 008 / RW 010"
2025,"KOTA ADM. JAKARTA PUSAT",MENTENG,PEGANGSAAN,"TPS KIMIA","TIPE 4","JL. LETJEND SUPRAPTO"
2025,"KOTA ADM. JAKARTA TIMUR",CAKUNG,PENGGILINGAN,"TPS 3R PIK PENGGILINGAN","TPS 3R","JL. KALI BUARAN RW 10 KOMPLEK INDUSTI KECIL/ PIK PENGGILINGAN KEL. PENGGILINGAN KEC. CAKUNG"
2025,"KOTA ADM. JAKARTA TIMUR","DUREN SAWIT","PONDOK KELAPA","TPS 3R PONDOK KELAPA","TPS 3R","JL. H. NAMAN, PONDOK KELAPA, KECAMATAN DUREN SAWIT"
2025,"KOTA ADM. JAKARTA TIMUR","DUREN SAWIT","PONDOK KOPI","TPS 3R PONDOK KOPI","TPS 3R","JL. PD. KOPI UJUNG, PONDOK KOPI, KEC. DUREN SAWIT"
2025,"KOTA ADM. JAKARTA TIMUR",KRAMATJATI,CILILITAN,"TPS 3R CILILITAN","TPS 3R","JL. MAYJEND SUTOYO RW 09, KECAMATAN KRAMAT JATI"
2025,"KOTA ADM. JAKARTA PUSAT",GAMBIR,"DURI PULO","TPS 3R KETAPANG","TPS 3R","JL. KHYAI HAJI ZAINUL ARIFIN NO 67 RT10/RW 01 DURIN PULO KECAMATAN GAMBIR , KOTA JAKARTA PUSAT "
2025,"KOTA ADM. JAKARTA BARAT",KEMBANGAN,"MERUYA SELATAN","TPS 3R MERCUBUANA","TPS 3R","JL. MERUYA SELATAN RT. 004 RW. 001,  KECAMATAN KEMBANGAN"
2025,"KOTA ADM. JAKARTA PUSAT","CEMPAKA PUTIH",RAWASARI,"TPS 3R RAWASARI","TPS 3R","JL. KOMPLEK PERKANTORAN RAWAKERBO RAWASARI CEMPAKA PUTIH JAKARTA PUSAT"
2025,"KOTA ADM. JAKARTA SELATAN","PASAR MINGGU","PEJATEN BARAT","TPS 3R SIAGA","TPS 3R","JL. SIAGA RAYA RT 12 RW 04 KEL PEJATEN BARAT KEC PS MINGGU"
2025,"KOTA ADM. JAKARTA TIMUR",CAKUNG,"UJUNG MENTENG","TPS 3R UJUNG MENTENG","TPS 3R","JL. INSPEKSI BKT RW. 05 KEL. UJUNG MENTENG KEC. CAKUNG"
2025,"KOTA ADM. JAKARTA TIMUR",CIRACAS,CIRACAS,"TPS 3R CIRACAS","TPS 3R","JL. PULE NO 11 BLOF , RT .1 /RW 9 CIRACAS, KEC. CIRARACAS JAKARTA TIMUR "
2025,"KOTA ADM. JAKARTA UTARA",KOJA,"RAWA BADAK UTARA","TPS 3R RAWA BADAK UTARA","TPS 3R","JL. RAWABINAGUN V RAWABADAK UTARA, KECAMATAN KOJA JAKARTA UTARA "
2025,"KOTA ADM. JAKARTA UTARA",PENJARINGAN,PEJAGALAN,"TPS 3R MOA","TPS 3R","JL.MOA RT 10,RW 12 PENJAGALAN.KEC : PENJARINGAN"
2025,"KOTA ADM. JAKARTA BARAT",CENGKARENG,"CENGKARENG BARAT","TPS 3R BAMBU LARANGAN","TPS 3R","JL. BINA SERASIH RT 05 RW 05 KELURAHAN CENGKARENG BARAT KECAMATAN CENGKARENG"
2025,"KOTA ADM. JAKARTA UTARA","TANJUNG PRIOK","SUNTER JAYA","TPS 3R SUNTER","TPS 3R","JL. SUNTER JAYA I, RT.15/RW.1, SUNTER JAYA, KEC. TJ. PRIOK, JKT UTARA"
2025,"KOTA ADM. JAKARTA UTARA",CILINCING,"SEMPER BARAT","TPS 3R ASRAMA SEMPER","TPS 3R","RT 6, RW.3, SEMPER BAR., KEC. CILINCING, JKT UTARA, DAERAH KHUSUS IBUKOTA JAKARTA"
2025,"KOTA ADM. JAKARTA TIMUR",CAKUNG,"RAWA TERATE","TPS 3R RAWA TERATE","TPS 3R","JL KALIMATI RT 15 RW 04 KEL RAWATERATE KEC. CAKUNG"
2025,"KOTA ADM. JAKARTA SELATAN",JAGAKARSA,"LENTENG AGUNG","TPS 3R JOE JAGAKARSA","TPS 3R"," JL. JOE KELAPA TIGA NO 56 RT 7 RW 1 LENTENG AGUNG KEC. JAGA KARSA, JAKARTA SELATAN "
2025,"KOTA ADM. JAKARTA BARAT",CENGKARENG,"DURI KOSAMBI","TPS 3R DURI KOSAMBI","TPS 3R","JL. KOSAMBI TIMUR RAYA NO3 RT 3 DURI KOSAMBI KEC. CENGKARENG JAKARTA BARAT "
2025,"KOTA ADM. JAKARTA SELATAN",SETIABUDI,"MENTENG ATAS","TPS 3R MENTENG ATAS","TPS 3R","JLN. MURIA RAYA RW.05 KEL. MENTENG ATAS KEC. SETIABUDI "
2025,"KOTA ADM. JAKARTA BARAT",KALIDERES,"TEGAL ALUR","TPS 3R TEGAL ALUR","TPS 3R","JL. KOMPLEK KEBERSIHAN, RT 3 RW 4  KEC. KALIDERES JAKARTA BARAT"
2025,"KOTA ADM. JAKARTA BARAT","TAMAN SARI",KRUKUT,"TPS 3R HANURA","TPS 3R"," RT.9/RW.5, KRUKUT, TAMAN SARI, JAKARTA BARAT  JAKARTA 11140"
2025,"KAB. ADM. KEP. SERIBU","KEPULAUAN SERIBU UTARA","PULAU PANGGANG","TPS 3R PULAU PANGGANG","TPS 3R","PANGGANG  KEPULAUAN SERIBU, KEPULAUAN SERIBU  JAKARTA 14530"
2025,"KAB. ADM. KEP. SERIBU","KEPULAUAN SERIBU SELATAN","PULAU TIDUNG","TPS 3R PULAU TIDUNG","TPS 3R","PULAU TIDUNG  KEPULAUAN SERIBU, KEPULAUAN SERIBU JAKARTA 14520"
2025,"KAB. ADM. KEP. SERIBU","KEPULAUAN SERIBU UTARA","PULAU HARAPAN","TPS 3R PULAU SABIRA","TPS 3R","PULAU SABIRA KEL HARAPAN KEC KEPULAUAN SERIBU UTARA"
2025,"KOTA ADM. JAKARTA SELATAN",PESANGGRAHAN,PESANGGRAHAN,"TPS 3R PLN EPI PESANGGRAHAN ","TPS 3R","JL. BINTARO PUSPITA RAYA RT 09/02 KEL.PESANGGRAHAN "
2025,"KOTA ADM. JAKARTA BARAT",CENGKARENG,"CENGKARENG BARAT","TPS RW. 5 CENGKARENG (BAMBU LARANGAN)","TIPE 1","JL. BINA SERASIH III"
2025,"KOTA ADM. JAKARTA BARAT",CENGKARENG,"CENGKARENG BARAT","TPS RW. 7","TIPE 1","JL. CENDRAWASIH X NO. 8"
2025,"KOTA ADM. JAKARTA BARAT",CENGKARENG,"CENGKARENG BARAT","TPS RW. 15","TIPE 1","JL. TAMAN PALEM LESTARI"
2025,"KOTA ADM. JAKARTA BARAT",CENGKARENG,"CENGKARENG TIMUR","TPS RW. 14","TIPE 1","JL. RAWA KEDAUNG"
2025,"KOTA ADM. JAKARTA BARAT",CENGKARENG,"DURI KOSAMBI","TPS RW. 10","TIPE 1","JL. MAWAR UTAMA RW. 010"
2025,"KOTA ADM. JAKARTA BARAT",CENGKARENG,"DURI KOSAMBI","TPS RW. 9","TIPE 1","JL. ANGSANA RW. 09"
2025,"KOTA ADM. JAKARTA BARAT",CENGKARENG,"DURI KOSAMBI","TPS RW. 2","TIPE 1","JL. PONDOK RANDU RW. 02"
2025,"KOTA ADM. JAKARTA BARAT",CENGKARENG,"RAWA BUAYA","TPS RW. 1","TIPE 1","JL. DARMA WANITA 1 RW. 01"
2025,"KOTA ADM. JAKARTA BARAT",CENGKARENG,"RAWA BUAYA","TPS RW. 10","TIPE 1","JL. CARINA SAYANG"
2025,"KOTA ADM. JAKARTA BARAT",CENGKARENG,"CENGKARENG BARAT","TPS RW. 10","TIPE 4","FLAMBOYAN RAYA"
2025,"KOTA ADM. JAKARTA BARAT",CENGKARENG,"CENGKARENG BARAT","TPS RW. 11","TIPE 4","KOMPLEK KFT"
2025,"KOTA ADM. JAKARTA BARAT",CENGKARENG,"CENGKARENG TIMUR","TPS RW. 03","TIPE 4","JL. NUSA INDAH TIMUR"
2025,"KOTA ADM. JAKARTA BARAT",CENGKARENG,"CENGKARENG TIMUR","TPS RW. 10","TIPE 4","JL. GUNUNG GALUNGGUNG"
2025,"KOTA ADM. JAKARTA BARAT",CENGKARENG,"CENGKARENG TIMUR","TPS RW. 11","TIPE 4","JL. KAYU BESAR DALAM"
2025,"KOTA ADM. JAKARTA BARAT",CENGKARENG,"DURI KOSAMBI","TPS RW. 09","TIPE 4","JL. SIKAS SELATAN"
2025,"KOTA ADM. JAKARTA BARAT",CENGKARENG,KAPUK,"TPS RW. 01","TIPE 4","JL. KAPUK RAYA"
2025,"KOTA ADM. JAKARTA BARAT",CENGKARENG,KAPUK,"TPS RW. 04","TIPE 4","JL. KAPUK RAYA"
2025,"KOTA ADM. JAKARTA BARAT",CENGKARENG,KAPUK,"TPS RW. 06","TIPE 4","JL. PEDONGKELAN"
2025,"KOTA ADM. JAKARTA BARAT",CENGKARENG,"RAWA BUAYA","TPS RW. 04","TIPE 4","JL. BOJONG RAYA 3"
2025,"KOTA ADM. JAKARTA BARAT",CENGKARENG,"KEDAUNG KALI ANGKE","TPS RW. 02","TIPE 4","JL. PULO NANGKA 2"
2025,"KOTA ADM. JAKARTA BARAT",CENGKARENG,"KEDAUNG KALI ANGKE","TPS RW. 03","TIPE 4","JL. DEPARTEMEN AGAMA"
2025,"KOTA ADM. JAKARTA BARAT","GROGOL PETAMBURAN","TANJUNG DUREN UTARA","TPS RW. 03","TIPE 1","RT. 09 / RW. 03 TANJUNG DUREN UTARA"
2025,"KOTA ADM. JAKARTA BARAT","GROGOL PETAMBURAN","TANJUNG DUREN UTARA","TPS RW. 07","TIPE 1","JL. TANJUNG DUREN UTARA RW. 007"
2025,"KOTA ADM. JAKARTA BARAT","GROGOL PETAMBURAN","TANJUNG DUREN SELATAN","TPS RW. 02","TIPE 1","JL. ARJUNA RW. 02 TANJUNG DUREN SELATAN"
2025,"KOTA ADM. JAKARTA BARAT","GROGOL PETAMBURAN",GROGOL,"TPS MAKALIWE","TIPE 1","JL. MAKALIWE RW. 007 KEL. GROGOL"
2025,"KOTA ADM. JAKARTA BARAT","GROGOL PETAMBURAN","WIJAYA KUSUMA","TPS INDRALOKA","TIPE 1","JL. INDRALOKA RT. 001 / RW. 006"
2025,"KOTA ADM. JAKARTA BARAT","GROGOL PETAMBURAN",JELAMBAR,"TPS KEMBAR","TIPE 3","JL. JELAMBAR NO. 11"
2025,"KOTA ADM. JAKARTA BARAT","GROGOL PETAMBURAN","TANJUNG DUREN SELATAN","TPS RW. 05","TIPE 4","LOKSEM PASAR KOPRO"
2025,"KOTA ADM. JAKARTA BARAT","GROGOL PETAMBURAN","TANJUNG DUREN UTARA","TPS JOKER","TIPE 4","JL. JELAMBAR UTAMA SAKTI VIII"
2025,"KOTA ADM. JAKARTA BARAT","GROGOL PETAMBURAN","WIJAYA KUSUMA","TPS RW. 01","TIPE 4","JL. WIJAYA KUSUMA II RW. 01"
2025,"KOTA ADM. JAKARTA BARAT","GROGOL PETAMBURAN","WIJAYA KUSUMA","TPS RW. 02","TIPE 4","JL. TAWAKAL RAYA RW. 009"
2025,"KOTA ADM. JAKARTA BARAT","GROGOL PETAMBURAN","WIJAYA KUSUMA","TPS RW. 08 & 03","TIPE 4","JL. TAWAKAL UJUNG"
2025,"KOTA ADM. JAKARTA BARAT","GROGOL PETAMBURAN","WIJAYA KUSUMA","TPS RW. 04","TIPE 4","JL. WIJAYA KUSUMA I"
2025,"KOTA ADM. JAKARTA BARAT","GROGOL PETAMBURAN","WIJAYA KUSUMA","TPS RW. 07","TIPE 4","JL. JELAMBAR UTAMA SAKTI VIII"
2025,"KOTA ADM. JAKARTA BARAT","GROGOL PETAMBURAN","WIJAYA KUSUMA","TPS RW. 09","TIPE 4","JL. PROF LATUMENTEN RW. 09"
2025,"KOTA ADM. JAKARTA BARAT","GROGOL PETAMBURAN",TOMANG,"TPS RW. 07","TIPE 4","JL. TAWAKAL RAYA RW. 007."
2025,"KOTA ADM. JAKARTA BARAT","GROGOL PETAMBURAN",TOMANG,"TPS RW. 09","TIPE 4","JL. TAWAKAL UJUNG RW. 09"
2025,"KOTA ADM. JAKARTA BARAT","GROGOL PETAMBURAN",TOMANG,"TPS RW. 08","TIPE 4","JL. JELAMBAR UTARA 15"
2025,"KOTA ADM. JAKARTA BARAT","GROGOL PETAMBURAN",JELAMBAR,"TPS RW. 01","TIPE 4","JL. JELAMBAR SELATAN NO. 25"
2025,"KOTA ADM. JAKARTA BARAT","GROGOL PETAMBURAN",JELAMBAR,"TPS RW. 03","TIPE 4","JL. JELAMBAR RW. 03"
2025,"KOTA ADM. JAKARTA BARAT","GROGOL PETAMBURAN",JELAMBAR,"TPS RW. 05","TIPE 4","JL. JELAMBAR UTARA RW. 05"
2025,"KOTA ADM. JAKARTA BARAT","GROGOL PETAMBURAN",JELAMBAR,"TPS RW. 010","TIPE 4","JL. PENERANGAN II RW. 10"
2025,"KOTA ADM. JAKARTA BARAT","GROGOL PETAMBURAN",JELAMBAR,"TPS RW. 04","TIPE 4","JL. PROF LATUMENTEN II RW. 04"
2025,"KOTA ADM. JAKARTA BARAT","GROGOL PETAMBURAN",JELAMBAR,"TPS RW. 11","TIPE 4","JL. TAMAN MADYA V RW. 11"
2025,"KOTA ADM. JAKARTA BARAT","GROGOL PETAMBURAN","JELAMBAR BARU","TPS UCI RW. 05 / 07","TIPE 4","JL. LATUMENTEN 3"
2025,"KOTA ADM. JAKARTA BARAT","GROGOL PETAMBURAN","JELAMBAR BARU","TPS RW. 02","TIPE 4","JL. WIJAYA NO. 11 RW. 02"
2025,"KOTA ADM. JAKARTA BARAT","GROGOL PETAMBURAN","JELAMBAR BARU","TPS PAKUWON RW. 09","TIPE 4","JL. JELAMBAR SELATAN NO. 25"
2025,"KOTA ADM. JAKARTA BARAT","GROGOL PETAMBURAN","JELAMBAR BARU","TPS DUTAMAS RW. 11/12","TIPE 4","JL. WIJAYA NO. 15 TAMAN DUTA MAS RW. 11"
2025,"KOTA ADM. JAKARTA BARAT",KALIDERES,KAMAL,"TPS RW. 10","TIPE 1","JL. PERUMAHAN CITRA 5"
2025,"KOTA ADM. JAKARTA BARAT",KALIDERES,"TEGAL ALUR","TPS RW. 04 (MENCENG)","TIPE 1","KOMPLEK KEBERSIHAN TEGAL ALUR"
2025,"KOTA ADM. JAKARTA BARAT",KALIDERES,"TEGAL ALUR","TPS RW. 11","TIPE 1","JL. PELOPOR II TEGAL ALUR"
2025,"KOTA ADM. JAKARTA BARAT",KALIDERES,PEGADUNGAN,"TPS RW. 01","TIPE 1","JL. BULAK SEREH"
2025,"KOTA ADM. JAKARTA BARAT",KALIDERES,PEGADUNGAN,"TPS RW. 09","TIPE 1","JL. BAMBU LARANGAN"
2025,"KOTA ADM. JAKARTA BARAT",KALIDERES,KALIDERES,"TPS RW. 09/10","TIPE 1","JL. RAWA LELE"
2025,"KOTA ADM. JAKARTA BARAT",KALIDERES,KALIDERES,"TPS RW. 15","TIPE 2","PERUMAHAN CITRA 1"
2025,"KOTA ADM. JAKARTA BARAT",KALIDERES,KALIDERES,"TPS RW. 16","TIPE 2","PERUMAHAN CITRA 1"
2025,"KOTA ADM. JAKARTA BARAT",KALIDERES,SEMANAN,"TPS RW. 11","TIPE 1","JL. ASENI"
2025,"KOTA ADM. JAKARTA BARAT",KALIDERES,KAMAL,"TPS RW. 05","TIPE 4","JL. SAHABAT KEBUN 200"
2025,"KOTA ADM. JAKARTA BARAT",KALIDERES,"TEGAL ALUR","TPS RW. 01","TIPE 4","JL. KAPUK KAMAL RAWAMELATI"
2025,"KOTA ADM. JAKARTA BARAT",KALIDERES,"TEGAL ALUR","TPS RW. 02","TIPE 4","JL. BAKTI MULYA 2"
2025,"KOTA ADM. JAKARTA BARAT",KALIDERES,"TEGAL ALUR","TPS RW. 03","TIPE 4","JL. LINGKUNGAN III RAYA"
2025,"KOTA ADM. JAKARTA BARAT",KALIDERES,"TEGAL ALUR","TPS RW. 07","TIPE 4","JL. SUKATANI RAYA PASAR BINAAN"
2025,"KOTA ADM. JAKARTA BARAT",KALIDERES,"TEGAL ALUR","TPS RW. 08","TIPE 4","JL KAPUK KAMAL KAYU BESAR"
2025,"KOTA ADM. JAKARTA BARAT",KALIDERES,"TEGAL ALUR","TPS RW. 14","TIPE 4","PERUM TAMAN KENCANA"
2025,"KOTA ADM. JAKARTA BARAT",KALIDERES,PEGADUNGAN,"TPS RW. 03","TIPE 4","JL. TAMAN PALM"
2025,"KOTA ADM. JAKARTA BARAT",KALIDERES,PEGADUNGAN,"TPS RW. 15","TIPE 4","JL. TAMAN SURYA 2"
2025,"KOTA ADM. JAKARTA BARAT",KALIDERES,PEGADUNGAN,"TPS RW. 11","TIPE 4","JL. UTAN JATI"
2025,"KOTA ADM. JAKARTA BARAT",KALIDERES,PEGADUNGAN,"TPS RW. 07","TIPE 4","JL. UTAN JATI"
2025,"KOTA ADM. JAKARTA BARAT",KALIDERES,PEGADUNGAN,"TPS RW. 04","TIPE 4","JL. SATU MARET"
2025,"KOTA ADM. JAKARTA BARAT",KALIDERES,KALIDERES,"TPS RW. 01","TIPE 4","JL. DAAN MOGOT PERTAMINA"
2025,"KOTA ADM. JAKARTA BARAT",KALIDERES,KALIDERES,"TPS RW. 05","TIPE 4","JL. DAAN MOGOT KOMPLEK KODAM"
2025,"KOTA ADM. JAKARTA BARAT",KALIDERES,KALIDERES,"TPS RW. 06","TIPE 4","JL. WARUNG GANTUNG KOJAN"
2025,"KOTA ADM. JAKARTA BARAT",KALIDERES,KALIDERES,"TPS RW. 08","TIPE 4","JL. BUARAN CITRA 1"
2025,"KOTA ADM. JAKARTA BARAT",KALIDERES,KALIDERES,"TPS RW. 11","TIPE 4","JL. BULAK TEKO"
2025,"KOTA ADM. JAKARTA BARAT",KALIDERES,KALIDERES,"TPS RW. 13","TIPE 4","JL. GOMBOL PAYA"
2025,"KOTA ADM. JAKARTA BARAT",KALIDERES,KALIDERES,"TPS RW. 14","TIPE 4","KOMPLEK KALIDERES PERMAI"
2025,"KOTA ADM. JAKARTA BARAT",KALIDERES,SEMANAN,"TPS RW. 01","TIPE 4","JL. KOMP DURI"
2025,"KOTA ADM. JAKARTA BARAT",KALIDERES,SEMANAN,"TPS RW. 08","TIPE 4","JL. SIKAS PERUM DURIO KOSAMBI"
2025,"KOTA ADM. JAKARTA BARAT",KALIDERES,SEMANAN,"TPS RW. 09","TIPE 4","JL. KAMPUNG GAGA"
2025,"KOTA ADM. JAKARTA BARAT","KEBON JERUK","KEBON JERUK","TPS RW. 08","TIPE 1","JL. PERUMAHAN BARU KEBON JERUK"
2025,"KOTA ADM. JAKARTA BARAT","KEBON JERUK","DURI KEPA","TPS RW. 01","TIPE 1","JL. DURI KEPA RAYA"
2025,"KOTA ADM. JAKARTA BARAT","KEBON JERUK","KELAPA DUA","TPS RW. 02 JL. PANJANG ARTERI KELAPA DUA","TIPE 4","JL. PANJANG ARTERI KELAPA DUA"
2025,"KOTA ADM. JAKARTA BARAT","KEBON JERUK","KELAPA DUA","TPS RW. 06 PINGGIR KALI PESANGRAHAN KELAPA DUA","TIPE 4","JL. MAYANG BLOK I NO. 1 KELAPA DUA
"
2025,"KOTA ADM. JAKARTA BARAT","KEBON JERUK","KELAPA DUA","TPS RW. 07 VILA KELAPA DUA","TIPE 4","JL. POS PENGUMBEN KELURAHAN KELAPA DUA"
2025,"KOTA ADM. JAKARTA BARAT","KEBON JERUK","KELAPA DUA","TPS RW. 05 PERUMAHAN PERTAMBANGAN","TIPE 4","JL. POS PENGUMBEN KELURAHAN KELAPA DUA"
2025,"KOTA ADM. JAKARTA BARAT","KEBON JERUK","SUKABUMI SELATAN","TPS RW. 01 PERURI SUKABUMI SELATAN","TIPE 4","JL. KPBD RW. 01 KEL. SUKABUMI SELATAN"
2025,"KOTA ADM. JAKARTA BARAT","KEBON JERUK","SUKABUMI SELATAN","TPS RW. 03 PERUMAHAN BULOG","TIPE 4","JL. RAYA POS PENGUMBEN"
2025,"KOTA ADM. JAKARTA BARAT","KEBON JERUK","SUKABUMI SELATAN","TPS RW. 05 PAHLAWAN JL. PAHLAWAN","TIPE 4","JL. POS PENGUMBEN LAMA NO. 1 SUKABUMI SELATAN"
2025,"KOTA ADM. JAKARTA BARAT","KEBON JERUK","KEBON JERUK","TPS RW. 02 KOMPLEK DPR","TIPE 4","JL. KOMPLEK DPR KELURAHAN KEBON JERUK"
2025,"KOTA ADM. JAKARTA BARAT","KEBON JERUK","KEBON JERUK","TPS RW. 010 JL. LAPANGAN BOLA","TIPE 4","JL. LAPANGAN BOLA NO. 1 KEBON JERUK
"
2025,"KOTA ADM. JAKARTA BARAT","KEBON JERUK","KEBON JERUK","TPS RW. 07 PERUMAHAN KEDOYA PERMAI","TIPE 4","JL. PRISMA I, KEBON JERUK"
2025,"KOTA ADM. JAKARTA BARAT","KEBON JERUK","KEBON JERUK","TPS RW. 011 PERUMAHAN BPK III","TIPE 4","JL. RAYA KEBON JERUK KELURAHAN KEBON JERUK"
2025,"KOTA ADM. JAKARTA BARAT","KEBON JERUK","DURI KEPA","TPS RW. 03 GREENVILE DURI KEPA","TIPE 4","JL. RAYA GREEN VILE KELURAHAN DURI KEPA"
2025,"KOTA ADM. JAKARTA BARAT","KEBON JERUK","DURI KEPA","TPS RW. 02 JL. PATRA RAYA","TIPE 4","JL. PATRA RAYA DURI KEPA"
2025,"KOTA ADM. JAKARTA BARAT","KEBON JERUK","DURI KEPA","TPS RW. 013 KALI SEKRETARIS","TIPE 4","JL. KALI SEKRETARIS , DURI KEPA, KEBON JERUK, JAKARTA BARAT"
2025,"KOTA ADM. JAKARTA BARAT","KEBON JERUK","DURI KEPA","TPS RW. 014 DURI KEPA","TIPE 4","JL. KOMP. GRAHA INDAH GREEN VILLE"
2025,"KOTA ADM. JAKARTA BARAT","KEBON JERUK","DURI KEPA","TPS RW. 010 DURI KEPA","TIPE 4","JL. MANGGA 17, DURI KEPA"
2025,"KOTA ADM. JAKARTA BARAT","KEBON JERUK","DURI KEPA","TPS RW. 013 SUNGAI YORDAN DURI KEPA","TIPE 4","JL. TAMAN RATU KELURAHAN DURI KEPA"
2025,"KOTA ADM. JAKARTA BARAT","KEBON JERUK","DURI KEPA","TPS RW. 07 DURI KEPA","TIPE 4","JL. LIAM, DURI KEPA"
2025,"KOTA ADM. JAKARTA BARAT","KEBON JERUK","SUKABUMI UTARA","TPS RW. 04 HANKAM","TIPE 4","KOMP. HANKAM RT. 02/RW. 04, KEBON JERUK"
2025,"KOTA ADM. JAKARTA BARAT","KEBON JERUK","SUKABUMI UTARA","TPS RW. 03 RAWA BELONG","TIPE 4","JL. SULAIMAN"
2025,"KOTA ADM. JAKARTA BARAT","KEBON JERUK","KEDOYA UTARA","TPS RW. 01 KALI SEKRETARIS (BOHLAM)","TIPE 4","JL. DAAN MOGOT RW. 01 KEDOYA UTARA, KEBON JERUK"
2025,"KOTA ADM. JAKARTA BARAT","KEBON JERUK","KEDOYA UTARA","TPS RW. 07 JL. KEDOYA RAYA","TIPE 4","JL. KEDOYA RAYA, KEDOYA UTARA, KEBON JERUK"
2025,"KOTA ADM. JAKARTA BARAT","KEBON JERUK","KEDOYA UTARA","TPS RW. 03 GREEN GARDEN","TIPE 4","JL. KP. SOLO, GREEN GARDEN KEDOYA UTARA"
2025,"KOTA ADM. JAKARTA BARAT","KEBON JERUK","KEDOYA UTARA","TPS RW. 04 GREEN GARDEN","TIPE 4","JL. GREEN GARDEN RT. 02/RW. 04 KEDOYA UTARA"
2025,"KOTA ADM. JAKARTA BARAT","KEBON JERUK","KEDOYA UTARA","TPS RW. 05 SUNRISE GARDEN","TIPE 4","JL. KP.SOLO, GREEN GARDEN"
2025,"KOTA ADM. JAKARTA BARAT","KEBON JERUK","KEDOYA UTARA","TPS RW. 02 REL KERETA API PESING","TIPE 4","JL. PESING KONENG RT. 011/RW. 02 KEDOYA UTARA"
2025,"KOTA ADM. JAKARTA BARAT","KEBON JERUK","KEDOYA UTARA","TPS RW. 01 JEMBATAN PASAR PESING","TIPE 4","JL. KEDOYA RAYA, KEDOYA UTARA"
2025,"KOTA ADM. JAKARTA BARAT","KEBON JERUK","KEDOYA SELATAN","TPS RW. 03 KEDOYA SELATAN","TIPE 4","JL. PILAR RW. 03 KEDOYA SELATAN"
2025,"KOTA ADM. JAKARTA BARAT","KEBON JERUK","KEDOYA SELATAN","TPS RW. 04 PERUM TAMAN KEDOYA BARU","TIPE 4","PERUMAHAN KEDOYA ELOK RT. 018/RW. 04, KEDOYA SELATAN"
2025,"KOTA ADM. JAKARTA BARAT","KEBON JERUK","KEDOYA SELATAN","TPS RW. 01 PERUMAHAN DEPAG","TIPE 4","JL. KEDOYA DURI RAYA, RW. 01 KEDOYA SELATAN"
2025,"KOTA ADM. JAKARTA BARAT","KEBON JERUK","KEDOYA SELATAN","TPS JL. ADHI KARYA RW. 05","TIPE 4","JL. ADHIKARYA I RT. 07/RW. 05 KEDOYA SELATAN, KEBON JERUK"
2025,"KOTA ADM. JAKARTA BARAT",KEMBANGAN,"KEMBANGAN UTARA","TPS TAMAN KOTA","TIPE 1","JL. PERUMAHAN TAMAN KOTA BLOK B1 RW. 05"
2025,"KOTA ADM. JAKARTA BARAT",KEMBANGAN,"MERUYA UTARA","TPS KEBO","TIPE 2","JL. PENYELESAIAN TOMANG 3 RW. 10"
2025,"KOTA ADM. JAKARTA BARAT",KEMBANGAN,"MERUYA SELATAN","TPS MERCU BUANA","TPS 3R","JL. HAJI MERIN NO. 66 RW. 01"
2025,"KOTA ADM. JAKARTA BARAT",KEMBANGAN,JOGLO,"TPS COPYLAS RW. 08","TIPE 4","JL. JOGLO RAYA RW. 08"
2025,"KOTA ADM. JAKARTA BARAT",KEMBANGAN,JOGLO,"TPS RW. 02","TIPE 4","JL. DAMKAR RW.02"
2025,"KOTA ADM. JAKARTA BARAT",KEMBANGAN,JOGLO,"TPS RW. 05","TIPE 4","KOMP. ALFA INDAH RW. 05"
2025,"KOTA ADM. JAKARTA BARAT",KEMBANGAN,"KEMBANGAN UTARA","TPS RW. 03","TIPE 4","BPN, BTN, YASKUM RW. 03"
2025,"KOTA ADM. JAKARTA BARAT",KEMBANGAN,"KEMBANGAN UTARA","TPS RW. 01","TIPE 4","KOMPAS RW. 01"
2025,"KOTA ADM. JAKARTA BARAT",KEMBANGAN,"KEMBANGAN UTARA","TPS RW. 06","TIPE 4","BASMOL RW. 06"
2025,"KOTA ADM. JAKARTA BARAT",KEMBANGAN,"KEMBANGAN UTARA","TPS RW. 10","TIPE 4","TANGGUL RW. 10"
2025,"KOTA ADM. JAKARTA BARAT",KEMBANGAN,"MERUYA UTARA","TPS RW. 02","TIPE 4","PINGGIR TOL RW. 02"
2025,"KOTA ADM. JAKARTA BARAT",KEMBANGAN,"MERUYA UTARA","TPS RW. 07","TIPE 4","JL. PERMATA MERUYA 3 RW. 07"
2025,"KOTA ADM. JAKARTA BARAT",KEMBANGAN,"KEMBANGAN SELATAN","TPS RW. 08","TIPE 4","RPTRA RW. 08"
2025,"KOTA ADM. JAKARTA BARAT",KEMBANGAN,"KEMBANGAN SELATAN","TPS PASAR MINGGU","TIPE 4","JL. KEMBANGAN RAYA NO. 18 RW. 01"
2025,"KOTA ADM. JAKARTA BARAT",KEMBANGAN,"KEMBANGAN SELATAN","TPS RW. 03","TIPE 4","JL. KEMBANGAN BARU (PERBATASAN KEDOYA SELATAN)"
2025,"KOTA ADM. JAKARTA BARAT",KEMBANGAN,"KEMBANGAN SELATAN","TPS RW. 04","TIPE 4","JL. KEMBANGAN SAKTI 2 UJUNG BLOK D"
2025,"KOTA ADM. JAKARTA BARAT",KEMBANGAN,SRENGSENG,"TPS RW. 07","TIPE 4","JL. HAJI MANDOR SALIM RW. 07"
2025,"KOTA ADM. JAKARTA BARAT","PAL MERAH",PALMERAH,"TPS HANKAM","TIPE 1","JL. KEPONDANG RAYA RT. 006 RW. 02"
2025,"KOTA ADM. JAKARTA BARAT","PAL MERAH",JATIPULO,"TPS RW. 04 JATIPULO","TIPE 1","JL. TOMANG BANJIR KANAL JATIPULO"
2025,"KOTA ADM. JAKARTA BARAT","PAL MERAH",SLIPI,"TPS KSTD 3 SLIPI","TIPE 1","JL. KS. TUBUN DALAM III SLIPI"
2025,"KOTA ADM. JAKARTA BARAT","PAL MERAH",PALMERAH,"TPS RW. 03","TIPE 4","JL. KEMANGGISAN PULO"
2025,"KOTA ADM. JAKARTA BARAT","PAL MERAH",KEMANGGISAN,"TPS RW. 01","TIPE 4","JL. INSPEKSI KALI GROGOL"
2025,"KOTA ADM. JAKARTA BARAT","PAL MERAH",KEMANGGISAN,"TPS RW. 02","TIPE 4","JL. ANGGREK GARUDA"
2025,"KOTA ADM. JAKARTA BARAT","PAL MERAH",KEMANGGISAN,"TPS RW. 09","TIPE 4","JL. BAKTI RAYA 3"
2025,"KOTA ADM. JAKARTA BARAT","PAL MERAH",KEMANGGISAN,"TPS RW. 08","TIPE 4","JL. ANGGREK NELI MURNI XI (SARINGAN GOLKAR)"
2025,"KOTA ADM. JAKARTA BARAT","PAL MERAH",KEMANGGISAN,"TPS RW. 03","TIPE 4","JL. INSPEKSI KALI GROGOL"
2025,"KOTA ADM. JAKARTA BARAT","PAL MERAH",SLIPI,"TPS RW. 01","TIPE 4","JL. AIPDA KS TUBUN II"
2025,"KOTA ADM. JAKARTA BARAT","PAL MERAH",SLIPI,"TPS RW. 06","TIPE 4","JL. KS TUBUN III"
2025,"KOTA ADM. JAKARTA BARAT","PAL MERAH","KOTA BAMBU SELATAN","TPS RW. 02","TIPE 4","JL. TALI RAYA"
2025,"KOTA ADM. JAKARTA BARAT","PAL MERAH","KOTA BAMBU SELATAN","TPS RW. 09","TIPE 4","JL. H. SAAMAN"
2025,"KOTA ADM. JAKARTA BARAT","PAL MERAH","KOTA BAMBU SELATAN","TPS RW. 01","TIPE 4","JL. KS. TUBUN 4"
2025,"KOTA ADM. JAKARTA BARAT","PAL MERAH","KOTA BAMBU UTARA","TPS RW. 03","TIPE 4","JL. BIMA"
2025,"KOTA ADM. JAKARTA BARAT","PAL MERAH","KOTA BAMBU UTARA","TPS RW. 07","TIPE 4","JL. KAMBOJA"
2025,"KOTA ADM. JAKARTA BARAT","PAL MERAH",JATIPULO,"TPS RW. 09","TIPE 4","JL. SEMANGKA"
2025,"KOTA ADM. JAKARTA BARAT","PAL MERAH",JATIPULO,"TPS RW. 10","TIPE 4","JL. BANJIR KANAL BARAT"
2025,"KOTA ADM. JAKARTA BARAT","TAMAN SARI",GLODOK,"TPS RW. 03","TIPE 4","JL. KEADILAN II RT. 08/03"
2025,"KOTA ADM. JAKARTA TIMUR",CIPAYUNG,CIPAYUNG,"KOMPLEK BINAMARGA","TIPE 2","KOMPLEK BINAMARGA RW. 05"
2025,"KOTA ADM. JAKARTA TIMUR",CIPAYUNG,SETU,"TPS PERUM KOPTI","TIPE 2","KOMPLEK KOPTI RT. 03 RW. 06"
2025,"KOTA ADM. JAKARTA TIMUR",CIPAYUNG,SETU,"TPS RT. 03 RW. 05 (JPO)","TIPE 4","JL. H. KARIM RT. 03 RW. 05"
2025,"KOTA ADM. JAKARTA TIMUR",CIPAYUNG,SETU,"TPS LINTAS SETU RAYA","TIPE 4","JL. SETU RAYA RT. 05 RW. 01"
2025,"KOTA ADM. JAKARTA TIMUR",CIPAYUNG,"BAMBU APUS","TPS RW. 04 BINA ASRI NUSANTARA","TIPE 1","KOMPLEK PERUM TAMAN MINI RT. 08 RW. 04"
2025,"KOTA ADM. JAKARTA TIMUR",CIPAYUNG,"BAMBU APUS","TPS PALEM KARTIKA DEPAN","TIPE 4","PERUM PALEM KARTIKA"
2025,"KOTA ADM. JAKARTA TIMUR",CIPAYUNG,"BAMBU APUS","TPS PALEM KARTIKA TENGAH","TIPE 4","PERUM PALEM KARTIKA"
2025,"KOTA ADM. JAKARTA TIMUR",CIPAYUNG,"BAMBU APUS","TPS PALEM KARTIKA BELAKANG","TIPE 4","PERUM PALEM KARTIKA"
2025,"KOTA ADM. JAKARTA TIMUR",CIPAYUNG,MUNJUL,"TPS PASAR UKM MUNJUL","TIPE 2","PASAR MUNJUL"
2025,"KOTA ADM. JAKARTA TIMUR",CIPAYUNG,CEGER,"TPS RAMBO","TIPE 2","JL. RAMBO"
2025,"KOTA ADM. JAKARTA TIMUR",CIPAYUNG,CIPAYUNG,"TPS PANTI BINA LARAS HARAPAN SENTOSA","TIPE 4","JL. BINA MARGA NO. 18, RT. 5/RW. 4 CEGER KEC. CIPAYUNG"
2025,"KOTA ADM. JAKARTA TIMUR",CIPAYUNG,MUNJUL,"TPS JANKES RW.01 MUNJUL","TIPE 4","JL. JANKES AD RW. 01 MUNJUL"
2025,"KOTA ADM. JAKARTA TIMUR",CIPAYUNG,"PONDOK RANGGON","TPS RW. 04","TIPE 2","JL. TENGKI RW. 04"
2025,"KOTA ADM. JAKARTA TIMUR",CIRACAS,SUSUKAN,"TPS SUSUKAN RW. 6 RT. 10","TIPE 1","JL. H. BAPING"
2025,"KOTA ADM. JAKARTA TIMUR",CIRACAS,CIRACAS,"TPS CIRACAS RW. 9 RT. 1","TPS 3R","JL. PULE KOMPLEK DINAS KEBERSIHAN CIRACAS"
2025,"KOTA ADM. JAKARTA TIMUR",CIRACAS,CIRACAS,"TPS RW. 03","TIPE 4","GG. HANAFI JL. RAYA CENTEX"
2025,"KOTA ADM. JAKARTA TIMUR",CIRACAS,RAMBUTAN,"TPS RW. 01","TIPE 4","JL. H. JENIH"
2025,"KOTA ADM. JAKARTA TIMUR",CIRACAS,RAMBUTAN,"TPS GEBRAS","TIPE 4","JL. TANAH MERDEKA"
2025,"KOTA ADM. JAKARTA TIMUR",CIRACAS,"KELAPA DUA WETAN","TPS KOMPLEK HANKAM","TIPE 4","JL. KOMPLEK HANKAM"
2025,"KOTA ADM. JAKARTA TIMUR",CIRACAS,CIBUBUR,"TPS PANTI JOMPO BAKTI MANDIRI","TIPE 4","JL. KARYA BAKTI"
2025,"KOTA ADM. JAKARTA TIMUR",CIRACAS,CIBUBUR,"TPS GOR CIBUBUR","TIPE 4","JL. KARYA BAKTI CIBUBUR"
2025,"KOTA ADM. JAKARTA TIMUR",CIRACAS,CIRACAS,"TPS KOMPLEK POLRI","TIPE 4","JL. KOMPLEK POLRI JL. FORMOS"
2025,"KOTA ADM. JAKARTA TIMUR",CIRACAS,CIRACAS,"TPS RUSUN PEMADAM","TIPE 4","JL. RAYA PONCOL"
2025,"KOTA ADM. JAKARTA TIMUR",CIRACAS,SUSUKAN,"TPS BAK MADRASAH","TIPE 4","JL. MADRASAH RW. 05"
2025,"KOTA ADM. JAKARTA TIMUR",CIRACAS,SUSUKAN,"TPS BAK BUAH","TIPE 4","JL. SUPRIYADI RW. 05"
2025,"KOTA ADM. JAKARTA TIMUR",CIRACAS,SUSUKAN,"TPS BAK RT","TIPE 4","JL. SUPRIYADI RW. 02"
2025,"KOTA ADM. JAKARTA TIMUR",CIRACAS,SUSUKAN,"TPS KUBURAN CINA SENTIONG","TIPE 4","JL. TANAH MERDEKA"
2025,"KOTA ADM. JAKARTA TIMUR",CIRACAS,RAMBUTAN,"TPS POLSEK CIRACAS","TIPE 4","JL. RAYA BOGOR"
2025,"KOTA ADM. JAKARTA TIMUR",CIRACAS,RAMBUTAN,"TPS KAVLING 3","TIPE 4","JL. LANING"
2025,"KOTA ADM. JAKARTA TIMUR",CIRACAS,RAMBUTAN,"TPS KAVLING 2","TIPE 4","JL. SD INPRES"
2025,"KOTA ADM. JAKARTA TIMUR",CIRACAS,RAMBUTAN,"TPS KAVLING 1","TIPE 4","JL. DELIMA"
2025,"KOTA ADM. JAKARTA TIMUR",CIRACAS,RAMBUTAN,"TPS KAMPUS UHAMKA","TIPE 4","JL. TANAH MERDEKA"
2025,"KOTA ADM. JAKARTA TIMUR",CIRACAS,RAMBUTAN,"TPS BAK PISANG","TIPE 4","JL. SUPRIYADI"
2025,"KOTA ADM. JAKARTA TIMUR",CIRACAS,CIBUBUR,"TPS BUKIT PERMAI","TIPE 1","JL. RAYA JAMBORE"
2025,"KOTA ADM. JAKARTA TIMUR",CIRACAS,CIRACAS,"TPS RW. 09","TIPE 1","JL. ASRAMA LINGKUNGAN HIDUP"
2025,"KOTA ADM. JAKARTA TIMUR",CIRACAS,SUSUKAN,"TPS POM BENSIN","TIPE 3","JL. SUPRIYADI RW. 03"
2025,"KOTA ADM. JAKARTA TIMUR",CIRACAS,RAMBUTAN,"TPS DITKUM TNI AD","TIPE 3","JL. TB. SIMATUPANG"
2025,"KOTA ADM. JAKARTA TIMUR",CIRACAS,"KELAPA DUA WETAN","TPS YAYASAN PKP","TIPE 4","JL. RAYA PKP"
2025,"KOTA ADM. JAKARTA TIMUR",CIRACAS,"KELAPA DUA WETAN","TPS MANUNGGAL","TIPE 2","JL. MANUNGGAL"
2025,"KOTA ADM. JAKARTA TIMUR",CIRACAS,CIBUBUR,"TPS SMA 99","TIPE 2","JL. BULAK RINGIN RW. 03"
2025,"KOTA ADM. JAKARTA TIMUR",CIRACAS,CIBUBUR,"TPS TRANSITO KOMPLEK KODAM","TIPE 2","JL. KAPULAGA 4 BLOK E"
2025,"KOTA ADM. JAKARTA TIMUR",CIRACAS,CIBUBUR,"TPS KOMPLEK DPRD","TIPE 2","JL. KUMIS KUCING 2"
2025,"KOTA ADM. JAKARTA TIMUR",CIRACAS,SUSUKAN,"TPS RW 02","TIPE 2","JL. MAKMUR ATAS"
2025,"KOTA ADM. JAKARTA TIMUR",CIRACAS,SUSUKAN,"TPS RW.  02","TIPE 2","JL. MAKMUR BAWAH"
2025,"KOTA ADM. JAKARTA TIMUR","DUREN SAWIT","PONDOK KELAPA","TPS PONDOK KELAPA RW. 09 RT. 03","TIPE 1","JL. TAMAN MALAKA SELATAN RT. 3/RW. 9 KEL. PONDOK KELAPA"
2025,"KOTA ADM. JAKARTA TIMUR","DUREN SAWIT","PONDOK KELAPA","TPS PONDOK KELAPA RW. 2 RT. 2","TPS 3R","JL. H. NAMAN RT. 02/RW. 02 KEL. PONDOK KELAPA"
2025,"KOTA ADM. JAKARTA TIMUR","DUREN SAWIT","PONDOK KOPI","TPS PONDOK KOPI RW. 4 RT. 3","TPS 3R","JL. PONDOK KOPI UJUNG NO. 28 RT. 3/RW. 4 KEL. PONDOK KOPI"
2025,"KOTA ADM. JAKARTA TIMUR","DUREN SAWIT","PONDOK BAMBU","TPS PONDOK BAMBU RW. 1 RT. 13","TIPE 1","JL. BALAI RAKYAT III RT. 13/RW. 01 KEL. PONDOK BAMBU"
2025,"KOTA ADM. JAKARTA TIMUR","DUREN SAWIT","PONDOK KELAPA","TPS PONDOK KELAPA RW. 10 RT. 9","TIPE 1","JL. JANUR IV BLOK CF2 RW. 10 KEL. PONDOK KELAPA"
2025,"KOTA ADM. JAKARTA TIMUR","DUREN SAWIT","MALAKA JAYA","TPS MALAKA JAYA RW. 1 RT. 1","TIPE 1","JL. I GUSTI NGURAH RAI RT. 01 RW. 01 KEL. MALAKAJAYA"
2025,"KOTA ADM. JAKARTA TIMUR","DUREN SAWIT","DUREN SAWIT","TPS RW. 06 ABADI","TIPE 4","JL. ABADI KOMPLEK ABADI RW. 06 KEL. DUREN SAWIT"
2025,"KOTA ADM. JAKARTA TIMUR","DUREN SAWIT","MALAKA SARI","TPS RW. 10 MALAKA SARI","TIPE 4","JL. PERUMNAS RAYA RW. 10 KEL. MALAKASARI"
2025,"KOTA ADM. JAKARTA TIMUR","DUREN SAWIT","PONDOK KELAPA","TPS H. AMMAR RW. 08","TIPE 2","JL. H. AMMAR RT. 006 RW. 008 KEL. PONDOK KELAPA"
2025,"KOTA ADM. JAKARTA TIMUR","DUREN SAWIT",KLENDER,"TPS PERTANIAN RW. 02","TIPE 4","JL. I GUSTI NGURAH RAI RW. 02 KEL. KLENDER"
2025,"KOTA ADM. JAKARTA TIMUR","DUREN SAWIT","DUREN SAWIT","TPS STASIUN PENGENDALI SAMPAH RW. 01 (SPS 01)","TIPE 4","JL. SWADAYA RAYA RT. 05 RW. 01 KEL. DUREN SAWIT"
2025,"KOTA ADM. JAKARTA TIMUR","DUREN SAWIT","PONDOK KOPI","TPS RW. 11","TIPE 2","JL. BKT UJUNG RW. 11 KEL. PONDOK KOPI"
2025,"KOTA ADM. JAKARTA TIMUR","DUREN SAWIT","PONDOK KOPI","TPS RW. 09","TIPE 2","JL. I GUSTI NGURAI RAI RW. 09 KEL. PONDOK KOPI"
2025,"KOTA ADM. JAKARTA TIMUR","DUREN SAWIT","PONDOK KELAPA","TPS AETRA RW. 05","TIPE 4","JL. RAYA KALIMALANG RW. 05 KEL. PONDOK KELAPA"
2025,"KOTA ADM. JAKARTA TIMUR","DUREN SAWIT","DUREN SAWIT","TPS RW. 17 DUREN SAWIT","TIPE 4","JL. LAUT SAMUDRA RT. 06 RW. 17 KEL. DUREN SAWIT"
2025,"KOTA ADM. JAKARTA TIMUR","DUREN SAWIT",KLENDER,"TPS RW. 06","TIPE 4","JL. PAHLAWAN REVOLUSI RW. 06 KEL. KLENDER"
2025,"KOTA ADM. JAKARTA TIMUR","DUREN SAWIT","PONDOK KELAPA","TPS TIPAR RW. 04 PONDOK KELAPA","TIPE 1","JL. RAYA TIPAR RW. 04 KEL. PONDOK KELAPA"
2025,"KOTA ADM. JAKARTA TIMUR","DUREN SAWIT","PONDOK KELAPA","TPS MANGGAR RW. 011 PONDOK KELAPA","TIPE 1","JL. MANGGAR RAYA RW. 11 KEL. PONDOK KELAPA"
2025,"KOTA ADM. JAKARTA TIMUR","DUREN SAWIT","PONDOK KELAPA","TPS MARINIR RW. 013","TIPE 1","JL. RAYA MARINIR RT. 009 RW. 013 KEL. PONDOK KELAPA"
2025,"KOTA ADM. JAKARTA TIMUR","DUREN SAWIT",KLENDER,"TPS RW. 10","TIPE 1","JL. KAMPUNG SUMUR RW. 10 KEL. KLENDER"
2025,"KOTA ADM. JAKARTA TIMUR","DUREN SAWIT","DUREN SAWIT","TPS PTB RW. 08","TIPE 1","JL. LINGKAR PTB RW. 08 RT. 01 KEL. DUREN SAWIT"
2025,"KOTA ADM. JAKARTA TIMUR","DUREN SAWIT","PONDOK BAMBU","TPS RW. 05","TIPE 2","JL. KOMPLEK BEA CUKAI RW. 05 KEL. PONDOK BAMBU KEC. DUREN SAWIT"
2025,"KOTA ADM. JAKARTA TIMUR",JATINEGARA,"BALI MESTER","TPS BALI MESTER RW. 1 RT. 11 TPS 3R","TIPE 1","TPS KOLONG BALI MESTER RW. 1 RT. 11"
2025,"KOTA ADM. JAKARTA TIMUR",JATINEGARA,"CIPINANG BESAR SELATAN","TPS LPS BKT (SEMENTARA)","TIPE 4","JL. BASUKI RAHMAT"
2025,"KOTA ADM. JAKARTA TIMUR",JATINEGARA,"CIPINANG MUARA","TPS PASAR ELOK","TIPE 4","GANG HH NO. 14"
2025,"KOTA ADM. JAKARTA TIMUR",JATINEGARA,"CIPINANG BESAR UTARA","TPS RW. 08","TIPE 4","JL. BEKASI TIMUR IV"
2025,"KOTA ADM. JAKARTA TIMUR",JATINEGARA,"CIPINANG BESAR UTARA","TPS RW. 14","TIPE 4","JL. CIPINANG LATIHAN"
2025,"KOTA ADM. JAKARTA TIMUR",JATINEGARA,"KAMPUNG MELAYU","TPS RUSUN KP. MELAYU RW. 09","TIPE 4","JL. JATINEGARA BARAT"
2025,"KOTA ADM. JAKARTA TIMUR",JATINEGARA,"CIPINANG BESAR UTARA","TPS RW. 05 SOBUR","TIPE 4","JL. PRUMPUNG SAWAH"
2025,"KOTA ADM. JAKARTA TIMUR",JATINEGARA,"RAWA BUNGA","TPS BARKAH","TIPE 1","JL. BEKASI TIMUR LL RT. 15 RW. 04"
2025,"KOTA ADM. JAKARTA TIMUR",JATINEGARA,"BALI MESTER","TPS KOLONG KP. MELAYU","TIPE 1","JL. AWAB DALAM RT. 13 RW. 01"
2025,"KOTA ADM. JAKARTA TIMUR",JATINEGARA,"BIDARA CINA","TPS GOR OTISTA","TIPE 1","JL. OTISTA RAYA"
2025,"KOTA ADM. JAKARTA TIMUR",JATINEGARA,"CIPINANG BESAR UTARA","TPS GG. REMAJA L","TIPE 3","RW. 03"
2025,"KOTA ADM. JAKARTA TIMUR",JATINEGARA,"CIPINANG BESAR UTARA","TPS GG. REMAJA LV","TIPE 3","RW. 03"
2025,"KOTA ADM. JAKARTA TIMUR",JATINEGARA,"CIPINANG BESAR UTARA","TPS GG. REMAJA VII","TIPE 3","RW. 03"
2025,"KOTA ADM. JAKARTA TIMUR",JATINEGARA,"CIPINANG BESAR UTARA","TPS LPS PERUMPUNG GG. MAYONG","TIPE 3","JL. DI PANJAITAN GG. MAYONG RW. 07"
2025,"KOTA ADM. JAKARTA TIMUR",JATINEGARA,"CIPINANG MUARA","TPS LPS CIPINANG ELOK RW. 10","TIPE 2","JL.CIPINANG ELOK BLOK AG NO. 18"
2025,"KOTA ADM. JAKARTA TIMUR",JATINEGARA,"RAWA BUNGA","TPS PASAR RAWA BENING","TIPE 2","JL. BEKASI BARAT"
2025,"KOTA ADM. JAKARTA TIMUR",JATINEGARA,"RAWA BUNGA","TPS PT. TELKOM","TIPE 2","JL. MAYJEN DI PANJAITAN"
2025,"KOTA ADM. JAKARTA TIMUR",JATINEGARA,"BALI MESTER","TPS PASAR REGIONAL JATINEGARA","TIPE 2","JL. JATINEGARA BARAT RT. 05 RW. 03"
2025,"KOTA ADM. JAKARTA TIMUR",JATINEGARA,"CIPINANG MUARA","TPS RW. 013 CIP. MUARA","TIPE 2","JL. CIPINANG BALI LLL RT. 05/013"
2025,"KOTA ADM. JAKARTA TIMUR",JATINEGARA,"BIDARA CINA","TPS RUSUN BIDARA CINA","TIPE 2","JL. BIDURI BULAN"
2025,"KOTA ADM. JAKARTA TIMUR",JATINEGARA,"CIPINANG BESAR UTARA","TPS LP NARKOTIK","TIPE 2","JL. BEKASI TIMUR"
2025,"KOTA ADM. JAKARTA TIMUR",JATINEGARA,"CIPINANG BESAR UTARA","TPS LAPAS KELAS I CIPINANG","TIPE 2","JL. BEKASI TIMUR"
2025,"KOTA ADM. JAKARTA TIMUR",JATINEGARA,"CIPINANG BESAR UTARA","TPS RS. PENGAYOMAN","TIPE 2","JL. BEKASI TIMUR"
2025,"KOTA ADM. JAKARTA TIMUR",JATINEGARA,"CIPINANG CEMPEDAK","TPS RW. 08","TIPE 2","JL. KEBON NANAS SELATAN 1"
2025,"KOTA ADM. JAKARTA TIMUR",JATINEGARA,"CIPINANG BESAR SELATAN","TPS RW. 05 CBS","TIPE 2","JL. PANCA WARGA SATU RW. 05"
2025,"KOTA ADM. JAKARTA TIMUR",JATINEGARA,"CIPINANG CEMPEDAK","TPS TOTOGAN","TIPE 2","JL. CIPINANG CEMPEDAK L"
2025,"KOTA ADM. JAKARTA TIMUR",JATINEGARA,"CIPINANG BESAR UTARA","TPS CONTAINER RW. 01","TIPE 2","JL. DI PANJAITAN RW. 01"
2025,"KOTA ADM. JAKARTA TIMUR",JATINEGARA,"KAMPUNG MELAYU","TPS BAHTERA WIRANIAGA INTERNUSA","TIPE 2","JL. JATINEGARA BARAT RAYA"
2025,"KOTA ADM. JAKARTA TIMUR",KRAMATJATI,CILILITAN,"TPS MAYOR JENDRAL SUTOYO","TPS 3R","JL. MAYJEN. SUTOYO"
2025,"KOTA ADM. JAKARTA TIMUR",KRAMATJATI,DUKUH,"TPS DUKUH RW. 3 RT. 6","TIPE 1","JL. JUWET RT. 06 RW. 03"
2025,"KOTA ADM. JAKARTA TIMUR",KRAMATJATI,CAWANG,"TPS RW.11 CAWANG","TIPE 4","JL.WARU DALAM RW.11 CAWANG"
2025,"KOTA ADM. JAKARTA TIMUR",KRAMATJATI,CAWANG,"TPS DEWI SARTIKA GG. TANJUNG SYANYANG","TIPE 4","JL. DEWI SARTIKA GG. TANJUNG SYANYANG"
2025,"KOTA ADM. JAKARTA TIMUR",KRAMATJATI,CAWANG,"TPS MAYOR JENDRAL SUTOYO","TIPE 4","JL. MAYJEN. SUTOYO"
2025,"KOTA ADM. JAKARTA TIMUR",KRAMATJATI,CILILITAN,"TPS CILILITAN BESAR","TIPE 4","JL. CILILITAN BESAR"
2025,"KOTA ADM. JAKARTA TIMUR",KRAMATJATI,CILILITAN,"TPS RW. 012 KEL. CILILITAN","TIPE 4","KOMPLEK RUMAH DINAS KODAM JAYA CILILITAN"
2025,"KOTA ADM. JAKARTA TIMUR",KRAMATJATI,TENGAH,"TPS TENGAH RW. 4 RT. 9","TIPE 1","JL. H.TAIMAN RT. 09 RW. 04"
2025,"KOTA ADM. JAKARTA TIMUR",KRAMATJATI,CILILITAN,"TPS KOMPLEK PUSKESAD","TIPE 2","KOMPLEK PUSKESAD"
2025,"KOTA ADM. JAKARTA TIMUR",KRAMATJATI,DUKUH,"TPS LEBAK JUWET RT. 14 RW. 03","TIPE 1","JL. LEBAK JUWET RT. 14 RW. 03"
2025,"KOTA ADM. JAKARTA TIMUR",KRAMATJATI,DUKUH,"TPS PIJAR RT. 12 RW. 04","TIPE 2","JL. PIJAR RT. 12 RW. 04"
2025,"KOTA ADM. JAKARTA TIMUR",KRAMATJATI,DUKUH,"TPS BHP RT. 05 RW. 06","TIPE 2","JL. BHP RT. 05 RW. 06"
2025,"KOTA ADM. JAKARTA TIMUR",KRAMATJATI,DUKUH,"TPS DUKUH 4 RT. 05 RW. 01","TIPE 2","JL. DUKUH 4 RT. 05 RW. 01"
2025,"KOTA ADM. JAKARTA TIMUR",KRAMATJATI,KRAMATJATI,"TPS DATO TONGGARA RT. 09 RW. 11","TIPE 4","JL. DATO TONGGARA RT. 09 RW. 11"
2025,"KOTA ADM. JAKARTA TIMUR",KRAMATJATI,KRAMATJATI,"TPS KOMPLEK KODIM RT. 05 RW. 02","TIPE 4","KOMPLEK KODIM RT. 05 RW. 02"
2025,"KOTA ADM. JAKARTA TIMUR",KRAMATJATI,KRAMATJATI,"TPS NUSSA RW. 04","TIPE 4","JL. NUSA RW. 03"
2025,"KOTA ADM. JAKARTA TIMUR",KRAMATJATI,KRAMATJATI,"TPS RS. POLRI RT. 06 RW. 05","TIPE 4","JL. RS. POLRI RT. 06 RW. 05"
2025,"KOTA ADM. JAKARTA TIMUR",KRAMATJATI,KRAMATJATI,"TPS RS.POLRI RT. 11 RW. 04","TIPE 4","JL. RS. POLRI RT. 11 RW. 04"
2025,"KOTA ADM. JAKARTA TIMUR",KRAMATJATI,KRAMATJATI,"TPS NUSA I RT. 03 RW. 05","TIPE 4","JL. NUSA I RT. 03 RW. 05"
2025,"KOTA ADM. JAKARTA TIMUR",KRAMATJATI,KRAMATJATI,"TPS H. MUDENIA RT. 06 RW. 09","TIPE 2","JL. H. MUDENIA RT. 06 RW. 09"
2025,"KOTA ADM. JAKARTA TIMUR",KRAMATJATI,KRAMATJATI,"TPS AL AMIN RW. 06","TIPE 2","JL. AL AMIN"
2025,"KOTA ADM. JAKARTA TIMUR",KRAMATJATI,TENGAH,"TPS KOMPLEK ZENI AD","TIPE 4","KOMPLEK ZENI AD"
2025,"KOTA ADM. JAKARTA TIMUR",KRAMATJATI,TENGAH,"TPS KERANTAI PERAK RT. 04 RW. 05","TIPE 1","JL. KERANTAI PERAK RT. 04 RW. 05"
2025,"KOTA ADM. JAKARTA PUSAT",MENTENG,PEGANGSAAN,"TPS MATRAMAN","TIPE 1","JL. MATRAMAN DALAM 1"
2025,"KOTA ADM. JAKARTA PUSAT",MENTENG,CIKINI,"TPS TIM","TIPE 2","JL. CIKINI RAYA"
2025,"KOTA ADM. JAKARTA PUSAT",MENTENG,MENTENG,"TPS RW. 01 MENTENG TENGGULUN","TIPE 2","JL. MENTENG TENGGULUN"
2025,"KOTA ADM. JAKARTA PUSAT",MENTENG,PEGANGSAAN,"TPS RW.01 ","TIPE 2","JL. CIKINI KRAMAT"
2025,"KOTA ADM. JAKARTA PUSAT",MENTENG,CIKINI,"TPS CUT MUTIA","TIPE 4","JL. CUT MUTIA"
2025,"KOTA ADM. JAKARTA PUSAT",MENTENG,MENTENG,"TPS LATUHARHARY","TIPE 4","JL. LATUHARHARY"
2025,"KOTA ADM. JAKARTA PUSAT",MENTENG,MENTENG,"TPS ANYER","TIPE 4","JL. ANYER 15"
2025,"KOTA ADM. JAKARTA PUSAT",MENTENG,MENTENG,"TPS BLORA","TIPE 4","JL. BLORA"
2025,"KOTA ADM. JAKARTA PUSAT","SAWAH BESAR","GUNUNG SAHARI UTARA","TPS GUNUNG SAHARI UTARA","TIPE 1","JL. GUNUNG SAHARI 7A"
2025,"KOTA ADM. JAKARTA PUSAT","SAWAH BESAR",KARTINI,"TPS KARTINI TENGAH","TIPE 4","JL. KARTINI RAYA"
2025,"KOTA ADM. JAKARTA PUSAT","SAWAH BESAR",KARTINI,"TPS KARTINI UJUNG","TIPE 4","JL. KARTINI RAYA"
2025,"KOTA ADM. JAKARTA PUSAT","SAWAH BESAR","MANGGA DUA SELATAN","TPS PANGERAN JAYAKARTA DALAM","TIPE 4","JL. PANGERAN JAYAKARTA DALAM"
2025,"KOTA ADM. JAKARTA PUSAT","SAWAH BESAR","MANGGA DUA SELATAN","TPS MANGGA DUA SELATAN RW. 06","TIPE 4","JL. GATEP"
2025,"KOTA ADM. JAKARTA PUSAT","SAWAH BESAR","KARANG ANYAR","TPS KARANG ANYAR","TIPE 4","JL. KARANG ANYAR RAYA"
2025,"KOTA ADM. JAKARTA PUSAT","SAWAH BESAR","MANGGA DUA SELATAN","MANGGA BESAR 13 (DJINGGO)","TIPE 4","JL. MANGGA BESAR 13"
2025,"KOTA ADM. JAKARTA PUSAT","SAWAH BESAR","PASAR BARU","TPS DJUANDA","TIPE 4","JL. PINTU AIR II"
2025,"KOTA ADM. JAKARTA PUSAT","SAWAH BESAR","MANGGA DUA SELATAN","TPS MANGGA DUA DALAM","TIPE 4","JL. MANGGA DUA DALAM"
2025,"KOTA ADM. JAKARTA PUSAT",SENEN,SENEN,"TPS RW. 05 SENEN","TIPE 2"," JL. ABDUROHMAN SALEH"
2025,"KOTA ADM. JAKARTA PUSAT",SENEN,KENARI,"TPS KOMPLEK SALEMBA","TIPE 4","JL. SALEMBA RAYA"
2025,"KOTA ADM. JAKARTA PUSAT",SENEN,"KENARI ","TPS KENARI 2","TIPE 4","KENARI 2"
2025,"KOTA ADM. JAKARTA PUSAT",SENEN,KRAMAT,"KERAMAT SENTIONG","TIPE 4","JL. KERAMAT SENTIONG"
2025,"KOTA ADM. JAKARTA PUSAT",SENEN,KRAMAT,"TPS SEDAP MALAM","TIPE 4","JL. SEDAP MALAM"
2025,"KOTA ADM. JAKARTA PUSAT",SENEN,KWITANG,"TPS RW. 07 KWITANG","TIPE 4","JL. KWITANG 2"
2025,"KOTA ADM. JAKARTA PUSAT",SENEN,"KWITANG ","TPS GUNUNG AGUNG","TIPE 4","GUNUNG AGUNG"
2025,"KOTA ADM. JAKARTA PUSAT",SENEN,PASEBAN,"TPS SALEMBA TENGAH","TIPE 4","JL. SALEMBA TENGAH"
2025,"KOTA ADM. JAKARTA PUSAT",SENEN,PASEBAN,"TPS RW. 01 PASEBAN","TIPE 2","JL. KERAMAT LONTAR "
2025,"KOTA ADM. JAKARTA PUSAT",SENEN,SENEN,"TPS RW. 04 SENEN","TIPE 4","STASIUN SENEN"
2025,"KOTA ADM. JAKARTA PUSAT",SENEN,PASEBAN,"TPS PRAMUKA JATI","TIPE 1","JL. PRAMUKA JATI"
2025,"KOTA ADM. JAKARTA PUSAT",SENEN,BUNGUR,"TPS BERLIN","TIPE 1","JL. BUNGUR BESAR"
2025,"KOTA ADM. JAKARTA PUSAT",SENEN,PASEBAN,"TPS KERAMAT SAWAH","TIPE 1","JL. KERAMAT SAWAH"
2025,"KOTA ADM. JAKARTA PUSAT",SENEN,KWITANG,"TPS PASAR KWITANG","TIPE 4","JL. KWITANG 1"
2025,"KOTA ADM. JAKARTA PUSAT",SENEN,SENEN,"TPS RW 03 SENEN","TIPE 2","JL. DR ABDUL RAHMAT SALEH"
2025,"KOTA ADM. JAKARTA PUSAT",SENEN,SENEN,"TPS PASAR SENEN BLOK 3&6","TIPE 4","JL. SENEN RAYA"
2025,"KOTA ADM. JAKARTA PUSAT",SENEN,BUNGUR,"TPS STASIUN SENEN","TIPE 4","JL. BUNGUR BESAR RAYA"
2025,"KOTA ADM. JAKARTA PUSAT","TANAH ABANG","BENDUNGAN HILIR","TPS RUSUN BENHIL II","TIPE 4","JL. LAN 2 PEJOMPONGAN"
2025,"KOTA ADM. JAKARTA PUSAT","TANAH ABANG","BENDUNGAN HILIR","TPS RUSUN BENHIL I","TIPE 4","JL. PENJERNIHAN I"
2025,"KOTA ADM. JAKARTA PUSAT","TANAH ABANG",GELORA,"TPS PASAR PALMERAH","TIPE 4","JL. PALMERAH SELATAN"
2025,"KOTA ADM. JAKARTA PUSAT","TANAH ABANG",GELORA,"TPS PASAR UKM LOKBIN PALMERAH","TIPE 4","JL. PALMERAH BARAT RT/RW. 01/02"
2025,"KOTA ADM. JAKARTA PUSAT","TANAH ABANG","KAMPUNG BALI","TPS STASIUN TANAH ABANG","TIPE 4","JL. JATI BARU"
2025,"KOTA ADM. JAKARTA PUSAT","TANAH ABANG","KARET TENGSIN","TPS RUSUN KARTENG","TIPE 4","JL. KARET PASAR BARU BARAT I RW. 07"
2025,"KOTA ADM. JAKARTA PUSAT","TANAH ABANG","KEBON KACANG","TPS RSTA RW. 10","TIPE 4","JL. KH. MAS MANSYUR"
2025,"KOTA ADM. JAKARTA PUSAT","TANAH ABANG","KEBON MELATI","TPS PASAR LONTAR","TIPE 4","JL. SABENI RAYA "
2025,"KOTA ADM. JAKARTA PUSAT","TANAH ABANG",PETAMBURAN,"TPS RUSUN PETAMBURAN","TIPE 4","JL. PETAMBURAN V RW 11"
2025,"KOTA ADM. JAKARTA PUSAT","TANAH ABANG","BENDUNGAN HILIR","TPS PAM","TIPE 4","JL. PAM BARU RAYA"
2025,"KOTA ADM. JAKARTA PUSAT","TANAH ABANG",GELORA,"TPS 3R GBK","TIPE 1","JL. PINTU X GELORA BUNG KARNO"
2025,"KOTA ADM. JAKARTA PUSAT","TANAH ABANG","KEBON MELATI","TPS PLN","TIPE 4","JL. AWALUDIN IV RT/RW 03/17"
2025,"KOTA ADM. JAKARTA PUSAT","TANAH ABANG",PETAMBURAN,"TPS RW. 01 PETAMBURAN","TIPE 4","JL. JATI PINGGIR RW. 01"
2025,"KOTA ADM. JAKARTA PUSAT","TANAH ABANG",PETAMBURAN,"TPS RW. 04 PETAMBURAN","TIPE 4","JL. JATI PINGGIR RW. 04"
2025,"KOTA ADM. JAKARTA PUSAT","TANAH ABANG","KAMPUNG BALI","TPS PASAR KEBON JATI / BLOK G","TIPE 2","JL. KEBON JATI"
2025,"KOTA ADM. JAKARTA PUSAT","TANAH ABANG","KARET TENGSIN","TPS RW . 07 KARET TENGSIN","TIPE 2","JL. KARET PASAR BARU BARAT I RW. 07"
2025,"KOTA ADM. JAKARTA PUSAT","TANAH ABANG","KEBON KACANG","TPS RSTA RW. 11","TIPE 2","JL. KEBON KACANG IX RW. 11"
2025,"KOTA ADM. JAKARTA PUSAT","TANAH ABANG","KEBON KACANG","TPS PASAR GANDARIA","TIPE 2","JL. KEBON KACANG I"
2025,"KOTA ADM. JAKARTA PUSAT","TANAH ABANG","KEBON KACANG","TPS RSKK","TIPE 2","JL. KEBON KACANG XI"
2025,"KOTA ADM. JAKARTA PUSAT","TANAH ABANG","BENDUNGAN HILIR","TPS RW. 07 BENDUNGAN HILIR","TIPE 4","JL. ADMINISTRASI NEGARA I"
2025,"KOTA ADM. JAKARTA PUSAT","TANAH ABANG",GELORA,"TPS PALMERAH SELATAN","TIPE 4","JL. PALMERAH SELATAN"
2025,"KOTA ADM. JAKARTA PUSAT","TANAH ABANG",GELORA,"TPS RW. 02 GELORA","TIPE 4","JL. GELORA 9 RW 02"
2025,"KOTA ADM. JAKARTA PUSAT","TANAH ABANG","KAMPUNG BALI","TPS KAMPUNG BALI 25","TIPE 4","JL. KAMPUNG BALI XXV"
2025,"KOTA ADM. JAKARTA PUSAT","TANAH ABANG","KAMPUNG BALI","TPS TAMAN KEBON SIRIH 1","TIPE 4","JL. TAMAN KEBON SIRIH 1"
2025,"KOTA ADM. JAKARTA PUSAT","TANAH ABANG","KAMPUNG BALI","TPS KEBON JATI","TIPE 4","JL. KEBON JATI"
2025,"KOTA ADM. JAKARTA PUSAT","TANAH ABANG","KARET TENGSIN","TPS ABDUL JALIL","TIPE 4","JL. ABDUL JALIL "
2025,"KOTA ADM. JAKARTA PUSAT","TANAH ABANG","KARET TENGSIN","TPS KARET BIVAK","TIPE 4","JL. KH. MAS MANSYUR"
2025,"KOTA ADM. JAKARTA PUSAT","TANAH ABANG","KEBON KACANG","TPS KEBON KACANG 9","TIPE 4","JL. KEBON KACANG 9 RW. 03"
2025,"KOTA ADM. JAKARTA PUSAT","TANAH ABANG","KEBON KACANG","TPS KEBON KACANG 8","TIPE 4","JL. KEBON KACANG 8 RW. 02"
2025,"KOTA ADM. JAKARTA PUSAT","TANAH ABANG","KEBON MELATI","TPS TALANG BETUTU","TIPE 4","JL. TALANG BETUTU"
2025,"KOTA ADM. JAKARTA PUSAT","CEMPAKA PUTIH","CEMPAKA PUTIH BARAT","DOOR TO DOOR RW 8","TIPE 4","JL. CEMPAKA PUTIH BARAT 26 NO.10, RT.10/RW.8"
2025,"KOTA ADM. JAKARTA PUSAT","CEMPAKA PUTIH","CEMPAKA PUTIH TIMUR","TPS JL. INSPEKSI RW 5 - CEMPAKA PUTIH TIMUR","TIPE 4 ","JL. CEMPAKA PUTIH TENGAH II BLOK C NO.25, RT.12/RW.5, CEMP. PUTIH TIM"
2025,"KOTA ADM. JAKARTA PUSAT","CEMPAKA PUTIH","CEMPAKA PUTIH TIMUR","TPS POOL GEROBAK RAJA LAUT - CEMPAKA PUTIH TIMUR","TIPE 4","RT.2/RW.7, CEMP. PUTIH TIM"
2025,"KOTA ADM. JAKARTA PUSAT",MENTENG,CIKINI,"DOOR TO DOOR RW 04 CIKINI","TIPE 4"," JL. CIMANDIRI, RT.6/RW.4, CIKINI, KEC. MENTENG, KOTA JAKARTA PUSAT"
2025,"KOTA ADM. JAKARTA PUSAT",MENTENG,CIKINI,"DOOR TO DOOR RW 05 CIKINI","TIPE 4","JL. CIKINI RAYA NO.80, RT.14/RW.5, CIKINI"
2025,"KOTA ADM. JAKARTA SELATAN",CILANDAK,"LEBAK BULUS","TPS BALONG","TIPE 4","JL. GUNUNG BALONG KEL. LEBAK BULUS"
2025,"KOTA ADM. JAKARTA SELATAN",CILANDAK,"GANDARIA SELATAN","TPS PONCOL","TIPE 1","JL. PONCOL GANDARIA SELATAN"
2025,"KOTA ADM. JAKARTA SELATAN",CILANDAK,"LEBAK BULUS","TPS PERTANIAN","TIPE 1","JL. PERTANIAN RAYA KEL. LEBAK BULUS"
2025,"KOTA ADM. JAKARTA SELATAN",CILANDAK,"CILANDAK BARAT","TPS ANTASARI","TIPE 4","JL. ANTASARI RAYA KEL. CILANDAK BARAT"
2025,"KOTA ADM. JAKARTA SELATAN",CILANDAK,"LEBAK BULUS","TPS PERUMAHAN KARINDA INDAH","TIPE 2","JL. KARANG TENGAH RAYA RT. 13/RW. 3, LB. BULUS, KEC. CILANDAK"
2025,"KOTA ADM. JAKARTA SELATAN",CILANDAK,"PONDOK LABU","TPS PASAR PONDOK LABU","TIPE 2","JL. PONDOK LABU RAYA RT. 04 RW. 01 KEL. PONDOK LABU"
2025,"KOTA ADM. JAKARTA SELATAN",CILANDAK,"CIPETE SELATAN","TPS PASAR CIPETE SELATAN","TIPE 2","JL. PANGERAN ANTASARI RT. 9/RW. 4, CIPETE SELATAN, KEC. CILANDAK"
2025,"KOTA ADM. JAKARTA SELATAN",CILANDAK,"CIPETE SELATAN","TPS RW. 04 CIPETE SELATAN","TIPE 2","JL. H. ALI RT. 04 RW. 06 KEL. CIPETE SELATAN"
2025,"KOTA ADM. JAKARTA SELATAN",CILANDAK,"LEBAK BULUS","TPS BATAN","TIPE 2","JL. LEBAK BULUS RAYA NO. 9, RT. 3/RW. 2, LEBAK BULUS, CILANDAK, RT. 3/RW. 2, LEBAK BULUS"
2025,"KOTA ADM. JAKARTA SELATAN",CILANDAK,"CILANDAK BARAT","TPS PASAR MEDE","TIPE 2","JL. RS. FATMAWATI RAYA, RT. 2/RW. 5, CILANDAK BARAT, KEC. CILANDAK"
2025,"KOTA ADM. JAKARTA SELATAN",CILANDAK,"GANDARIA SELATAN","TPS PANTI SOSIAL H. NAWI","TIPE 2","JL. MARGAGUNA RAYA NO.1, RT.11/RW.1, GANDARIA SELATAN, KEC. CILANDAK"
2025,"KOTA ADM. JAKARTA SELATAN",CILANDAK,"PONDOK LABU","TPS JL. BANGO","TIPE 4","JL. PINANG KALIJATI NO. 53, RT. 11/RW. 9, PD. LABU, KEC. CILANDAK"
2025,"KOTA ADM. JAKARTA SELATAN",JAGAKARSA,"LENTENG AGUNG","TPS RW. 08","TIPE 1","JL. RAYA LENTENG AGUNG TIMUR"
2025,"KOTA ADM. JAKARTA SELATAN",JAGAKARSA,"LENTENG AGUNG","TPS LPS RW. 01 JALAN JOE","TIPE 1","JL. JOE RT. 007/01 KELURAHAN LENTENG AGUNG"
2025,"KOTA ADM. JAKARTA SELATAN",JAGAKARSA,JAGAKARSA,"TPS LPS KAMPUNG KANDANG","TIPE 1","JL. H. THOHIR I KELURAHAN JAGAKARSA"
2025,"KOTA ADM. JAKARTA SELATAN",JAGAKARSA,"SRENGSENG SAWAH","TPS LPS KABEDA","TIPE 1","JL. PEMUDA RW. 09 KEL. SRENGSENG SAWAH"
2025,"KOTA ADM. JAKARTA SELATAN",JAGAKARSA,CIGANJUR,"TPS LPS MANGGIS","TIPE 1","JL. MANGGIS RT. 001/01 KELURAHAN CIGANJUR"
2025,"KOTA ADM. JAKARTA SELATAN",JAGAKARSA,"SRENGSENG SAWAH","TPS SETU BABAKAN","TIPE 4","RW. 08 SETU BABAKAN KELURAHAN SRENGSENG SAWAH"
2025,"KOTA ADM. JAKARTA SELATAN",JAGAKARSA,"TANJUNG BARAT","TPS JALAN GINTUNG","TIPE 1","JL. GINTUNG KELURAHAN TANJUNG BARAT"
2025,"KOTA ADM. JAKARTA SELATAN",JAGAKARSA,CIGANJUR,"TPS JALAN SADAR","TIPE 1","JL. SADAR RT. 005/05 KELURAHAN CIGANJUR"
2025,"KOTA ADM. JAKARTA SELATAN",JAGAKARSA,"SRENGSENG SAWAH","TPS SETU BABAKAN","TIPE 2","UNIT PENGELOLA KAWASAN PERKAMPUNGAN BUDAYA BETAWI SETU BABAKAN"
2025,"KOTA ADM. JAKARTA SELATAN",JAGAKARSA,"SRENGSENG SAWAH","TPS RW. 04 SRENGSENG SAWAH","TIPE 2","JL. RAYA SRENGSENG SAWAH RW. 04 KELURAHAN SRENGSENG SAWAH"
2025,"KOTA ADM. JAKARTA SELATAN",JAGAKARSA,JAGAKARSA,"TPS PASAR LENTENG AGUNG","TIPE 2","JL. RAYA JAGAKARSA NO. 3 RT. 003/01 KELURAHAN JAGAKARSA"
2025,"KOTA ADM. JAKARTA SELATAN",JAGAKARSA,"SRENGSENG SAWAH","TPS LPS BATU","TIPE 4","JL. BATU KELURAHAN SRENGSENG SAWAH"
2025,"KOTA ADM. JAKARTA SELATAN",JAGAKARSA,"TANJUNG BARAT","TPS TBI","TIPE 2","RW. 02 PERUMAHAN TANJUNG BARAT INDAH KELURAHAN TANJUNG BARAT"
2025,"KOTA ADM. JAKARTA SELATAN",JAGAKARSA,"LENTENG AGUNG","TPS ASRAMA LENTENG AGUNG","TIPE 3","JL.CAMAT GABUN (ASRAMA SUKU DINAS LINGKUNGAN HIDUP KOTA ADM. JAKARTA SELATAN)"
2025,"KOTA ADM. JAKARTA SELATAN","KEBAYORAN BARU","RAWA BARAT","TPS RAWA BARAT","TIPE 1","JL. BAKTI 1 KEL. RAWA BARAT"
2025,"KOTA ADM. JAKARTA SELATAN","KEBAYORAN BARU","KRAMAT PELA","TPS KRAMAT PELA","TIPE 1","JL. RAYA KRAMAT PELA RW 04 KEL. KRAMAT PELA"
2025,"KOTA ADM. JAKARTA SELATAN","KEBAYORAN BARU","GANDARIA UTARA","TPS GANDARIA UTARA","TIPE 1","JL. BRI RADIO DALAM PS INPRES NO. 41 KEL. GANDARIA UTARA"
2025,"KOTA ADM. JAKARTA SELATAN","KEBAYORAN BARU",PETOGOGAN,"TPS PETOGOGAN","TIPE 4","JL. PULO RAYA V RW 03 KEL. PETOGOGAN"
2025,"KOTA ADM. JAKARTA SELATAN","KEBAYORAN BARU","CIPETE UTARA","TPS DAMAI","TIPE 4","JL. DAMAI RAYA RT.12/02 ,KEL. CIPETE UTARA"
2025,"KOTA ADM. JAKARTA SELATAN","KEBAYORAN BARU",SENAYAN,"TPS POLDA METRO JAYA","TIPE 4","JL. JENDRAL SUDIRMAN KAV. 55 KEL. SENAYAN"
2025,"KOTA ADM. JAKARTA SELATAN","KEBAYORAN BARU",GUNUNG,"TPS DENPO","TIPE 4","JL. DENPO V , RW. 003, KEL. GUNUNG"
2025,"KOTA ADM. JAKARTA SELATAN","KEBAYORAN BARU",GUNUNG,"TPS PD PASAR JAYA MAYESTIK","TIPE 2","JL. TEBAH III NO. 3, KEL. GUNUNG"
2025,"KOTA ADM. JAKARTA SELATAN","KEBAYORAN BARU",PETOGOGAN,"TPS PD PASAR JAYA SANTA","TIPE 2","JL. CISANGGIRI LL, KEL. PETOGOGAN"
2025,"KOTA ADM. JAKARTA SELATAN","KEBAYORAN BARU","CIPETE UTARA","TPS PD PASAR JAYA CIPETE UTARA","TIPE 2","JL. DAMAI RAYA NO.9 RW. 05 KEL. CIPETE UTARA"
2025,"KOTA ADM. JAKARTA SELATAN","KEBAYORAN BARU",PULO,"TPS POLRES JAKSEL","TIPE 2","JL. DARMAWANGSA III NO. 12A KEL. PULO"
2025,"KOTA ADM. JAKARTA SELATAN","KEBAYORAN BARU",SELONG,"TPS ASEAN","TIPE 2","JL. SISINGAMANGARAJA NO. 2, KEL. SELONG"
2025,"KOTA ADM. JAKARTA SELATAN","KEBAYORAN BARU",SELONG,"TPS BARESKIM POLRI","TIPE 2","JL. TRUNOJOYO NO. 3 KEL. SELONG - JL. RADEN FATAH III NO.25 KEL. SELONG"
2025,"KOTA ADM. JAKARTA SELATAN","KEBAYORAN BARU",PULO,"TPS KANTOR WALIKOTA JAKARTA SELATAN","TIPE 2","JL. PRAPANCA RAYA NO.9, KEL. PULO"
2025,"KOTA ADM. JAKARTA SELATAN","KEBAYORAN BARU","KRAMAT PELA","TPS KANTOR KEJAKSAAN AGUNG","TIPE 2","JL. SULTAN HASSANUDDIN DALAM NO. 1, KRAMAT PELA - JL. KYAI MAJA NO. 1 KEL. KRAMAT PELA"
2025,"KOTA ADM. JAKARTA SELATAN","KEBAYORAN BARU",SENAYAN,"TPS DOOR TO DOOR KOMPLEK MENTERI WIDYA CHANDRA","TIPE 4","JL. WIDYA CHANDRA, KEL. SENAYAN"
2025,"KOTA ADM. JAKARTA SELATAN","KEBAYORAN BARU",SELONG,"TPS MABES POLRI","TIPE 3","JL. PATTIMURA NO.38 - JL.SENJAYA 1, KEL. SELONG"
2025,"KOTA ADM. JAKARTA SELATAN","KEBAYORAN BARU",SELONG,"TPS KAMPUS AL-AZHAR","TIPE 4","JL. SISINGAMANGARAJA NO. 2, KEL. SELONG"
2025,"KOTA ADM. JAKARTA SELATAN","KEBAYORAN LAMA",CIPULIR,"TPS KOMP. SEKSKOAL","TIPE 4","TPS KOMP. SESKOAL JL. CILEDUK RAYA"
2025,"KOTA ADM. JAKARTA SELATAN","KEBAYORAN LAMA","GROGOL SELATAN","TPS RW. 009 GS","TIPE 4","TPS RW. 009 JL. RAYA SIMPRUK 9"
2025,"KOTA ADM. JAKARTA SELATAN","KEBAYORAN LAMA","GROGOL UTARA","TPS KOMPLEK TVRI","TIPE 4","TPS KOMPLEK TVRI JL. KOMPLEK TVRI"
2025,"KOTA ADM. JAKARTA SELATAN","KEBAYORAN LAMA","KEBAYORAN LAMA UTARA","TPS KEBAYORAN LAMA BELAKANG RW. 01","TIPE 4","PASAR KEBAYORAN LAMA BELAKANG RW. 01 "
2025,"KOTA ADM. JAKARTA SELATAN","KEBAYORAN LAMA","KEBAYORAN LAMA SELATAN","TPS KOSTRAD","TIPE 4","JL. DARMA PUTRA"
2025,"KOTA ADM. JAKARTA SELATAN","KEBAYORAN LAMA","KEBAYORAN LAMA SELATAN","TPS KODIM","TIPE 4","JL. CENDRAWASIH I BLOK E NO. 50"
2025,"KOTA ADM. JAKARTA SELATAN","KEBAYORAN LAMA","PONDOK PINANG","TPS CARREFOUR LEBAK BULUS","TIPE 4","CAREFOUR JL. RA. KARTINI"
2025,"KOTA ADM. JAKARTA SELATAN","KEBAYORAN LAMA","PONDOK PINANG","TPS KOMPLEK PU","TIPE 4","TPS KOMPLEK PU JL. RA. KARTINI NO. 9  RT. 09/10"
2025,"KOTA ADM. JAKARTA SELATAN","KEBAYORAN LAMA","PONDOK PINANG","TPS SESPIMA","TIPE 4","PS SESPIMA"
2025,"KOTA ADM. JAKARTA SELATAN","KEBAYORAN LAMA","KEBAYORAN LAMA UTARA","PASAR KELAPA","TIPE 4","PASAR KELAPA"
2025,"KOTA ADM. JAKARTA SELATAN","KEBAYORAN LAMA","GROGOL SELATAN","TPS PERMATA HIJAU","TIPE 1","DIPO PERMATA HIJAU II PERUM PERMATA HIJAU II RW. 012 KEL. GROGOL SELATAN"
2025,"KOTA ADM. JAKARTA SELATAN","KEBAYORAN LAMA","PONDOK PINANG","TPS PONDOK PINANG","TIPE 1","DIPO PONDOK PINANG, JL. PINANG EMAS RW. 002 KEL. PONDOK PINANG"
2025,"KOTA ADM. JAKARTA SELATAN","KEBAYORAN LAMA","GROGOL UTARA","TPS RW. 14 GROGOL UTARA","TIPE 4","RW. 14 GROGOL UTARA"
2025,"KOTA ADM. JAKARTA SELATAN","KEBAYORAN LAMA",CIPULIR,"TPS RW. 04 CIPULIR","TIPE 4","RW. 04 CIPULIR"
2025,"KOTA ADM. JAKARTA SELATAN","KEBAYORAN LAMA","GROGOL SELATAN","TPS BATA PUTIH","TIPE 4","POOL GEROBAK BATA PUTIH JL. KRAMAT PATAL RW. 02 KEL. GROGOL SELATAN"
2025,"KOTA ADM. JAKARTA SELATAN","KEBAYORAN LAMA","GROGOL SELATAN","TPS SEHA RW. 010 KEL. GROGOL SELATAN","TIPE 4","RW. 010 KEL. GROGOL SELATAN"
2025,"KOTA ADM. JAKARTA SELATAN","KEBAYORAN LAMA","KEBAYORAN LAMA UTARA","TPS RW. 003 JL.TOJI","TIPE 4","RW. 009 JL.TOJI"
2025,"KOTA ADM. JAKARTA SELATAN","KEBAYORAN LAMA","GROGOL UTARA","TPS RW. 11 KEL GROGOL UTARA","TIPE 4","RW. 11 KEL GROGOL UTARA"
2025,"KOTA ADM. JAKARTA SELATAN","KEBAYORAN LAMA","GROGOL UTARA","TPS RW. 8 KEL GROGOL UTARA","TIPE 4","RW. 8 KEL GROGOL UTARA"
2025,"KOTA ADM. JAKARTA SELATAN","KEBAYORAN LAMA","KEBAYORAN LAMA SELATAN","TPS RW. 11 KEL KEBAYORAN LAMA SELATAN","TIPE 4","RW. 11 KEL. KEBAYORAN LAMA SELATAN"
2025,"KOTA ADM. JAKARTA SELATAN","KEBAYORAN LAMA","GROGOL SELATAN","TPS KMC","TIPE 4","POOL GEROBAK KMC JL. MESJID NURUL YAKIN GG. H. SAIRI RW. 12"
2025,"KOTA ADM. JAKARTA SELATAN","KEBAYORAN LAMA","GROGOL UTARA","TPS GRAHA PENA","TIPE 2","POOL COUNTAINER GRAHA PENA JL. KEBAYORAN LAMA RW. 01"
2025,"KOTA ADM. JAKARTA SELATAN","KEBAYORAN LAMA","GROGOL UTARA","TPS RW. 013 KEL GROGOL UTARA","TIPE 2","RW. 013 KEL GROGOL UTARA"
2025,"KOTA ADM. JAKARTA SELATAN","KEBAYORAN LAMA","GROGOL UTARA","TPS RW. 07 PATAL SENAYAN KEL. GROGOL UTARA","TIPE 2","RW. 07 PATAL SENAYAN KEL. GROGOL UTARA"
2025,"KOTA ADM. JAKARTA SELATAN","KEBAYORAN LAMA","GROGOL UTARA","TPS RW. 08 GU TENTARA PELAJAR","TIPE 2","RW. 08 GU TENTARA PELAJAR POOL KONTAINER"
2025,"KOTA ADM. JAKARTA SELATAN","KEBAYORAN LAMA","GROGOL UTARA","TPS RW. 12 KEL. GROGOL UTARA","TIPE 2","RW. 12 KEL. GROGOL UTARA"
2025,"KOTA ADM. JAKARTA SELATAN","KEBAYORAN LAMA","GROGOL UTARA","TPS RW. 003 KEMANDORAN KEL. GROGOL UTARA","TIPE 2","RW. 003 KEMANDORAN KEL. GROGOL UTARA"
2025,"KOTA ADM. JAKARTA SELATAN","KEBAYORAN LAMA","GROGOL SELATAN","TPS PD PASAR BATA PUTIH JL.KRAMAT PATAL RW. 02","TIPE 2","PD PASAR BATA PUTIH"
2025,"KOTA ADM. JAKARTA SELATAN","KEBAYORAN LAMA","GROGOL SELATAN","TPS RW. 008 SIMPRUG KEL. GROGOL SELATAN","TIPE 2","RW. 008 SIMPRUG KEL. GROGOL SELATAN"
2025,"KOTA ADM. JAKARTA SELATAN","KEBAYORAN LAMA","GROGOL SELATAN","TPS CIDODOL JL.PANJANG CIDODOL","TIPE 2","POOL KONTAINER PS CIDODOL JL. PANJANG CIDODOL"
2025,"KOTA ADM. JAKARTA SELATAN","KEBAYORAN LAMA",CIPULIR,"TPS PS. SAYUR RW. 009 CIPULIR","TIPE 2","PASAR SAYUR RW. 009 CIPULIR"
2025,"KOTA ADM. JAKARTA SELATAN","KEBAYORAN LAMA",CIPULIR,"TPS GEDUNG LEMIGAS JL.CILEDUK RAYA","TIPE 2","POOL KONTAINER GEDUNG LEMIGAS JL.CILEDUK RAYA"
2025,"KOTA ADM. JAKARTA SELATAN","KEBAYORAN LAMA",CIPULIR,"TPS  PASAR SAYUR JL.CILEDUK RAYA","TIPE 2","POOL KONTAINER PASAR SAYUR JL. CILEDUK RAYA"
2025,"KOTA ADM. JAKARTA SELATAN","KEBAYORAN LAMA",CIPULIR,"TPS PD PASAR CIPULIR JL.CILEDUK RAYA","TIPE 2","POOL KONTAINER PD PASAR CIPULIR JL. CILEDUK RAYA"
2025,"KOTA ADM. JAKARTA SELATAN","KEBAYORAN LAMA","KEBAYORAN LAMA UTARA","TPS PD PASAR KEBAYORAN LAMA JL.KRAMAT RW. 01","TIPE 2","POOL KONTAINER PD PASAR KEBAYORAN LAMA JL. KRAMAT RW. 01"
2025,"KOTA ADM. JAKARTA SELATAN","KEBAYORAN LAMA","PONDOK PINANG","TPS RW. 01 PONDOK PINANG JL.JATI INDAH","TIPE 2","POOL KONTAINER RW. 01 PONDOK PINANG JL. JATI INDAH"
2025,"KOTA ADM. JAKARTA SELATAN","KEBAYORAN LAMA","PONDOK PINANG","TPS RW. 08 PONDOK PINANG JL.H SAIKIN","TIPE 2","POOL KONTAINER RW. 08 PONDOK PINANG JL. H. SAIKIN"
2025,"KOTA ADM. JAKARTA SELATAN","MAMPANG PRAPATAN",BANGKA,"TPS DHARMA JAYA","TIPE 1","JL. KEMANG UTARA IX RT. 06 RW. 04 KEL. BANGKA"
2025,"KOTA ADM. JAKARTA SELATAN","MAMPANG PRAPATAN",BANGKA,"TPS KOBER","TIPE 1","JL. KEMANG SELATAN VIII RW. 02 KEL. BANGKA"
2025,"KOTA ADM. JAKARTA SELATAN","MAMPANG PRAPATAN",BANGKA,"TPS PANIN","TIPE 4","JL. KEMANG SELATAN X RW. 02 KEL. BANGKA"
2025,"KOTA ADM. JAKARTA SELATAN","MAMPANG PRAPATAN","MAMPANG PRAPATAN","TPS KRATINGDAENG","TIPE 4","JL. KAPT. TENDEAN RW. 02 KEL. MAMPANG PRAPATAN"
2025,"KOTA ADM. JAKARTA SELATAN","MAMPANG PRAPATAN","MAMPANG PRAPATAN","TPS LEVIN","TIPE 4","JL. KAPT. TENDEAN RW. 02 KEL. MAMPANG PRAPATAN"
2025,"KOTA ADM. JAKARTA SELATAN","MAMPANG PRAPATAN","MAMPANG PRAPATAN","TPS AL FALAH","TIPE 4","JL. MAMPANG RAYA ( JL MAMPANG PRAPATAN I) RW. 06 KEL. MAMPANG PRAPATAN"
2025,"KOTA ADM. JAKARTA SELATAN","MAMPANG PRAPATAN","MAMPANG PRAPATAN","TPS GG. JATI","TIPE 4","JL. KAPT. TENDEAN RW. 01 KEL. MAMPANG PRAPATAN"
2025,"KOTA ADM. JAKARTA SELATAN","MAMPANG PRAPATAN","PELA MAMPANG","TPS BANGKA I","TIPE 4","JL. KAPT. TENDEAN RW. 01 KEL. PELA MAMPANG"
2025,"KOTA ADM. JAKARTA SELATAN","MAMPANG PRAPATAN","KUNINGAN BARAT","TPS SUHARTI","TIPE 4","JL. KAPT. TENDEAN RW. 05 KEL. KUNINGAN BARAT"
2025,"KOTA ADM. JAKARTA SELATAN","MAMPANG PRAPATAN","PELA MAMPANG","TPS BANGKA X","TIPE 4","JL. BANGKA X UJUNG RW. 07 KEL. PELA MAMPANG"
2025,"KOTA ADM. JAKARTA SELATAN","MAMPANG PRAPATAN",BANGKA,"TPS CODEFIN","TIPE 3","JL. KEMANG RAYA RW. 01 KEL. BANGKA"
2025,"KOTA ADM. JAKARTA SELATAN","MAMPANG PRAPATAN",BANGKA,"TPS MIRA SARI","TIPE 2","JL. KEMANG UTARA RW. 04 KEL. BANGKA"
2025,"KOTA ADM. JAKARTA SELATAN","MAMPANG PRAPATAN","TEGAL PARANG","TPS BLUE BIRD","TIPE 2","JL. MAMPANG RAYA RW. 06 KEL. TEGAL PARANG"
2025,"KOTA ADM. JAKARTA SELATAN","MAMPANG PRAPATAN","KUNINGAN BARAT","TPS STUDIO 41","TIPE 2","JL. KAPT. TENDEAN RW. 03 KEL. KUNINGAN BARAT"
2025,"KOTA ADM. JAKARTA SELATAN","MAMPANG PRAPATAN","KUNINGAN BARAT","TPS CYBER","TIPE 2","JL. KAPT. TENDEAN RW. 01 KEL. KUNINGAN BARAT"
2025,"KOTA ADM. JAKARTA SELATAN","MAMPANG PRAPATAN","KUNINGAN BARAT","TPS PARIWISATA","TIPE 2","JL. ABD. ROHIM RW. 01 KEL. KUNINGAN BARAT"
2025,"KOTA ADM. JAKARTA SELATAN","MAMPANG PRAPATAN","KUNINGAN BARAT","TPS MUSEUM SATRIA MANDALA","TIPE 2","JL. GATOT SUBROTO R 01 KEL KUNINGAN BARAT"
2025,"KOTA ADM. JAKARTA SELATAN","MAMPANG PRAPATAN","KUNINGAN BARAT","TPS LIPI","TIPE 2","JL. GATOT SUBROTO R 01 KEL KUNINGAN BARAT"
2025,"KOTA ADM. JAKARTA SELATAN","MAMPANG PRAPATAN","KUNINGAN BARAT","TPS PLN","TIPE 4","JL. KAPT. TENDEAN RW. 01 KEL. KUNINGAN BARAT"
2025,"KOTA ADM. JAKARTA SELATAN","MAMPANG PRAPATAN","PELA MAMPANG","TPS PASAR KECIL","TIPE 4","JL. BANGKA RAYA RW. 05 KEL. PELA MAMPANG"
2025,"KOTA ADM. JAKARTA SELATAN","MAMPANG PRAPATAN",BANGKA,"TPS PASAR BUNCIT","TIPE 4","JL. KEMANG UTARA IX RT. 09 RW. 04 KEL. BANGKA"
2025,"KOTA ADM. JAKARTA SELATAN","MAMPANG PRAPATAN","MAMPANG PRAPATAN","TPS PASAR MAMPANG","TIPE 4","JL MAMPANG RAYA RT. 05 RW. 01 KEL. MAMPANG PRAPATAN"
2025,"KOTA ADM. JAKARTA SELATAN",PANCORAN,RAWAJATI,"TPS DPR RAWAJATI","TIPE 1","JI. RAWAJATI BARAT"
2025,"KOTA ADM. JAKARTA SELATAN",PANCORAN,RAWAJATI,"TPS KBI RAWAJATI","TIPE 1","JI. PERUMAHAN KALIBATA INDAH"
2025,"KOTA ADM. JAKARTA SELATAN",PANCORAN,"DUREN TIGA","TPS PLN SIGURA-GURA","TIPE 2","JL. DUREN TIGA PLN"
2025,"KOTA ADM. JAKARTA SELATAN",PANCORAN,PANCORAN,"TPS MBAU","TIPE 4","JL. TILOKA V NO. 1 KEL. PANCORAN KEC. PANCORAN"
2025,"KOTA ADM. JAKARTA SELATAN",PANCORAN,RAWAJATI,"TPS 3R","TIPE 1","JL. ZENI AD 4 RT. 009/03 KEL. RAWAJATI KEC. PANCORAN"
2025,"KOTA ADM. JAKARTA SELATAN",PANCORAN,KALIBATA,"TPS BUNCIT 1","TIPE 4","JL BUNCIT RAYA TITIK GEROBAK PUTERAN TANJAKAN JANDA"
2025,"KOTA ADM. JAKARTA SELATAN",PANCORAN,KALIBATA,"TPS BUNCIT 2","TIPE 4","JL. BUNCIT RAYA TITIK PULO KALIBATA"
2025,"KOTA ADM. JAKARTA SELATAN",PANCORAN,"DUREN TIGA","TPS BUNCIT 3","TIPE 4","JL. BUNCIT RAYA TITIK IMIGRASI"
2025,"KOTA ADM. JAKARTA SELATAN",PANCORAN,PANCORAN,"TPS ABN PANCORAN","TIPE 2","JL. PANCORAN TIMUR 2A NO. 24"
2025,"KOTA ADM. JAKARTA SELATAN",PANCORAN,RAWAJATI,"TPS TRANSMIGRASI","TIPE 2","JL. JATI LUHUR NO. 33 RT. 6/RW. 7 RAWAJATI KEC. PANCORAN"
2025,"KOTA ADM. JAKARTA SELATAN",PANCORAN,PENGADEGAN,"TPS BPK PENGADEGAN","TIPE 2","JL. BINAWARGA II SELATAN RT. 6/RW. 7 KALIBATA PANCORAN "
2025,"KOTA ADM. JAKARTA SELATAN",PANCORAN,CIKOKO,"TPS DINAS PARISWISATA/BSF","TIPE 2","JL. MT. HARYONO"
2025,"KOTA ADM. JAKARTA SELATAN",PANCORAN,PENGADEGAN,"TPS RUSUN PENGADEGAN","TIPE 2","JL. PENGADEGAN TIMUR I RT. 7/RW. 1 PENGADEGAN, KEC. PANCORAN"
2025,"KOTA ADM. JAKARTA SELATAN",PANCORAN,PANCORAN,"TPS CATERING PUSPA","TIPE 2","JL. PANCORAN TIMUR"
2025,"KOTA ADM. JAKARTA SELATAN",PANCORAN,CIKOKO,"TPS BPK CIKOKO","TIPE 2","JL. LETJEN MT. HARYONO, RT. 4/RW. 2 CIKOKO, KEC. PANCORAN"
2025,"KOTA ADM. JAKARTA SELATAN",PANCORAN,RAWAJATI,"TPS POOL TAKSI BLUE BIRD","TIPE 2","JL. RAWAJATI"
2025,"KOTA ADM. JAKARTA SELATAN",PANCORAN,PENGADEGAN,"TPS LIA PENGADEGAN","TIPE 2","JL. PENGADEGAN TMR RAYA 3 CIKOKO PANCORAN RT. 3/RW. 7 PENGADEGAN KEC. PANCORAN "
2025,"KOTA ADM. JAKARTA SELATAN",PANCORAN,"DUREN TIGA","TPS MENDAGRI","TIPE 2","JL. RAYA KALIBATA NO. 8 RT. 11/RW. 7 DUREN TIGA KEC. PANCORAN "
2025,"KOTA ADM. JAKARTA SELATAN",PANCORAN,"DUREN TIGA","TPS PERGURUAN CIKINI","TIPE 4","JL. DUREN TIGA RAYA"
2025,"KOTA ADM. JAKARTA SELATAN","PASAR MINGGU","PEJATEN BARAT","TPS BRIMOB","TIPE 4","RW. 02 ASRAMA BRIMOB"
2025,"KOTA ADM. JAKARTA SELATAN","PASAR MINGGU","PEJATEN BARAT","TPS SIAGA","TPS 3R","JL. SIAGA RAYA RT. 012 RW. 04 PEJATEN BARAT"
2025,"KOTA ADM. JAKARTA SELATAN","PASAR MINGGU","PEJATEN BARAT","TPS BUNCIT INDAH","TIPE 2","PERUMAHAN BUNCIT INDAH"
2025,"KOTA ADM. JAKARTA SELATAN","PASAR MINGGU","PEJATEN TIMUR","TPS RW. 08 PEJATEN TIMUR","TIPE 4","RW. 08 PEJATEN TIMUR"
2025,"KOTA ADM. JAKARTA SELATAN","PASAR MINGGU","PEJATEN TIMUR","TPS RW. 06 KEMUNING","TIPE 4","RW. 06 KEMUNING"
2025,"KOTA ADM. JAKARTA SELATAN","PASAR MINGGU","PEJATEN TIMUR","TPS RW. 05","TIPE 4","JL. RUKUN UJUNG RW. 05"
2025,"KOTA ADM. JAKARTA SELATAN","PASAR MINGGU","PASAR MINGGU","TPS LP3I","TIPE 4","JL. RAYA PASAR MINGGU (JPO LP3I)"
2025,"KOTA ADM. JAKARTA SELATAN","PASAR MINGGU","PASAR MINGGU","TPS SARI SAKTI (EKS POLTANGAN)","TIPE 4","JL. RAYA PASAR MINGGU"
2025,"KOTA ADM. JAKARTA SELATAN","PASAR MINGGU","PASAR MINGGU","TPS LOKBIN TERMINAL PASAR BARU EKS BUNTU","TIPE 4","JL. RAYA PASAR MINGGU TERMINAL PASAR BARU (EKS BUNTU )"
2025,"KOTA ADM. JAKARTA SELATAN","PASAR MINGGU","PASAR MINGGU","TPS SENTIONG","TIPE 4","RW. 02 SENTIONG PASAR MINGGU"
2025,"KOTA ADM. JAKARTA SELATAN","PASAR MINGGU","JATI PADANG","TPS KEL. JATIPADANG","TIPE 4","KELURAHAN JATI PADANG"
2025,"KOTA ADM. JAKARTA SELATAN","PASAR MINGGU",RAGUNAN,"TPS RS. HEWAN","TIPE 4","JL. HARSONO RM NO. 28 RT. 9/RW. 4"
2025,"KOTA ADM. JAKARTA SELATAN","PASAR MINGGU",RAGUNAN,"TPS SACO","TIPE 4","JL. SACO RW. 08"
2025,"KOTA ADM. JAKARTA SELATAN","PASAR MINGGU","JATI PADANG","TPS JPO SMK 57","TIPE 4","JL. RAYA TAMAN MARGASATWA (JPO SMKN 57)"
2025,"KOTA ADM. JAKARTA SELATAN","PASAR MINGGU","CILANDAK TIMUR","TPS LPS JERUK PURUT","TIPE 4","JL. RAYA MADRASAH NO. 14 RT. 007/06 (JERUK PURUT)"
2025,"KOTA ADM. JAKARTA SELATAN","PASAR MINGGU",KEBAGUSAN,"TPS KOBER","TIPE 4","RW. 07 JL. KEBAGUSAN RAYA (KOBER)"
2025,"KOTA ADM. JAKARTA SELATAN","PASAR MINGGU","PASAR MINGGU","PD PASAR JAYA","TIPE 4","JL. RAYA PASAR MINGGU PD PASAR JAYA"
2025,"KOTA ADM. JAKARTA SELATAN",PESANGGRAHAN,PESANGGRAHAN,"TPS RT. 009 RW. 002 PESANGGRAHAN","TIPE 1","JL. BINTARO PUSPITA RAYA"
2025,"KOTA ADM. JAKARTA SELATAN",PESANGGRAHAN,PESANGGRAHAN,"TPS RW. 003 H. GARIE","TIPE 2","JL. H. GARIE"
2025,"KOTA ADM. JAKARTA SELATAN",PESANGGRAHAN,PESANGGRAHAN,"TPS PD. PASAR PESANGGRAHAN","TIPE 2","JL. PESANGGRAHAN RAYA"
2025,"KOTA ADM. JAKARTA SELATAN",PESANGGRAHAN,PESANGGRAHAN,"TPS DEPEN RW. 007","TIPE 4","JL. PESANGGRAHAN RAYA RW. 007"
2025,"KOTA ADM. JAKARTA SELATAN",PESANGGRAHAN,PESANGGRAHAN,"TPS RW. 001 PESANGGRAHAN","TIPE 4","JL. ULUJAMI RAYA"
2025,"KOTA ADM. JAKARTA SELATAN",PESANGGRAHAN,PESANGGRAHAN,"TPS PASAR LOKBIN PESANGGRAHAN","TIPE 2","JL. BINTARO PERMAI"
2025,"KOTA ADM. JAKARTA SELATAN",PESANGGRAHAN,PESANGGRAHAN,"TPS JL KESARADAN (SMA 108) PESANGGRAHAN","TIPE 2","JL. KESADARAN (SMA 108)"
2025,"KOTA ADM. JAKARTA SELATAN",PESANGGRAHAN,PESANGGRAHAN,"TPS RW. 005 KOMP. KODAM","TIPE 4","JL. PESANGGRAHAN RAYA"
2025,"KOTA ADM. JAKARTA SELATAN",PESANGGRAHAN,PESANGGRAHAN,"TPS RW. 008 PESANGGRAHAN","TIPE 4","JL. BINTARO PUSPITA RAYA PERUMAHAN BUMI BINTARO PERMAI"
2025,"KOTA ADM. JAKARTA SELATAN",PESANGGRAHAN,BINTARO,"TPS RW. 004 IKPN","TIPE 2","KOMP. IKPN"
2025,"KOTA ADM. JAKARTA SELATAN",PESANGGRAHAN,BINTARO,"TPS RW. 002 BINTARO","TIPE 4","JL. DEPSOS RAYA"
2025,"KOTA ADM. JAKARTA SELATAN",PESANGGRAHAN,BINTARO,"TPS RW. 010 BINTARO","TIPE 2","JL. MASJID AL-MUFLIHUN"
2025,"KOTA ADM. JAKARTA SELATAN",PESANGGRAHAN,BINTARO,"TPS DEPLU RW. 003","TIPE 4","JL. DEPLU"
2025,"KOTA ADM. JAKARTA SELATAN",PESANGGRAHAN,BINTARO,"TPS RENGAS RW. 011","TIPE 1","JL. RENGAS"
2025,"KOTA ADM. JAKARTA SELATAN",PESANGGRAHAN,BINTARO,"TPS RW. 08 BINTARO","TIPE 4","JL. GARUDA RT. 006 RW. 008"
2025,"KOTA ADM. JAKARTA SELATAN",PESANGGRAHAN,BINTARO,"TPS RT. 001 RW. 012 BINTARO","TIPE 3","JL. MADRASAH"
2025,"KOTA ADM. JAKARTA SELATAN",PESANGGRAHAN,ULUJAMI,"TPS KOMP. POLRI RW. 006","TIPE 2","KOMPLEK POLRI"
2025,"KOTA ADM. JAKARTA SELATAN",PESANGGRAHAN,ULUJAMI,"TPS RW. 003 ULUJAMI","TIPE 4","JL. H. ROHIMIN"
2025,"KOTA ADM. JAKARTA SELATAN",PESANGGRAHAN,ULUJAMI,"TPS PONPES DARUNAJAH RW. 004","TIPE 2","JL. ULUJAMI RAYA"
2025,"KOTA ADM. JAKARTA SELATAN",PESANGGRAHAN,ULUJAMI,"TPS RW. 004 ULUJAMI","TIPE 2","JL. PUSKESMAS DARUL NAJAH"
2025,"KOTA ADM. JAKARTA SELATAN",PESANGGRAHAN,ULUJAMI,"TPS RW. 007 ULUJAMI","TIPE 4","JL. INSPEKSI"
2025,"KOTA ADM. JAKARTA SELATAN",PESANGGRAHAN,"PETUKANGAN SELATAN","TPS KKN","TIPE 1","JL. KEMAJUAN RW. 06"
2025,"KOTA ADM. JAKARTA SELATAN",PESANGGRAHAN,"PETUKANGAN SELATAN","TPS RW. 008 PETUKANGAN SELATAN","TIPE 4","JL. PESANGGRAHAN MAS (KOMP. BUMI PESANGGRAHAN MAS)"
2025,"KOTA ADM. JAKARTA SELATAN",PESANGGRAHAN,"PETUKANGAN SELATAN","TPS GATEWAY","TIPE 4","JL. CILEDUG RAYA"
2025,"KOTA ADM. JAKARTA SELATAN",PESANGGRAHAN,"PETUKANGAN UTARA","TPS RW. 007 PETUKANGAN UTARA","TIPE 4","JL. TAMAN ALFA INDAH (KOMP. ALFA)"
2025,"KOTA ADM. JAKARTA SELATAN",PESANGGRAHAN,"PETUKANGAN UTARA","TPS RW. 010 PETUKANGAN UTARA","TIPE 4","JL. MASJID"
2025,"KOTA ADM. JAKARTA SELATAN",PESANGGRAHAN,"PETUKANGAN UTARA","TPS RW. 001 PETUKANGAN UTARA","TIPE 4","JL. AMD (SMA 63)"
2025,"KOTA ADM. JAKARTA SELATAN",PESANGGRAHAN,"PETUKANGAN UTARA","TPS PASAR ALFA PETUKANGAN UTARA","TIPE 2","JL. TAMAN ALFA INDAH"
2025,"KOTA ADM. JAKARTA SELATAN",SETIABUDI,"MENTENG ATAS","TPS MENTENG ATAS","TIPE 1","JL. MENTENG ATAS BARAT RT. 16 RW. 05 KEL. MENTENG ATAS"
2025,"KOTA ADM. JAKARTA SELATAN",SETIABUDI,"PASAR MANGGIS","TPS KOTA GEDANG","TIPE 4","JL. KOTA GEDANG RW. 01 KEL. PS MANGGIS"
2025,"KOTA ADM. JAKARTA SELATAN",SETIABUDI,"SETIA BUDI","TPS RW. 02 SETIABUDI","TIPE 4","JL. SETIABUDI SELATAN RW. 02 KEL. SETIABUDI"
2025,"KOTA ADM. JAKARTA SELATAN",SETIABUDI,KARET,"TPS RW. 05 KARET","TIPE 4","JL. KARET KARYA RW. 05 KEL. KARET"
2025,"KOTA ADM. JAKARTA SELATAN",SETIABUDI,"PASAR MANGGIS","TPS KAWI","TIPE 4","JL. KAWI RW. 06 KEL. PS. MANGGIS"
2025,"KOTA ADM. JAKARTA SELATAN",SETIABUDI,"PASAR MANGGIS","TPS PD PASAR JAYA PASAR RUMPUT","TIPE 2","JL. SULTAN AGUNG KEL. MENTENG ATAS"
2025,"KOTA ADM. JAKARTA SELATAN",SETIABUDI,KARET,"TPS PD PASAR JAYA PASAR MENCOS","TIPE 2","JL. KARET BELAKANG BARAT NO. 2 RT. 11 RW. 02 KEL. KARET"
2025,"KOTA ADM. JAKARTA SELATAN",SETIABUDI,"MENTENG ATAS","TPS PD PASAR JAYA PASAR MENTENG PULO","TIPE 2","JL. MENTENG PULO RAYA RT. 13 RW. 08 KEL. MENTENG ATAS"
2025,"KOTA ADM. JAKARTA SELATAN",SETIABUDI,"PASAR MANGGIS","TPS PD PASAR JAYA PASAR MANGGIS","TIPE 2","JL. GUNTUR RT. 13 RW. 05 KEL. PASAR MANGGIS"
2025,"KOTA ADM. JAKARTA SELATAN",SETIABUDI,"KARET SEMANGGI","TPS PD PASAR JAYA PASAR KARET SAWAH","TIPE 2","JL. KARET BELAKANG BARAT RT. 03 RW. 03 KEL. KARET KUNINGAN"
2025,"KOTA ADM. JAKARTA SELATAN",SETIABUDI,"KARET SEMANGGI","TPS RW. 04 KARET SEMANGGI","TIPE 2","JL.KARET SAWAH RT. 05 RW. 04 KEL. KARET SEMANGGI"
2025,"KOTA ADM. JAKARTA SELATAN",SETIABUDI,"KUNINGAN TIMUR","TPS RW. 04 KUNINGAN TIMUR","TIPE 2","JL. CASABLANCA PEMAKAMAN MENTENG PULO RW. 04 KEL. KUNINGAN TIMUR"
2025,"KOTA ADM. JAKARTA SELATAN",TEBET,"TEBET BARAT","TPS TEBET BARAT","TIPE 1","JL. TEBET BARAT RAYA"
2025,"KOTA ADM. JAKARTA SELATAN",TEBET,"KEBON BARU","TPS CILIWUNG","TIPE 4","JL. ASEM BARIS RAYA"
2025,"KOTA ADM. JAKARTA SELATAN",TEBET,"BUKIT DURI","TPS PASAR BUKIT DURI","TIPE 4","JL. BUKIT DURI BARAT RT. 008 RW. 01"
2025,"KOTA ADM. JAKARTA SELATAN",TEBET,MANGGARAI,"TPS MANGGARAI","TIPE 4","JL. MANGGARAI UTARA"
2025,"KOTA ADM. JAKARTA SELATAN",TEBET,"BUKIT DURI","TPS RW. 12 BUKIT DURI","TIPE 4","JL. KAMPUNG MELAYU KECIL"
2025,"KOTA ADM. JAKARTA SELATAN",TEBET,MANGGARAI,"TPS RW. 05 & 08 MANGGARAI","TIPE 4","JL. MANGGARAI UTARA"
2025,"KOTA ADM. JAKARTA SELATAN",TEBET,"BUKIT DURI","TPS RW. 12 BUKIT DURI","TIPE 2","JL. KAMPUNG MELAYU KECIL"
2025,"KOTA ADM. JAKARTA SELATAN",TEBET,"KEBON BARU","TPS RW. 01 KEBON BARU","TIPE 2","RW. 01 KEBON BARU"
2025,"KOTA ADM. JAKARTA SELATAN",TEBET,"TEBET TIMUR","TPS PASAR TEBET TIMUR","TIPE 2","JL. TEBET TIMUR DALAM RAYA RT. 005 RW. 05"
2025,"KOTA ADM. JAKARTA SELATAN",TEBET,"TEBET BARAT","TPS PASAR TEBET BARAT","TIPE 2","JL. TEBET BARAT DALAM RAYA RT. 002 RW. 05"
2025,"KOTA ADM. JAKARTA SELATAN","MAMPANG PRAPATAN",BANGKA,"TPS RT 10 RW 2 DUSTBIN BANGKA - BANGKA","TIPE 3","JL. KEMANG SELATAN X NO.2, RT.3/RW.2"
2025,"KOTA ADM. JAKARTA SELATAN",PESANGGRAHAN,BINTARO,"DOOR TO DOOR RT 1 RW 12","TIPE 4 ","JL. MADRASAH NO.10, RT.1/RW.12"
2025,"KOTA ADM. JAKARTA SELATAN",PESANGGRAHAN,BINTARO,"DOOR TO DOOR RW 15 BINTARO (MODEL AREA JRC)","TIPE 4 ","JL.SAILIN 1 RT 01 / 07 NO. 46"
2025,"KOTA ADM. JAKARTA SELATAN",PESANGGRAHAN,BINTARO,"DOOR TO DOOR RW 16 BINTARO (MODEL AREA JRC)","TIPE 4 ","JL. YRS III BLOK C2 NO.B9, RT.11/RW.6"
2025,"KOTA ADM. JAKARTA SELATAN",TEBET,"BUKIT DURI","POLL GEROBAK JALAN INSPEKSI CILIWUNG - BUKIT DURI","TIPE 4 ","JL. BUKIT DURI TANJAKAN, RT.7/RW.12, BUKIT DURI"
2025,"KOTA ADM. JAKARTA SELATAN",CILANDAK,"CIPETE SELATAN","TPS ANTASARI (LINTAS)","TIPE 4","JL. PANGERAN ANTASARI, RT.4/RW.11, CIPETE UTARA, KEC. KBY. BARU"
2025,"KOTA ADM. JAKARTA SELATAN",CILANDAK,"CIPETE SELATAN","DOOR TO DOOR RW 07 CIPETE SELATAN (JL. PELITA)","TIPE 4","JL. PELITA NO.250 5, RT.5/RW.7, CIPETE UTARA"
2025,"KOTA ADM. JAKARTA TIMUR",CAKUNG,PENGGILINGAN,"TPS PENGGILINGAN RW. 9 RT. 1","TIPE 1","PERUM ANEKA ELOK RW. 09"
2025,"KOTA ADM. JAKARTA TIMUR",CAKUNG,"UJUNG MENTENG","TPS RW. 05","TIPE 4","JL. RAWA KUNING"
2025,"KOTA ADM. JAKARTA TIMUR",CAKUNG,"CAKUNG BARAT","TPS RW. 003","TIPE 4","JL. SISI TOL"
2025,"KOTA ADM. JAKARTA TIMUR",CAKUNG,"CAKUNG BARAT","TPS RUSUN ALBO","TIPE 4","RUSUN ALBO"
2025,"KOTA ADM. JAKARTA TIMUR",CAKUNG,"CAKUNG BARAT","TPS RUSUN TIPAR","TIPE 4","RUSUN TIPAR"
2025,"KOTA ADM. JAKARTA TIMUR",CAKUNG,"CAKUNG BARAT","TPS RUSUN KM2","TIPE 4","RUSUN KM2"
2025,"KOTA ADM. JAKARTA TIMUR",CAKUNG,"CAKUNG BARAT","TPS PALAD","TIPE 4","JL. RAYA BEKASI KOMP. PALAD"
2025,"KOTA ADM. JAKARTA TIMUR",CAKUNG,"RAWA TERATE","TPS RT. 14","TIPE 4","JL. RADJIMAN RW. 004"
2025,"KOTA ADM. JAKARTA TIMUR",CAKUNG,"RAWA TERATE","TPS INDOMARET","TIPE 4","JL. RADJIMAN RW. 006"
2025,"KOTA ADM. JAKARTA TIMUR",CAKUNG,"RAWA TERATE","TPS RT. 006","TIPE 4","JL. RADJIMAN RW. 006"
2025,"KOTA ADM. JAKARTA TIMUR",CAKUNG,"RAWA TERATE","TPS RT. 002","TIPE 4","JL. RADJIMAN RW. 006"
2025,"KOTA ADM. JAKARTA TIMUR",CAKUNG,"RAWA TERATE","TPS RT. 009","TIPE 4","JL. RADJIMAN RW. 006"
2025,"KOTA ADM. JAKARTA TIMUR",CAKUNG,"RAWA TERATE","TPS RT. 001","TIPE 4","JL. RADJIMAN RW. 004"
2025,"KOTA ADM. JAKARTA TIMUR",CAKUNG,"RAWA TERATE","TPS RT. 11","TIPE 4","JL. RADJIMAN RW. 004"
2025,"KOTA ADM. JAKARTA TIMUR",CAKUNG,"RAWA TERATE","TPS RT. 005","TIPE 4","JL. RADJIMAN RW. 006"
2025,"KOTA ADM. JAKARTA TIMUR",CAKUNG,"RAWA TERATE","TPS DAMRI","TIPE 4","JL. RADJIMAN RW. 006"
2025,"KOTA ADM. JAKARTA TIMUR",CAKUNG,"RAWA TERATE","TPS RT. 010","TIPE 4","JL. RADJIMAN RW. 004"
2025,"KOTA ADM. JAKARTA TIMUR",CAKUNG,"RAWA TERATE","TPS RT. 014","TIPE 4","JL. RADJIMAN RW. 004"
2025,"KOTA ADM. JAKARTA TIMUR",CAKUNG,"RAWA TERATE","TPS RT. 10","TIPE 4","JL. RADJIMAN RW. 004"
2025,"KOTA ADM. JAKARTA TIMUR",CAKUNG,"RAWA TERATE","TPS RT. 09","TIPE 4","JL. RADJIMAN RW. 006"
2025,"KOTA ADM. JAKARTA TIMUR",CAKUNG,PENGGILINGAN,"TPS RW. 008","TIPE 4","JL. RAYA PENGIILINGAN"
2025,"KOTA ADM. JAKARTA TIMUR",CAKUNG,PENGGILINGAN,"TPS RUSUN PINUS BLOK A","TIPE 4","RUSUN PINUS BLOK A"
2025,"KOTA ADM. JAKARTA TIMUR",CAKUNG,PENGGILINGAN,"TPS RUSUN PINUS BLOK B","TIPE 4","RUSUN PINUS BLOK B"
2025,"KOTA ADM. JAKARTA TIMUR",CAKUNG,PENGGILINGAN,"TPS RUSUN PINUS BLOK D","TIPE 4","RUSUN PINUS BLOK B"
2025,"KOTA ADM. JAKARTA TIMUR",CAKUNG,PENGGILINGAN,"TPS RUSUN PINUS BLOK E","TIPE 4","RUSUN PINUS BLOK B"
2025,"KOTA ADM. JAKARTA TIMUR",CAKUNG,PENGGILINGAN,"TPS RUSUN KOMARUDIN","TIPE 4","RUSUN P KOMARUDIN"
2025,"KOTA ADM. JAKARTA TIMUR",CAKUNG,PENGGILINGAN,"TPS TIKUNGAN","TIPE 4","JL. RAYA SOEMARNO"
2025,"KOTA ADM. JAKARTA TIMUR",CAKUNG,"CAKUNG TIMUR","TPS RW. 08","TIPE 4","RW. 008"
2025,"KOTA ADM. JAKARTA TIMUR",CAKUNG,"CAKUNG TIMUR","TPS RW. 07","TIPE 4","RW. 07"
2025,"KOTA ADM. JAKARTA TIMUR",CAKUNG,JATINEGARA,"TPS GARDU","TIPE 4","BAK GARDU"
2025,"KOTA ADM. JAKARTA TIMUR",CAKUNG,JATINEGARA,"TPS ARION","TIPE 4",ARION
2025,"KOTA ADM. JAKARTA TIMUR",CAKUNG,"PULO GEBANG","TPS PTUN","TIPE 4","JL. SAWO KECIK RT. 11 RW. 08"
2025,"KOTA ADM. JAKARTA TIMUR",CAKUNG,"PULO GEBANG","TPS PLN","TIPE 4","JL. SAWO KECIK RW. 08"
2025,"KOTA ADM. JAKARTA TIMUR",CAKUNG,"PULO GEBANG","TPS MERAH","TIPE 4","JL. SOEMARNO"
2025,"KOTA ADM. JAKARTA TIMUR",CAKUNG,"UJUNG MENTENG","TPS RW. 04","TIPE 1","PERUM PERTAMINA"
2025,"KOTA ADM. JAKARTA TIMUR",CAKUNG,PENGGILINGAN,"TPS PIK 2","TPS 3R","PIK 2 PENGIILINGAN"
2025,"KOTA ADM. JAKARTA TIMUR",CAKUNG,PENGGILINGAN,"TPS PIK 1","TIPE 1","JL. KALI BUARAN"
2025,"KOTA ADM. JAKARTA TIMUR",CAKUNG,"PULO GEBANG","TPS PERMAI","TIPE 4","JL. PULAU SANGIYANG"
2025,"KOTA ADM. JAKARTA TIMUR",CAKUNG,"CAKUNG BARAT","TPS PASAR","TIPE 4","JL. RAYA BEKASI"
2025,"KOTA ADM. JAKARTA TIMUR",CAKUNG,"PULO GEBANG","TPS WALIKOTA","TIPE 3",WALIKOTA
2025,"KOTA ADM. JAKARTA TIMUR",CAKUNG,"UJUNG MENTENG","TPS PERUM TAMAN MODERN","TIPE 2","PERUM TAMAN MODERN"
2025,"KOTA ADM. JAKARTA TIMUR",CAKUNG,"UJUNG MENTENG","TPS DISHUB","TIPE 2","JL. RAYA BEKASI"
2025,"KOTA ADM. JAKARTA TIMUR",CAKUNG,"CAKUNG BARAT","TPS RW. 04","TIPE 2","JL. CACING"
2025,"KOTA ADM. JAKARTA TIMUR",CAKUNG,"CAKUNG BARAT","TPS RW. 07","TIPE 2","JL. INSPEKSI KALIMALANG"
2025,"KOTA ADM. JAKARTA TIMUR",CAKUNG,"RAWA TERATE","TPS RW. 01,02,03","TIPE 2","JL. RAWA BALI 1 RW. 01"
2025,"KOTA ADM. JAKARTA TIMUR",CAKUNG,PENGGILINGAN,"TPS RASAMALA","TIPE 2","JL. RASAMALA"
2025,"KOTA ADM. JAKARTA TIMUR",CAKUNG,PENGGILINGAN,"TPS RUSUN PINUS BLOK C","TIPE 2","RUSUN PINUS BLOK C"
2025,"KOTA ADM. JAKARTA TIMUR",CAKUNG,PENGGILINGAN,"TPS RW. 18","TIPE 2","JL. BULAVAR"
2025,"KOTA ADM. JAKARTA TIMUR",CAKUNG,PENGGILINGAN,"TPS KANTOR PENGADILAN MILITER","TIPE 3","JL. SOEMARNO"
2025,"KOTA ADM. JAKARTA TIMUR",CAKUNG,"CAKUNG TIMUR","TPS RW. 02","TIPE 2","RW. 02"
2025,"KOTA ADM. JAKARTA TIMUR",CAKUNG,"CAKUNG TIMUR","TPS PERUM JGC","TIPE 2","PERUM JGC"
2025,"KOTA ADM. JAKARTA TIMUR",CAKUNG,"CAKUNG TIMUR","TPS RW. 06","TIPE 2","RW. 06"
2025,"KOTA ADM. JAKARTA TIMUR",CAKUNG,"CAKUNG TIMUR","TPS RW. 11","TIPE 2","RW. 11"
2025,"KOTA ADM. JAKARTA TIMUR",CAKUNG,JATINEGARA,"TPS PASAR SS","TIPE 2","PASAR SS"
2025,"KOTA ADM. JAKARTA TIMUR",CAKUNG,JATINEGARA,"TPS PASAR PULOJAHE","TIPE 2","PASAR PULOJAHE"
2025,"KOTA ADM. JAKARTA TIMUR",CAKUNG,JATINEGARA,"TPS RUSUN PULOJAHE","TIPE 2","RUSUN PULOJAHE"
2025,"KOTA ADM. JAKARTA TIMUR",CAKUNG,JATINEGARA,"TPS RW. 06","TIPE 2","RW. 06"
2025,"KOTA ADM. JAKARTA TIMUR",CAKUNG,"PULO GEBANG","TPS RUSUN PULOGEBANG","TIPE 2","RUSUN PULOGEBANG"
2025,"KOTA ADM. JAKARTA TIMUR",CAKUNG,"PULO GEBANG","TPS RUSUN RAWA BEBEK","TIPE 2","RUSUN RAWA BEBEK"
2025,"KOTA ADM. JAKARTA TIMUR",CAKUNG,"PULO GEBANG","TPS ERAMAS 2000","TIPE 2","JL. KOMPLEK ERAMAS 2000"
2025,"KOTA ADM. JAKARTA TIMUR",CAKUNG,"UJUNG MENTENG","TPS KECAMATAN CAKUNG","TPS 3R",BKT
2025,"KOTA ADM. JAKARTA TIMUR",CIPAYUNG,SETU,"TPS RT. 04 RW. 05 NO. 95","TIPE 4","JL. H. KARIM RT. 04 RW. 05"
2025,"KOTA ADM. JAKARTA TIMUR",CIPAYUNG,SETU,"TPS RT 04 RW 05 NO. 65","TIPE 4","JL. H. KARIM RT. 04 RW. 05"
2025,"KOTA ADM. JAKARTA TIMUR",CIPAYUNG,CIPAYUNG,"TPS PBSI","TIPE 4","JL. PBSI"
2025,"KOTA ADM. JAKARTA TIMUR",CIPAYUNG,SETU,"TPS RT. 05 RW. 05","TIPE 4","JL. H. KARIM RT. 05 RW. 05"
2025,"KOTA ADM. JAKARTA TIMUR",CIPAYUNG,"BAMBU APUS","TPS RW. 03","TIPE 4","JL. MINI III A RW. 03"
2025,"KOTA ADM. JAKARTA TIMUR",CIPAYUNG,"BAMBU APUS","TPS MADU INDAH","TIPE 4","JL. MADU INDAH RT. 02 RW. 03"
2025,"KOTA ADM. JAKARTA TIMUR",CIPAYUNG,MUNJUL,"TPS BUNI","TIPE 4","ASRAMA POLRI BUNI RT. 08 RW. 08"
2025,"KOTA ADM. JAKARTA TIMUR",CIPAYUNG,"LUBANG BUAYA","TPS KRAMAT 1","TIPE 4","JL. KRAMAT 1 RW. 10"
2025,"KOTA ADM. JAKARTA TIMUR",CIPAYUNG,CEGER,"TPS PANTI SOSIAL BINA INSANI","TIPE 4","JL. BINA MARGA"
2025,"KOTA ADM. JAKARTA TIMUR",CIPAYUNG,CEGER,"TPS PANTI PSAA","TIPE 4","JL. BINA MARGA"
2025,"KOTA ADM. JAKARTA TIMUR",CIPAYUNG,CEGER,"TPS RW. 03","TIPE 4","JL. RAYA CEGER RT. 03 RW. 03"
2025,"KOTA ADM. JAKARTA TIMUR",CIPAYUNG,CILANGKAP,"TPS MABES AL","TIPE 3","KOMPLEK MABES AL"
2025,"KOTA ADM. JAKARTA TIMUR",CIPAYUNG,"LUBANG BUAYA","TPS SANTO MARKUS","TIPE 3","JL. SANTO MARKUS RW. 12"
2025,"KOTA ADM. JAKARTA TIMUR",CIPAYUNG,CILANGKAP,BPOM,"TIPE 2","JL. ASSYAFIYAH"
2025,"KOTA ADM. JAKARTA TIMUR",KRAMATJATI,TENGAH,"TPS KOMPLEK PASPAMPRES","TIPE 2","KOMPLEK PASPAMPRES"
2025,"KOTA ADM. JAKARTA TIMUR",KRAMATJATI,TENGAH,"TPS KARYA","TIPE 2","JL. KARYA"
2025,"KOTA ADM. JAKARTA TIMUR",MAKASAR,"CIPINANG MELAYU","TPS RW. 06 KODAM","TIPE 3","JL. SEULAWAH RAYA"
2025,"KOTA ADM. JAKARTA TIMUR",MAKASAR,"CIPINANG MELAYU","TPS RW. 04","TIPE 4","JL. INPEKSI TARUM BARAT"
2025,"KOTA ADM. JAKARTA TIMUR",MAKASAR,"CIPINANG MELAYU","TPS RW. 11","TIPE 4","JL. INPEKSI TARUM BARAT"
2025,"KOTA ADM. JAKARTA TIMUR",MAKASAR,"CIPINANG MELAYU","TPS RW. 12","TIPE 4","JL. HARAPAN INDAH"
2025,"KOTA ADM. JAKARTA TIMUR",MAKASAR,"CIPINANG MELAYU","TPS RW. 13","TIPE 4","JL. PANGKALAN JATI I"
2025,"KOTA ADM. JAKARTA TIMUR",MAKASAR,"CIPINANG MELAYU","TPS RW. 02","TIPE 4","JL. INPEKSI TARUM BARAT"
2025,"KOTA ADM. JAKARTA TIMUR",MAKASAR,"CIPINANG MELAYU","TPS RW. 01","TIPE 4","JL. TARUNA"
2025,"KOTA ADM. JAKARTA TIMUR",MAKASAR,"CIPINANG MELAYU","TPS RW. 09","TIPE 2","JL. PANGKALAN JATI VII"
2025,"KOTA ADM. JAKARTA TIMUR",MAKASAR,"CIPINANG MELAYU","TPS RW. 04 BOROBUDUR","TIPE 2","JL. PANGERAN"
2025,"KOTA ADM. JAKARTA TIMUR",MAKASAR,"CIPINANG MELAYU","TPS RW. 03","TIPE 2","JL. AL MUQOROBIN"
2025,"KOTA ADM. JAKARTA TIMUR",MAKASAR,"HALIM PERDANA KUSUMA","TPS RW. 1","TIPE 4","JL. WERKUDORO"
2025,"KOTA ADM. JAKARTA TIMUR",MAKASAR,"HALIM PERDANA KUSUMA","TPS RW. 14","TIPE 4","JL. KAYATUN"
2025,"KOTA ADM. JAKARTA TIMUR",MAKASAR,"HALIM PERDANA KUSUMA","TPS RW. 12 RAJAWALI","TIPE 2","JL. SIAGA 4"
2025,"KOTA ADM. JAKARTA TIMUR",MAKASAR,"HALIM PERDANA KUSUMA","TPS RW. 11 RAJAWALI","TIPE 4","JL. RAJAWALI BARU"
2025,"KOTA ADM. JAKARTA TIMUR",MAKASAR,"HALIM PERDANA KUSUMA","TPS RW. 010 HALIM PK (PRINGGONDANI)","TIPE 4","JL. RAYA HALIM"
2025,"KOTA ADM. JAKARTA TIMUR",MAKASAR,"HALIM PERDANA KUSUMA","TPS RW. 010 HALIM PK (RSAU)","TIPE 2","JL. JATAYU"
2025,"KOTA ADM. JAKARTA TIMUR",MAKASAR,"HALIM PERDANA KUSUMA","TPS RW. 009 HALIM PK (GRIYA ARDYAGARINI)","TIPE 4","JL. JATAYU"
2025,"KOTA ADM. JAKARTA TIMUR",MAKASAR,"HALIM PERDANA KUSUMA","TPS RW. 009 HALIM PK (STTD)","TIPE 2","JL. RAYA HALIM"
2025,"KOTA ADM. JAKARTA TIMUR",MAKASAR,"HALIM PERDANA KUSUMA","TPS RW. 04","TIPE 2","JL. SQUADRON"
2025,"KOTA ADM. JAKARTA TIMUR",MAKASAR,"HALIM PERDANA KUSUMA","TPS HALIM PERDANA KUSUMA RW. 3 RT. 19","TIPE 1","JL. BIMA RT. 19 RW. 03"
2025,"KOTA ADM. JAKARTA TIMUR",MAKASAR,"HALIM PERDANA KUSUMA","TPS RW. 03 KUKILA","TIPE 1","JL. KUKILA RAYA"
2025,"KOTA ADM. JAKARTA TIMUR",MAKASAR,"HALIM PERDANA KUSUMA","TPS RW. 003 (GEDUNG GARDA)","TIPE 2","JL. RAYA PONDOK GEDE"
2025,"KOTA ADM. JAKARTA TIMUR",MAKASAR,"HALIM PERDANA KUSUMA","TPS RW. 002 HALIM PK (LAKESGILUT)","TIPE 2","JL. RAYA PONDOK GEDE RT. 9 RW. 1"
2025,"KOTA ADM. JAKARTA TIMUR",MAKASAR,"KEBON PALA","TPS RW. 01.10 KAMBOJA","TIPE 4","JL. KAMBOJA"
2025,"KOTA ADM. JAKARTA TIMUR",MAKASAR,"KEBON PALA","TPS RW. 04","TIPE 4","JL. SD INPRES"
2025,"KOTA ADM. JAKARTA TIMUR",MAKASAR,"KEBON PALA","TPS RW. 07","TIPE 4","JL. MAYJEN SUTOYO"
2025,"KOTA ADM. JAKARTA TIMUR",MAKASAR,"KEBON PALA","TPS RW. 08","TIPE 4","JL. HALIM PERDANA KUSUMAH"
2025,"KOTA ADM. JAKARTA TIMUR",MAKASAR,"KEBON PALA","TPS RW. 08 (HOTEL TIRTA)","TIPE 3","JL. RAYA HALIM PK"
2025,"KOTA ADM. JAKARTA TIMUR",MAKASAR,"KEBON PALA","TPS RW. 012 KEBON PALA","TIPE 4","JL. PERMATA"
2025,"KOTA ADM. JAKARTA TIMUR",MAKASAR,"KEBON PALA","TPS RW. 03 SDI","TIPE 4","JL. UDAYANA"
2025,"KOTA ADM. JAKARTA TIMUR",MAKASAR,"KEBON PALA","TPS RW. 03 JEMBATAN","TIPE 4","JL. UDAYANA"
2025,"KOTA ADM. JAKARTA TIMUR",MAKASAR,"KEBON PALA","TPS RW. 03 KEBON PALA PINGGIR KALI","TIPE 4","GG. SILUMAN"
2025,"KOTA ADM. JAKARTA TIMUR",MAKASAR,"KEBON PALA","TPS RW 05","TIPE 4","JL. USMAN HARUN"
2025,"KOTA ADM. JAKARTA TIMUR",MAKASAR,"KEBON PALA","TPS RW. 05","TIPE 4","JL. PERMATA"
2025,"KOTA ADM. JAKARTA TIMUR",MAKASAR,"KEBON PALA","TPS RW. 05 RT. 01","TIPE 4","JL. USMAN HARUN"
2025,"KOTA ADM. JAKARTA TIMUR",MAKASAR,"KEBON PALA","TPS RW. 05 (KANTOR BKKBN)","TIPE 4","JL. HALIM PERDANA KUSUMA"
2025,"KOTA ADM. JAKARTA TIMUR",MAKASAR,"KEBON PALA","TPS RW. 05 ( PT. TRANSJAKARTA)","TIPE 4","JL. PERMATA"
2025,"KOTA ADM. JAKARTA TIMUR",MAKASAR,"KEBON PALA","TPS RW. 06 KEBON PALA (KEMHAN)","TIPE 4","JL. DI PANJAITAN"
2025,"KOTA ADM. JAKARTA TIMUR",MAKASAR,"KEBON PALA","TPS RW. 06 (KEMENTRIAN PU)","TIPE 4","JL. CILILITAN RW. 01 KEBON PALA"
2025,"KOTA ADM. JAKARTA TIMUR",MAKASAR,"KEBON PALA","TPS RW. 06 (LAHAN YONGKI)","TIPE 2","JL. DI PANJAITAN"
2025,"KOTA ADM. JAKARTA TIMUR",MAKASAR,"KEBON PALA","TPS RW. 06 (KANTOR PAB PERUM JASA TIRTA II)","TIPE 4","JL. INSPEKSI TARUM BARAT RW. 06 KEBON PALA"
2025,"KOTA ADM. JAKARTA TIMUR",MAKASAR,"KEBON PALA","TPS RW. 06 KEBON PALA (HOTEL 678)","TIPE 2","JL. MAYJEND SUTOYO"
2025,"KOTA ADM. JAKARTA TIMUR",MAKASAR,MAKASAR,"TPS RW. 02 PASAR EMBRIO","TIPE 4","JL. KERJA BAKTI"
2025,"KOTA ADM. JAKARTA TIMUR",MAKASAR,MAKASAR,"TPS RW. 04 PPSU","TIPE 4","JL. WIJAYA KUSUMA"
2025,"KOTA ADM. JAKARTA TIMUR",MAKASAR,PINANGRANTI,"TPS KARIMATA","TIPE 3","JL. RAYA TAMAN MINI 1"
2025,"KOTA ADM. JAKARTA TIMUR",MAKASAR,PINANGRANTI,"TPS RW. 01 ASRAMA HAJI","TIPE 1","JL. RAYA PONDOK GEDE"
2025,"KOTA ADM. JAKARTA TIMUR",MAKASAR,PINANGRANTI,"TPS RW. 02 JASAMARGA","TIPE 1","JL. RAYA TMII"
2025,"KOTA ADM. JAKARTA TIMUR",MAKASAR,PINANGRANTI,"TPS RW. 02 RTM","TIPE 1","JL. ASEM NIRBAYA"
2025,"KOTA ADM. JAKARTA TIMUR",MAKASAR,PINANGRANTI,"TPS RW. 05","TIPE 2","JL. AL FALAH"
2025,"KOTA ADM. JAKARTA TIMUR",MAKASAR,PINANGRANTI,"TPS RW. 04","TIPE 2","GG. MELATI"
2025,"KOTA ADM. JAKARTA TIMUR",MAKASAR,PINANGRANTI,"TPS RW. 01","TIPE 2","JL. PINANG RANTI BARAT"
2025,"KOTA ADM. JAKARTA TIMUR",MAKASAR,PINANGRANTI,"TPS RW. 02 GEDUNG PEWAYANGAN","TIPE 2","JL. PINTU I TMII"
2025,"KOTA ADM. JAKARTA TIMUR",MAKASAR,PINANGRANTI,"TPS RW. 03 PADEPOKAN PENCAK SILAT","TIPE 2","JL. RAYA TMII"
2025,"KOTA ADM. JAKARTA TIMUR",MAKASAR,PINANGRANTI,"TPS RW. 03 MASJID AT-TIN","TIPE 2","JL. RAYA TMII"
2025,"KOTA ADM. JAKARTA TIMUR",MATRAMAN,"UTAN KAYU SELATAN","TPS RW. 04/05 ASEM GEDE","TIPE 4","JL. ASEM GEDE I"
2025,"KOTA ADM. JAKARTA TIMUR",MATRAMAN,"KEBON MANGGIS","TPS RT. 23/03 BERLAN","TIPE 4","JL. BERLAN RT. 23/03"
2025,"KOTA ADM. JAKARTA TIMUR",MATRAMAN,"KEBON MANGGIS","TPS RT. 28/03 BERLAN","TIPE 4","JL. KESATRIAN IV"
2025,"KOTA ADM. JAKARTA TIMUR",MATRAMAN,"KEBON MANGGIS","TPS RT. 22/03 BERLAN","TIPE 4","JL. KESATRIAN V"
2025,"KOTA ADM. JAKARTA TIMUR",MATRAMAN,"KEBON MANGGIS","TPS RT. 15/03 BERLAN","TIPE 4","JL. KESATRIAN V D BERLAN"
2025,"KOTA ADM. JAKARTA TIMUR",MATRAMAN,"KEBON MANGGIS","TPS RT. 19/20 RW. 03","TIPE 4","JL. KESATRIAN V D"
2025,"KOTA ADM. JAKARTA TIMUR",MATRAMAN,"KEBON MANGGIS","TPS RT. 25/03 BERLAN","TIPE 4","JL. KESATRIAN 8 RT. 25/03 BERLAN"
2025,"KOTA ADM. JAKARTA TIMUR",JATINEGARA,"CIPINANG BESAR UTARA","POOL GEROBAK RW 09 - CIPINANG BESAR UTARA","TIPE 4","JL. BEKASI TIM. RAYA, RT.8/RW.9, CIPINANG BESAR UTARA"
2025,"KOTA ADM. JAKARTA TIMUR",JATINEGARA,"CIPINANG CEMPEDAK","CAWANG KAVLING","TIPE 1","HARPER MT HARYONO, CAWANG, JL. LETJEN M.T. HARYONO NO.6-7"
2025,"KOTA ADM. JAKARTA TIMUR",JATINEGARA,"CIPINANG CEMPEDAK","TPS RW 2 RT 1, 2, 16 CIPINANG CIPEDAK","TIPE 3","YAYASAN PENDIDIKAN ISLAM AL BAHRIYAH CIPINANG CEMPEDAK, 9, RT.9/RW.2, CIPINANG CEMPEDAK, KECAMATAN JATINEGARA, KOTA JAKARTA TIMUR, DAERAH KHUSUS IBUKOTA JAKARTA 13340"
2025,"KOTA ADM. JAKARTA TIMUR",JATINEGARA,"CIPINANG CEMPEDAK","TPS RW 2 RT 8, 9, 10, 11, 12, 13, 17 CIPINANG CIPEDAK","TIPE 3","YAYASAN PENDIDIKAN ISLAM AL BAHRIYAH CIPINANG CEMPEDAK, 9, RT.9/RW.2, CIPINANG CEMPEDAK, KECAMATAN JATINEGARA, KOTA JAKARTA TIMUR, DAERAH KHUSUS IBUKOTA JAKARTA 13340"
2025,"KOTA ADM. JAKARTA TIMUR",JATINEGARA,"CIPINANG CEMPEDAK","TPS RW 4 RT 14, 15 CIPINANG CIPEDAK","TIPE 3","JL. CIPINANG CEMPEDAK I, RT.13/RW.3, CIPINANG CEMPEDAK"
2025,"KOTA ADM. JAKARTA TIMUR",JATINEGARA,"CIPINANG CEMPEDAK","TPS RW 6 RT 1, 2, 6, 13 CIPINANG CIPEDAK","TIPE 3","JL. CIPINANG CEMPEDAK II NO.16 11, RT.11/RW.6, CIPINANG CEMPEDAK"
2025,"KOTA ADM. JAKARTA TIMUR",JATINEGARA,"CIPINANG CEMPEDAK","TPS RW 6 RT 10, 14 CIPINANG CIPEDAK","TIPE 3","JL. CIPINANG CEMPEDAK II NO.25A, RT.10/RW.6, CIPINANG CEMPEDAK"
2025,"KOTA ADM. JAKARTA TIMUR",JATINEGARA,"CIPINANG CEMPEDAK","TPS RW 6 RT 7, 8, 9, 11 CIPINANG CIPEDAK","TIPE 3","JL. CIPINANG CEMPEDAK II NO.15 10, RT.10/RW.6, CIPINANG CEMPEDAK"
2025,"KOTA ADM. JAKARTA TIMUR",JATINEGARA,"CIPINANG CEMPEDAK","TPS RW 6 RT 12 CIPINANG CIPEDAK - CIPINANG CEMPEDAK","TIPE 3","JL. CIPINANG CEMPEDAK II NO.9 10, RT.10/RW.6, CIPINANG CEMPEDAK"
2025,"KOTA ADM. JAKARTA TIMUR",JATINEGARA,"CIPINANG CEMPEDAK","TPS RW 6 RT 3, 5 CIPINANG CIPEDAK","TIPE 3","JL. CIPINANG CEMPEDAK II NO.16 11, RT.11/RW.6, CIPINANG CEMPEDAK"
2025,"KOTA ADM. JAKARTA TIMUR",JATINEGARA,"CIPINANG CEMPEDAK","TPS RW 6 RT 4 CIPINANG CIPEDAK - CIPINANG CEMPEDAK","TIPE 3","JL. CIPINANG CEMPEDAK II NO.16 11, RT.11/RW.6, CIPINANG CEMPEDAK"
2025,"KOTA ADM. JAKARTA TIMUR",JATINEGARA,"CIPINANG MUARA","TPS RW 09 (DOOR TO DOOR) - CIPINANG MUARA","TIPE 3","JL. MAJALAH NO.11, RT.11/RW.1, CIPINANG MUARA"
2025,"KOTA ADM. JAKARTA TIMUR",CIRACAS,CIRACAS,"TPS TRANSIT POOL GEROBAK ( JL. MASJID BAITURROHMAH)","TIPE 4","JL. RAYA JAKARTA-BOGOR NO.3, RT.2/RW.8, SUSUKAN"
2025,"KOTA ADM. JAKARTA TIMUR",CIRACAS,CIRACAS,"TPS TRANSIT JL LANGGAR","TIPE 4","JL. BELLY I NO.6 2, RT.2/RW.6, PEKAYON, KEC. PS. REBO"
2025,"KOTA ADM. JAKARTA TIMUR",CIRACAS,CIRACAS,"DOOR TO DOOR RW 08","TIPE 4","JL. SATWAL PROTOKOL JL. KOMP. POLRI NO.4, RT.2/RW.4, CIRACAS"
2025,"KOTA ADM. JAKARTA TIMUR",KRAMATJATI,DUKUH,"TPS RW 01 DUKUH JL. DUKUH IV RT 5 RW 01","TIPE 4","JL. RAYA PD. GEDE BLOK TRISOKO, RT.5/RW.1, DUKUH"
2025,"KOTA ADM. JAKARTA TIMUR",KRAMATJATI,DUKUH,"TPS RW 05 DUKUH (POOL GEROBAK)","TIPE 4","JL. DUKUH V NO.37, RT.10/RW.5, DUKUH, KEC. KRAMAT JATI"
2025,"KOTA ADM. JAKARTA TIMUR",KRAMATJATI,DUKUH,"TPS RW 03 DUKUH JL. JUWET RT 14 RW 03","TIPE 4","JL. BUMI HARAPAN RAYA NO.26, RT.14/RW.3, DUKUH"
2025,"KOTA ADM. JAKARTA TIMUR","DUREN SAWIT","DUREN SAWIT","POOL GEROBAK RW 10 JL KALI BUARAN DUREN SAWIT - DUREN SAWIT","TIPE 4 ","JL. INSPEKSI KALI BUARAN, RT.10/RW.10, KLENDER"
2025,"KOTA ADM. JAKARTA UTARA",CILINCING,ROROTAN,"TPS PASAR LOKBIN","TIPE 4","JL. MALAKA I NO. 42 RT. 04 RW. 05"
2025,"KOTA ADM. JAKARTA UTARA",CILINCING,ROROTAN,"TPS RW. 12 ROROTAN","TIPE 4","JL. ROROTAN MARUNDA 23-25"
2025,"KOTA ADM. JAKARTA UTARA",CILINCING,ROROTAN,"TPS RW. 13 ROROTAN","TIPE 4","JL. SARANG BANGO NO. 3"
2025,"KOTA ADM. JAKARTA UTARA",CILINCING,ROROTAN,"TPS RW. 07 ROROTAN","TIPE 4","JL. BATAS ROROTAN NO.12"
2025,"KOTA ADM. JAKARTA UTARA",CILINCING,ROROTAN,"TPS RW. 07 RT. 01 ROROTAN","TIPE 4","JL. ROROTAN IX GG.1"
2025,"KOTA ADM. JAKARTA UTARA",CILINCING,ROROTAN,"TPS RW. 07 RT. 19 ROROTAN ","TIPE 4","JL. ROROTAN IX GG.IV"
2025,"KOTA ADM. JAKARTA UTARA",CILINCING,ROROTAN,"TPS RW. 10 ROROTAN","TIPE 4","JL. ROROTAN III NO.21"
2025,"KOTA ADM. JAKARTA UTARA",CILINCING,ROROTAN,"TPS RW. 04 ROROTAN","TIPE 2","JL. ROROTAN II NO.8"
2025,"KOTA ADM. JAKARTA UTARA",CILINCING,ROROTAN,"TPS RW. 03 ROROTAN","TIPE 4","JL. GREEN GARDEN 3"
2025,"KOTA ADM. JAKARTA UTARA",CILINCING,ROROTAN,"TPS RW. 14 ROROTAN","TIPE 2","RUSUN ROROTAN"
2025,"KOTA ADM. JAKARTA UTARA",CILINCING,"SEMPER BARAT ","TPS RW. 15 SEMPER BARAT","TIPE 1","JL. RAYA CILINCING RW. 15"
2025,"KOTA ADM. JAKARTA UTARA",CILINCING,"SEMPER BARAT ","TPS RW. 03 SEMPER BARAT","TIPE 2","JL. RUSUN KEBERSIHAN  NO. 24 RW. 03"
2025,"KOTA ADM. JAKARTA UTARA",CILINCING,"SEMPER BARAT ","TPS RW. 01 SEMPER BARAT","TIPE 4","JL. BELIBIS IV "
2025,"KOTA ADM. JAKARTA UTARA",CILINCING,"SEMPER BARAT ","TPS RW. 02 SEMPER BARAT","TIPE 2","JL. SENA 1 RW. 02 KOMPLEK YON AIR"
2025,"KOTA ADM. JAKARTA UTARA",CILINCING,"SEMPER BARAT ","TPS RW. 04 SEMPER BARAT","TIPE 4","RUSUN EMBRIO "
2025,"KOTA ADM. JAKARTA UTARA",CILINCING,"SEMPER BARAT ","TPS RW. 04 WADUK BELIBIS SEMPER BARAT","TIPE 4","JL. RUSUN EMBRIO RW 04"
2025,"KOTA ADM. JAKARTA UTARA",CILINCING,"SEMPER BARAT ","TPS RW. 06 SEMPER BARAT","TIPE 4","JL. RAYA CACING RT. 11 RW. 06"
2025,"KOTA ADM. JAKARTA UTARA",CILINCING,"SEMPER BARAT ","TPS LINTAS RW. 05 SEMPER BARAT","TIPE 4","JL. RAYA TIPAR CAKUNG RW. 05"
2025,"KOTA ADM. JAKARTA UTARA",CILINCING,"SEMPER TIMUR","TPS RW. 05 SEMPER TIMUR","TIPE 2","JL. KEBANTENAN I RT. 10 RW. 05"
2025,"KOTA ADM. JAKARTA UTARA",CILINCING,"SEMPER TIMUR","TPS RW. 03 SUNGAI BEGOG SEMPER TIMUR","TIPE 4","JL. PERALIHAN RT. 06 RW. 03"
2025,"KOTA ADM. JAKARTA UTARA",CILINCING,"SEMPER TIMUR","TPS RW. 09 AIRUD","TIPE 4","JL. ARJUNA III RT. 10 RW. 09"
2025,"KOTA ADM. JAKARTA UTARA",CILINCING,"SEMPER TIMUR","TPS RW. 10 BAK TUGU SEMPER TIMUR","TIPE 4","JL. CACING RW. 010"
2025,"KOTA ADM. JAKARTA UTARA",CILINCING,"SEMPER TIMUR","TPS RW. 03 BUDIDARMA SEMPER TIMUR","TIPE 4","JL. ALTERI MARUNDA RT. 01 RW.03"
2025,"KOTA ADM. JAKARTA UTARA",CILINCING,"SEMPER TIMUR","TPS JEMBATAN BUDIDHARMA SEMPER TIMUR","TIPE 4","JL. TPU SEMPER RT.04 RW.10"
2025,"KOTA ADM. JAKARTA UTARA",CILINCING,"SEMPER TIMUR","TPS RW. 10 CAKUNG DRAIN SEMPER TIMUR","TIPE 4","JL. INSPEKSI CAKUNG DRAIN RT. 06 RW. 10"
2025,"KOTA ADM. JAKARTA UTARA",CILINCING,"SEMPER TIMUR","TPS RW. 11 CAKUNG DRAIN SEMPER TIMUR","TIPE 4","JL. SWADAYA I RT. 01 RW. 11"
2025,"KOTA ADM. JAKARTA UTARA",CILINCING,"SEMPER TIMUR","TPS RW. 02 SEMPER TIMUR ","TIPE 4","JL. CAKUNG CILINCING RT. 03 RW. 02 "
2025,"KOTA ADM. JAKARTA UTARA",CILINCING,"SEMPER TIMUR","TPS GAYA MOTOR RW. 08 SEMPER TIMUR","TIPE 4","KOMP. GAYA MOTOR RW. 08"
2025,"KOTA ADM. JAKARTA UTARA",CILINCING,KALIBARU,"TPS RW. 01 KALIBANGLIO KALI BARU","TIPE 4","JL. KALI BANGLIO RT. 02/01 KEL. KALIBARU"
2025,"KOTA ADM. JAKARTA UTARA","KELAPA GADING","KELAPA GADING TIMUR","TPS RW. 018","TIPE 4","JL. BOULEVARD RAYA"
2025,"KOTA ADM. JAKARTA UTARA","KELAPA GADING","KELAPA GADING TIMUR","TPS RW. 012","TIPE 4","JL. GADING ELOK BARAT 3"
2025,"KOTA ADM. JAKARTA UTARA","KELAPA GADING","KELAPA GADING TIMUR","TPS RW. 019","TIPE 4","JL. PUYUH RAYA"
2025,"KOTA ADM. JAKARTA UTARA","KELAPA GADING","KELAPA GADING TIMUR","TPS PASAR INPRES","TIPE 4","JL. PASAR INPRES RW. 006"
2025,"KOTA ADM. JAKARTA UTARA","KELAPA GADING","KELAPA GADING TIMUR","TPS PASAR MANDIRI","TIPE 4","JL. GADING PUTIH RAYA"
2025,"KOTA ADM. JAKARTA UTARA","KELAPA GADING","KELAPA GADING BARAT","TPS RW. 006","TIPE 4","JL. JANUR ELOK II"
2025,"KOTA ADM. JAKARTA UTARA","KELAPA GADING","KELAPA GADING BARAT","TPS RW. 007","TIPE 4","JL. RAYA BUKIT GADING VILLA"
2025,"KOTA ADM. JAKARTA UTARA","KELAPA GADING","KELAPA GADING BARAT","TPS RW. 005","TIPE 1","JL. INSPEKSI KALI SUNTER"
2025,"KOTA ADM. JAKARTA UTARA","KELAPA GADING","KELAPA GADING BARAT","TPS RW. 003","TIPE 2","JL. BUKIT GADING RAYA"
2025,"KOTA ADM. JAKARTA UTARA","KELAPA GADING","KELAPA GADING BARAT ","TPS RW. 011","TIPE 2","JL. JANUR ELOK IV"
2025,"KOTA ADM. JAKARTA UTARA","KELAPA GADING","KELAPA GADING BARAT","TPS RW. 017","TIPE 2","JL. HIBRIDA "
2025,"KOTA ADM. JAKARTA UTARA","KELAPA GADING","KELAPA GADING BARAT","TPS RW. 008","TIPE 2","JL. GADING KIRANA"
2025,"KOTA ADM. JAKARTA UTARA","KELAPA GADING","KELAPA GADING BARAT","TPS RW. 004","TIPE 4","JL. INSPEKSI KALI SUNTER RW. 004"
2025,"KOTA ADM. JAKARTA UTARA","KELAPA GADING","KELAPA GADING BARAT","TPS RW. 022","TIPE 4","JL. INSPEKSI KALI SUNTER RW. 022"
2025,"KOTA ADM. JAKARTA UTARA","KELAPA GADING ","KELAPA GADING BARAT","TPS PASAR PEDONGKELAN","TIPE 2","JL. INSPEKSI KALI SUNTER"
2025,"KOTA ADM. JAKARTA UTARA",KOJA,KOJA,"TPS LIAR ","TIPE 4","JL. JAMPEA JEMBATAN POCIS"
2025,"KOTA ADM. JAKARTA UTARA",KOJA,KOJA,"TPS DELI RW. 09","TIPE 4","JL. DELI"
2025,"KOTA ADM. JAKARTA UTARA",KOJA,KOJA,"TPS LIAR JLN SULAWESI","TIPE 4","JL. MAMBO"
2025,"KOTA ADM. JAKARTA UTARA",KOJA,KOJA,"TPS MBAH PRIOK","TIPE 2","JL. RAYA PELABUHAN"
2025,"KOTA ADM. JAKARTA UTARA",KOJA,KOJA,"TPS TPK KOJA","TIPE 2","JL. DIGUL"
2025,"KOTA ADM. JAKARTA UTARA",KOJA,KOJA,"TPS RUMAH SUSUN SINDANG","TIPE 2","JL. INSPEKSI KALI SUNTER"
2025,"KOTA ADM. JAKARTA UTARA",KOJA,KOJA,"TPS PASAR SINDANG","TIPE 2","JL. SINDANG"
2025,"KOTA ADM. JAKARTA UTARA",KOJA,KOJA,"TPS RUMAH SAKIT KOJA","TIPE 2","JL. DELI NO. 7"
2025,"KOTA ADM. JAKARTA UTARA",KOJA,KOJA,"TPS CIPEUCANG","TIPE 4","JL. CIPUCANG 1"
2025,"KOTA ADM. JAKARTA UTARA",KOJA,"TUGU SELATAN","TPS RW. 01","TIPE 2","JL. KALI BETIK"
2025,"KOTA ADM. JAKARTA UTARA",KOJA,"TUGU SELATAN","TPS EKS BCA","TIPE 4","JL. PLUMPANG RAYA"
2025,"KOTA ADM. JAKARTA UTARA",KOJA,"TUGU SELATAN","TPS RW. 07","TIPE 4","JL. PLUMPANG SEMPER"
2025,"KOTA ADM. JAKARTA UTARA",KOJA,"TUGU SELATAN","TPS RW. 04","TIPE 4","JL. PLUMPANG SEMPER"
2025,"KOTA ADM. JAKARTA UTARA",KOJA,"TUGU SELATAN","TPS LOGISTIK","TIPE 4","JL. BENDUNGAN MELAYU NO. 09"
2025,"KOTA ADM. JAKARTA UTARA",KOJA,"RAWA BADAK SELATAN","TPS RW. 002 RAWA BADAK SELATAN","TIPE 4",N/A
2025,"KOTA ADM. JAKARTA UTARA",KOJA,"RAWA BADAK SELATAN","TPS KORAMIL RW. 02","TIPE 4","JL. KORAMIL RW. 02"
2025,"KOTA ADM. JAKARTA UTARA",KOJA,"RAWA BADAK SELATAN","TPS ELNUSA RW. 05","TIPE 4","JL. PLUMPANG SEMPER"
2025,"KOTA ADM. JAKARTA UTARA",KOJA,"RAWA BADAK SELATAN","TPS PASAR ULAR RW. 05","TIPE 4",N/A
2025,"KOTA ADM. JAKARTA UTARA",KOJA,"RAWA BADAK SELATAN","TPS JL ALUR LAUT","TIPE 4","JL. ALUR LAUT"
2025,"KOTA ADM. JAKARTA UTARA",KOJA,"RAWA BADAK SELATAN","TPS PASAR WALANG","TIPE 2",N/A
2025,"KOTA ADM. JAKARTA UTARA",KOJA,"RAWA BADAK SELATAN","TPS PASAR TRADISIONAL B.MELAYU","TIPE 4","JL. BENDUNGAN MELAYU NO. 09"
2025,"KOTA ADM. JAKARTA UTARA",KOJA,"RAWA BADAK UTARA","TPS RW. 014 SINDANG TERUSAN","TIPE 4","JL. SINDANG TERUSAN"
2025,"KOTA ADM. JAKARTA UTARA",KOJA,"RAWA BADAK UTARA","TPS RW. 013 SINDANG TERUSAN","TIPE 4","JL. SINDANG TERUSAN"
2025,"KOTA ADM. JAKARTA UTARA",KOJA,"RAWA BADAK UTARA","TPS RW. 012 SINDANG TERUSAN","TIPE 4","JL. SINDANG TERUSAN"
2025,"KOTA ADM. JAKARTA UTARA",KOJA,"RAWA BADAK UTARA","TPS 4 RW. 14","TIPE 4","JL. BERDIKARI"
2025,"KOTA ADM. JAKARTA UTARA",KOJA,"RAWA BADAK UTARA","TPS 3 RW. 14","TIPE 4","JL. BERDIKARI"
2025,"KOTA ADM. JAKARTA UTARA",KOJA,"RAWA BADAK UTARA","TPS 2 RW. 14","TIPE 4","JL. BERDIKARI"
2025,"KOTA ADM. JAKARTA UTARA",KOJA,"RAWA BADAK UTARA","TPS 1 RW. 14","TIPE 4","JL. BERDIKARI"
2025,"KOTA ADM. JAKARTA UTARA",KOJA,"RAWA BADAK UTARA","TPS POLRES RW. 12","TIPE 4","JL. YOS SUDARSO"
2025,"KOTA ADM. JAKARTA UTARA",KOJA,"RAWA BADAK UTARA","TPS RBU RAMAH LINGKUNGAN RW. 09","TPS 3R","JL. INSPEKSI KALI SUNTER"
2025,"KOTA ADM. JAKARTA UTARA",KOJA,"TUGU UTARA","TPS JALAN BHAYANGKARA RW. 001","TIPE 4","JL. BHAYANGKARA"
2025,"KOTA ADM. JAKARTA UTARA",KOJA,"TUGU UTARA","TPS RW. 01 BHAYANGKARA","TIPE 4","JL. BHAYANGKARA"
2025,"KOTA ADM. JAKARTA UTARA",KOJA,"TUGU UTARA","TPS LINTAS KRAMAT JAYA","TIPE 4","JL. KRAMAT JAYA"
2025,"KOTA ADM. JAKARTA UTARA",KOJA,"TUGU UTARA","TPS LINTAS KRAMAT JAYA RW. 017","TIPE 4","JL. KRAMAT JAYA"
2025,"KOTA ADM. JAKARTA UTARA",KOJA,"TUGU UTARA","TPS LINTAS RT. 01 RW. 013","TIPE 4","JL. H. DARPRI"
2025,"KOTA ADM. JAKARTA UTARA",KOJA,"TUGU UTARA","TPS LINTAS RT. 02 RW. 013","TIPE 4","JL. H. DARPRI"
2025,"KOTA ADM. JAKARTA UTARA",KOJA,"TUGU UTARA","TPS LINTAS SIMPANG 5 RW. 09","TIPE 4",SEMPER
2025,"KOTA ADM. JAKARTA UTARA",KOJA,"TUGU UTARA","TPS RW. 02 ","TIPE 4","PERUMAHAN ANCOL AL-BAHAR"
2025,"KOTA ADM. JAKARTA UTARA",KOJA,"TUGU UTARA","TPS RW. 09 TUGU UTARA","TIPE 4","JL. MELATI 7"
2025,"KOTA ADM. JAKARTA UTARA",KOJA,"TUGU UTARA","TPS LINTAS RW. 15","TIPE 4","JL. WALANG BARU"
2025,"KOTA ADM. JAKARTA UTARA",KOJA,"TUGU UTARA","TPS RW. 12 ","TIPE 4","JL. WALANG BARU"
2025,"KOTA ADM. JAKARTA UTARA",KOJA,"TUGU UTARA","TPS RW. 13","TIPE 4","JL. H. DARPRI"
2025,"KOTA ADM. JAKARTA UTARA",KOJA,"TUGU UTARA","TPS LINTAS RW. 07 ","TIPE 4",N/A
2025,"KOTA ADM. JAKARTA UTARA",KOJA,"TUGU UTARA","TPS KOMP UKA RW. 008","TIPE 4","JL. KOMP UKA"
2025,"KOTA ADM. JAKARTA UTARA",KOJA,"TUGU UTARA","TPS RW. 006","TIPE 4","JL. MAWAR"
2025,"KOTA ADM. JAKARTA UTARA",KOJA,"TUGU UTARA","TPS RW. 011 ","TIPE 4","JL. LONTAR DALAM"
2025,"KOTA ADM. JAKARTA UTARA",KOJA,"TUGU UTARA","TPS PASAR LONTAR","TIPE 4","JL. LONTAR DALAM"
2025,"KOTA ADM. JAKARTA UTARA",KOJA,"TUGU UTARA","TPS PASAR TUGU","TIPE 4","JL. LONTAR DALAM"
2025,"KOTA ADM. JAKARTA UTARA",KOJA,"TUGU UTARA","TPS PASAR KOJA","TIPE 4","JL. LONTAR DALAM"
2025,"KOTA ADM. JAKARTA UTARA",KOJA,LAGOA,"TPS RW. 12","TIPE 4","JL. MUNCANG"
2025,"KOTA ADM. JAKARTA UTARA",KOJA,LAGOA,"TPS RW. 02 & RW. 04","TIPE 4","JL. INSPEKSI KALI KRESEK"
2025,"KOTA ADM. JAKARTA UTARA",KOJA,LAGOA,"TPS GANG 4 RW. 016","TIPE 4","JL. KRAMAT JAYA"
2025,"KOTA ADM. JAKARTA UTARA",KOJA,LAGOA,"TPS RW. 001","TIPE 4","JL. RAYA CILINCING"
2025,"KOTA ADM. JAKARTA UTARA",KOJA,LAGOA,"TPS RW. 011 PASAR MAJA","TIPE 4","JL. MAJA NO. 22 RT. 1/11"
2025,"KOTA ADM. JAKARTA UTARA",KOJA,LAGOA,"TPS PASAR WARU","TIPE 4","JL. RAYA CILINCING 71 RT. 2/1 "
2025,"KOTA ADM. JAKARTA UTARA",KOJA,LAGOA,"TPS PASAR SINAR","TIPE 4","JL. LAGOA 4A/10 RT. 8/4"
2025,"KOTA ADM. JAKARTA UTARA",PADEMANGAN,"PADEMANGAN BARAT ","TPS PASAR INPRES RW. 10 KEL. PADEMANGAN BARAT","TIPE 4","JL. PADEMANGAN 5 NO. 46 RW. 10 KEL. PADEMANGAN BARAT"
2025,"KOTA ADM. JAKARTA UTARA",PADEMANGAN,"PADEMANGAN BARAT ","TPS RW. 14 KEL. PADEMANGAN BARAT","TIPE 2","JL. PADEMANGAN 1 NO.13 RW. 14 KEL. PADEMANGAN BARAT"
2025,"KOTA ADM. JAKARTA UTARA",PADEMANGAN,"PADEMANGAN BARAT ","TPS SAMSAT KEL. PADEMANGAN BARAT","TIPE 4","JL. GUNUNG SAHARI RAYA NO. 18 A RW. 06 KEL. PADEMANGAN BARAT"
2025,"KOTA ADM. JAKARTA UTARA",PADEMANGAN,"PADEMANGAN BARAT ","TPS RUKO INKOPAL KEL. PADEMANGAN BARAT","TIPE 4","JL. GUNUNG SAHARI RAYA NO. 3 RW. 13/ INKOPAL KEL. PADEMANGAN BARAT"
2025,"KOTA ADM. JAKARTA UTARA",PADEMANGAN,"PADEMANGAN BARAT ","TPS PASAR NALO RW. 12 KEL. PADEMANGAN BARAT","TIPE 4","JL. LAKSANA RE MARTADINATA NO. 4 RW. 12 KEL. PADEMANGAN BARAT"
2025,"KOTA ADM. JAKARTA UTARA",PADEMANGAN,"PADEMANGAN BARAT ","TPS RW. 02 KEL. PADEMANGAN BARAT","TIPE 4","JL. HIDUP BARU NO. 44-247 KEL. PADEMANGAN BARAT"
2025,"KOTA ADM. JAKARTA UTARA",PADEMANGAN,"PADEMANGAN BARAT ","TPS RW. 13 TEROWONGAN KEL. PADEMANGAN BARAT","TIPE 4","JL. BUDI MULIA UTARA RW. 13 KEL. PADEMANGAN BARAT"
2025,"KOTA ADM. JAKARTA UTARA",PADEMANGAN,"PADEMANGAN BARAT ","TPS RW. 01 KEL. PADEMANGAN BARAT","TIPE 2","JL. PADEMANGAN 1 RW. 01 KEL. PADEMANGAN BARAT"
2025,"KOTA ADM. JAKARTA UTARA",PADEMANGAN,"PADEMANGAN BARAT ","TPS RW. 03 KEL. PADEMANGAN BARAT","TIPE 4","JL. HIDUP BARU NO. 132 RW. 03 KEL. PADEMANGAN BARAT"
2025,"KOTA ADM. JAKARTA UTARA",PADEMANGAN,"PADEMANGAN BARAT ","TPS RW. 11 KEL. PADEMANGAN BARAT","TIPE 4","JL. AMPERA 7 NO. 6 RW. 11 KEL. PADEMANGAN BARAT"
2025,"KOTA ADM. JAKARTA UTARA",PADEMANGAN,"PADEMANGAN BARAT ","TPS LINTAS JL. MARTADINATA KEL. PADEMANGAN BARAT","TIPE 4","LINTAS JL. MARTADINATA KEL. PADEMANGAN BARAT"
2025,"KOTA ADM. JAKARTA UTARA",PADEMANGAN,"PADEMANGAN BARAT","TPS RUKO PERMATA RW. 016","TIPE 4","KOMPLEK RUKO PERMATA ANCOL KEL. PADEMANGAN BARAT"
2025,"KOTA ADM. JAKARTA UTARA",PADEMANGAN,"PADEMANGAN BARAT ","TPS GUNUNG SAHARI  KEL. PADEMANGAN BARAT","TIPE 4","JL. AMPERA BESAR NO. 4 KEL. PADEMANGAN BARAT"
2025,"KOTA ADM. JAKARTA UTARA",PADEMANGAN,"PADEMANGAN TIMUR","TPS KELURAHAN PADEMANGAN TIMUR","TIPE 1","JL. PADEMANGAN IX RT. 02/010 KEL. PADEMANGAN TIMUR"
2025,"KOTA ADM. JAKARTA UTARA",PADEMANGAN,"PADEMANGAN TIMUR","TPS PASAR ELANG RW. 02 KEL. PADEMANGAN TIMUR","TIPE 4","JL. PADEMANGAN GG. XXV RW. 02 KEL. PADEMANGAN TIMUR"
2025,"KOTA ADM. JAKARTA UTARA",PADEMANGAN,"PADEMANGAN TIMUR","TPS PASAR JONGKOK KEL. PADEMANGAN TIMUR","TIPE 4","JL. PADEMANGAN 5 KEL. PADEMANGAN TIMUR"
2025,"KOTA ADM. JAKARTA UTARA",PADEMANGAN,ANCOL,"TPS KEL. ANCOL","TIPE 1","JL. ANCOL BARAT VIII KEL. ANCOL"
2025,"KOTA ADM. JAKARTA UTARA",PADEMANGAN,ANCOL,"TPS LINTAS JL. ANCOL BARAT RT. 01/ 01 KEL. ANCOL","TIPE 4","JAKARTA INNER RING ROAD KEL ANCOL"
2025,"KOTA ADM. JAKARTA UTARA",PADEMANGAN,ANCOL,"TPS BAK KEMBAR KEL. ANCOL","TIPE 4","JL. LODAN RAYA NO 6-7 RW. 002 KEL. ANCOL"
2025,"KOTA ADM. JAKARTA UTARA",PADEMANGAN,ANCOL,"TPS RW. 04 KEL. ANCOL","TIPE 4","JL. TRANSMIGRASI NO. 30 KEL. ANCOL"
2025,"KOTA ADM. JAKARTA UTARA",PADEMANGAN,ANCOL,"TPS RW 01 KEL. ANCOL","TIPE 4","JL. LODAN RAYA NO 8 KEL. ANCOL"
2025,"KOTA ADM. JAKARTA UTARA",PADEMANGAN,ANCOL,"TPS RW. 02 KEL. ANCOL","TIPE 4","JL. LODAN RAYA NO. 44 RW. 02 KEL. ANCOL"
2025,"KOTA ADM. JAKARTA UTARA",PADEMANGAN,ANCOL,"TPS RW. 01 KEL. ANCOL","TIPE 4","JL. ANCOL BARAT III NO 2 KEL. ANCOL"
2025,"KOTA ADM. JAKARTA UTARA",PADEMANGAN,ANCOL,"TPS RW. 08 KEL. ANCOL","TIPE 4","JL. ANCOL IV NO 28-29 KEL. ANCOL"
2025,"KOTA ADM. JAKARTA UTARA",PADEMANGAN,ANCOL,"TPS RW. 02 RT 03  KEL. ANCOL","TIPE 4","JL. PARANG TERITIS  KEL. ANCOL"
2025,"KOTA ADM. JAKARTA UTARA","PADEMANGAN ","PADEMANGAN BARAT","TPS KEL. PADEMANGAN BARAT","TIPE 1","JL. BUDI MULYA RAYA NO.114"
2025,"KOTA ADM. JAKARTA UTARA",PENJARINGAN,PENJARINGAN,"TPS RW. 05 KEL.PENJARINGAN","TIPE 2","JL. EKOR KUNING RW. 05 KEL.PENJARINGAN"
2025,"KOTA ADM. JAKARTA UTARA",PENJARINGAN,PENJARINGAN,"TPS RUSUN RW. 06 PENJARINGAN","TIPE 2","JL. TANJUNG WANGI "
2025,"KOTA ADM. JAKARTA UTARA",PENJARINGAN,PENJARINGAN,"TPS KALI GENDONG","TIPE 1","JL. PLUIT SELATAN RAYA "
2025,"KOTA ADM. JAKARTA UTARA",PENJARINGAN,PENJARINGAN,"TPS RUSUN WADUK PLUIT RW. 17 ","TIPE 4","JL. MUARA BARU  PENJARINGAN"
2025,"KOTA ADM. JAKARTA UTARA",PENJARINGAN,PEJAGALAN,"TPS MOA ","TPS 3R","JL. MOA RW. 012 KEL. PEJAGALAN"
2025,"KOTA ADM. JAKARTA UTARA",PENJARINGAN,PEJAGALAN,"TPS RW. 01","TIPE 4","JL. GAMBANG 1 "
2025,"KOTA ADM. JAKARTA UTARA",PENJARINGAN,PEJAGALAN,"TPS RW. 02","TIPE 4","JL. ARWANA 2"
2025,"KOTA ADM. JAKARTA UTARA",PENJARINGAN,PEJAGALAN,"TPS RW. 14","TIPE 4","KEBON PALA "
2025,"KOTA ADM. JAKARTA UTARA",PENJARINGAN,PEJAGALAN,"TPS RW. 018","TIPE 4","JL. PLUIT MAS RW. 018"
2025,"KOTA ADM. JAKARTA UTARA",PENJARINGAN,PEJAGALAN,"TPS PS. TELUK GONG","TIPE 2","JL. TELUK GONG RAYA"
2025,"KOTA ADM. JAKARTA UTARA",PENJARINGAN,PLUIT,"TPS RW. 02","TIPE 4","JL. PLUIT KARANG BARAT RW. 02"
2025,"KOTA ADM. JAKARTA UTARA",PENJARINGAN,PLUIT,"TPS RW. 03","TIPE 4","JL. PLUIT KARANG UTARA"
2025,"KOTA ADM. JAKARTA UTARA",PENJARINGAN,PLUIT,"TPS RW. 04","TIPE 4","JL. PLUIT PERMAI"
2025,"KOTA ADM. JAKARTA UTARA",PENJARINGAN,PLUIT,"TPS RW. 05","TIPE 4","JL. PLUIT SAMUDRA"
2025,"KOTA ADM. JAKARTA UTARA",PENJARINGAN,PLUIT,"TPS RW. 06","TIPE 4","JL. PLUIT KENCANA RW. 06"
2025,"KOTA ADM. JAKARTA UTARA",PENJARINGAN,PLUIT,"TPS RW. 07","TIPE 4","JL. PLUIT SAKTI"
2025,"KOTA ADM. JAKARTA UTARA",PENJARINGAN,PLUIT,"TPS RW. 08","TIPE 4","JL. PLUIT KARANG PERMAI RW. 08"
2025,"KOTA ADM. JAKARTA UTARA",PENJARINGAN,PLUIT,"TPS RW. 09","TIPE 4","JL. PLUIT TIMUR RAYA"
2025,"KOTA ADM. JAKARTA UTARA",PENJARINGAN,PLUIT,"TPS PASAR. PLUIT RW. 06","TIPE 4","JL. PLUIT KENCANA (PS. PLUIT) RW. 06"
2025,"KOTA ADM. JAKARTA UTARA",PENJARINGAN,PLUIT,"TPS RW. 14","TIPE 4","JL. PLUIT KARANG TIMUR"
2025,"KOTA ADM. JAKARTA UTARA",PENJARINGAN,PLUIT,"TPS KOMP. PERUM NELAYAN RW. 011","TIPE 4","KOMPLEK PERUMAHAN NELAYAN RW. 01, 011, 21"
2025,"KOTA ADM. JAKARTA UTARA",PENJARINGAN,PLUIT,"TPS RW. 013","TIPE 2","JL. PLUIT KARANG BARAT RW. 013 DAN RUSUN PENJARINGAN RW. 06 PENJARINGAN"
2025,"KOTA ADM. JAKARTA UTARA",PENJARINGAN,PLUIT,"TPS RW. 015","TIPE 4","JL. PLUIT KARANG PERMAI RW. 015"
2025,"KOTA ADM. JAKARTA UTARA",CILINCING,KALIBARU,"TPS RW. 013 KALIBARU","TIPE 4","JL. KALIBARU TIMUR RT. 13 RW. 13"
2025,"KOTA ADM. JAKARTA UTARA",CILINCING,KALIBARU,"TPS RW. 014 KALIBARU","TIPE 4","JL. KALI BARU TIMUR"
2025,"KOTA ADM. JAKARTA UTARA",CILINCING,KALIBARU,"TPS RW. 002 KALIBARU","TIPE 4","JL. KOSAMBI 1 RT.13 RW. 02"
2025,"KOTA ADM. JAKARTA UTARA",CILINCING,KALIBARU,"TPS RW. 08 KALIBARU","TIPE 4","JL. KALIBARU BARAT"
2025,"KOTA ADM. JAKARTA UTARA",CILINCING,KALIBARU,"TPS RW. 02 KALIBARU","TIPE 4","JL. KALIBARU TIMUR"
2025,"KOTA ADM. JAKARTA UTARA",CILINCING,KALIBARU,"TPS PD PASAR JAYA KALIBARU ","TIPE 4","JL.KALIBARU TIMUR RW. 02"
2025,"KOTA ADM. JAKARTA UTARA",CILINCING,MARUNDA,"TPS RW. 10 MARUNDA","TIPE 4","RUSUN MARUNDA CLUSTER A"
2025,"KOTA ADM. JAKARTA UTARA",CILINCING,MARUNDA,"TPS RW. 11 MARUNDA","TIPE 4","RUSUN MARUNDA CLUSTER B"
2025,"KOTA ADM. JAKARTA UTARA",CILINCING,MARUNDA,"TPS RW. 01 MARUNDA","TIPE 4","JL. RAYA BIDARA"
2025,"KOTA ADM. JAKARTA UTARA",CILINCING,MARUNDA,"TPS RW. 03 CABANG 4 MARUNDA","TIPE 4","JL. MARUNDA BARU 4"
2025,"KOTA ADM. JAKARTA UTARA",CILINCING,MARUNDA,"TPS KEPU","TIPE 4","JL. KP. MARUNDA KEPU"
2025,"KOTA ADM. JAKARTA UTARA",CILINCING,MARUNDA,"TPS RW. 01 DEMPET MARUNDA","TIPE 4","JL. H. DEMPET "
2025,"KOTA ADM. JAKARTA UTARA",CILINCING,CILINCING,"TPS TPI RW. 04 CILINCING","TIPE 4","JL. CAKUNG DRAIN TPI KEL.CILINCING"
2025,"KOTA ADM. JAKARTA UTARA",CILINCING,CILINCING,"TPS KALI BANGLIO RT. 08 CILINCING","TIPE 4","JL. KALI BANGLIO RT. 08"
2025,"KOTA ADM. JAKARTA UTARA",CILINCING,CILINCING,"TPS KALI BANGLIO BAK 1 RT. 09","TIPE 4","JL. KALI BANGLIO RT. 09"
2025,"KOTA ADM. JAKARTA UTARA",CILINCING,CILINCING,"TPS KALI BANGLIO BAK 2 RT. 11 CILINCING","TIPE 4","JL. KALI BANGLIO RT. 11"
2025,"KOTA ADM. JAKARTA UTARA",CILINCING,CILINCING,"TPS KALI BANGLIO BAK 3 RT. 16 RW. 03 CILINCING","TIPE 4","JL. KALI BANGLIO RT. 16 RW. 03"
2025,"KOTA ADM. JAKARTA UTARA",CILINCING,CILINCING,"TPS RW. 10 RUSUN CILINCING","TIPE 4","JL. CAKUNG DRAIN RW. 10"
2025,"KOTA ADM. JAKARTA UTARA",CILINCING,CILINCING,"TPS RT. 13 RW.09 CILINCING","TIPE 4","JL. KOMP.PELINDO RT. 13 RW. 09"
2025,"KOTA ADM. JAKARTA UTARA",CILINCING,CILINCING,"TPS RAWA MALANG RT. 09 RW. 09 CILINCING","TIPE 4","JL. CAKUNG DRAIN RT. 09 RW. 09"
2025,"KOTA ADM. JAKARTA UTARA",CILINCING,CILINCING,"TPS AL ALAM RT.05 RW. 04 CILINCING","TIPE 4","JL. REKREASI CILINCING RT. 05 RW. 04"
2025,"KOTA ADM. JAKARTA UTARA",CILINCING,CILINCING,"TPS BULAK CABE RW. 09 CILINCING","TIPE 4","JL. CAKUNG DRAIN RW. 09"
2025,"KOTA ADM. JAKARTA UTARA",CILINCING,CILINCING,"TPS RW. 07 CILINCING","TIPE 4",KOMP.BRIMOB
2025,"KOTA ADM. JAKARTA UTARA",CILINCING,CILINCING,"TPS RW. 08 CILINCING","TIPE 4","PASAR PAGI RW. 08"
2025,"KOTA ADM. JAKARTA UTARA",CILINCING,CILINCING,"TPS RW. 01 CILINCING ","TIPE 4","JL. CILINCING BARU 1"
2025,"KOTA ADM. JAKARTA UTARA",CILINCING,CILINCING,"TPS LINTAS CILINCING","TIPE 4","JL. RAYA CILINCING"
2025,"KOTA ADM. JAKARTA UTARA",CILINCING,SUKAPURA,"TPS RW. 01 SUKAPURA","TIPE 4","JL KOMPI JENGGOT RW 01"
2025,"KOTA ADM. JAKARTA UTARA",CILINCING,SUKAPURA,"TPS RW. 02 SUKAPURA","TIPE 4","JL. TIPAR CAKUNG RW 02 SUKAPURA"
2025,"KOTA ADM. JAKARTA UTARA",CILINCING,SUKAPURA,"TPS RW. 03 SUKAPURA","TIPE 4","JL. TIPAR CAKUNG RW 03 SUKAPURA"
2025,"KOTA ADM. JAKARTA UTARA",CILINCING,SUKAPURA,"TPS BAK RT. 03/03 SUKAPURA","TIPE 4","GG. SALON RT. 003/03"
2025,"KOTA ADM. JAKARTA UTARA",CILINCING,SUKAPURA,"TPS RW. 05 SUKAPURA","TIPE 4","BAK BETON"
2025,"KOTA ADM. JAKARTA UTARA",CILINCING,SUKAPURA,"TPS RW. 07 SUKAPURA","TIPE 1",DIPO
2025,"KOTA ADM. JAKARTA UTARA",CILINCING,SUKAPURA,"TPS LINTS RW. 08 SUKAPURA","TIPE 4","LINTAS RW. 08"
2025,"KOTA ADM. JAKARTA UTARA",CILINCING,SUKAPURA,"TPS RW. 09 SUKAPURA","TIPE 2","BAK CONTAINER"
2025,"KOTA ADM. JAKARTA UTARA",CILINCING,SUKAPURA,"TPS RW. 10 SUKAPURA","TIPE 4","BAK BETON"
2025,"KOTA ADM. JAKARTA UTARA",CILINCING,SUKAPURA,"TPS RW. 07 SUKAPURA","TIPE 4","BAK BETON"
2025,"KOTA ADM. JAKARTA UTARA",CILINCING,SUKAPURA,"TPS RW. 12 SUKAPURA","TIPE 2","BAK CONTAINER"
2025,"KOTA ADM. JAKARTA UTARA",CILINCING,SUKAPURA,"TPS PASAR SUKAPURA","TIPE 2","BAK CONTAINER"
2025,"KOTA ADM. JAKARTA UTARA",CILINCING,SUKAPURA,"LINTAS RW 11 SUKAPURA","TIPE 4","JL. ROYAL ORCHARD RAYA RW 11"
2025,"KOTA ADM. JAKARTA UTARA","KELAPA GADING","PEGANGSAAN DUA","TPS KOMPI UDIN","TIPE 4","JL. KOMPI UDIN"
2025,"KOTA ADM. JAKARTA UTARA","KELAPA GADING","PEGANGSAAN DUA","TPS RW. 016","TIPE 4","JL. BOULEVARD TIMUR UJUNG"
2025,"KOTA ADM. JAKARTA UTARA","KELAPA GADING","PEGANGSAAN DUA","TPS RW. 019","TIPE 4","JL. PERUMAHAN TAMAN "
2025,"KOTA ADM. JAKARTA UTARA","KELAPA GADING","PEGANGSAAN DUA","TPS RW. 022","TIPE 4","JL. RAYA PEGANGSAAN DUA"
2025,"KOTA ADM. JAKARTA UTARA","KELAPA GADING","PEGANGSAAN DUA","TPS RW. 003","TIPE 4","JL. RAWA INDAH"
2025,"KOTA ADM. JAKARTA UTARA","KELAPA GADING","PEGANGSAAN DUA","TPS RW. 002","TIPE 4","JL. BOULEVARD  TIMUR"
2025,"KOTA ADM. JAKARTA UTARA","KELAPA GADING","PEGANGSAAN DUA","TPS RW. 012","TIPE 4","JL. KELAPA LILIN TIMUR RW. 012"
2025,"KOTA ADM. JAKARTA UTARA","KELAPA GADING","PEGANGSAAN DUA","TPS RW. 002","TIPE 2","JL. BOULEVARD TIMUR"
2025,"KOTA ADM. JAKARTA UTARA","KELAPA GADING","PEGANGSAAN DUA","TPS PASAR TRADISIONAL","TIPE 2","JL. HIBRIDA TIMUR"
2025,"KOTA ADM. JAKARTA UTARA","KELAPA GADING","PEGANGSAAN DUA","TPS RW. 017","TIPE 2","JL. NIAS 9"
2025,"KOTA ADM. JAKARTA UTARA","KELAPA GADING","PEGANGSAAN DUA","TPS RW. 014","TIPE 4","JL. NIAS 3"
2025,"KOTA ADM. JAKARTA UTARA","KELAPA GADING","KELAPA GADING TIMUR","TPS RW. 001","TIPE 4","JL. PELEPAH RAYA"
2025,"KOTA ADM. JAKARTA UTARA","KELAPA GADING","KELAPA GADING TIMUR","TPS RW. 002","TIPE 4","JL. GADING PUTIH RAYA RW. 002"
2025,"KOTA ADM. JAKARTA UTARA","KELAPA GADING","KELAPA GADING TIMUR","TPS RW. 003","TIPE 4","JL. PERUMAHAN KOMPLEK BERMIS"
2025,"KOTA ADM. JAKARTA UTARA","KELAPA GADING","KELAPA GADING TIMUR","TPS PERINTIS KEMERDEKAAN","TIPE 4","JL. PERINITIS KEMERDEKAAN RW. 004"
2025,"KOTA ADM. JAKARTA UTARA","KELAPA GADING","KELAPA GADING TIMUR","TPS RW. 007","TIPE 4","JL. MANGKET RW. 007"
2025,"KOTA ADM. JAKARTA UTARA","KELAPA GADING","KELAPA GADING TIMUR","TPS RW. 009","TIPE 4","JL. KELAPA CENGKIR RAYA"
2025,"KOTA ADM. JAKARTA UTARA","KELAPA GADING","KELAPA GADING TIMUR","TPS RW. 010","TIPE 4","JL. JINGGA "
2025,"KOTA ADM. JAKARTA UTARA","KELAPA GADING","KELAPA GADING TIMUR","TPS RW. 013","TIPE 4","JL. ELOK UTARA"
2025,"KOTA ADM. JAKARTA UTARA","KELAPA GADING","KELAPA GADING TIMUR","TPS RW. 015","TIPE 4","JL. PELEPAH RAYA"
2025,"KOTA ADM. JAKARTA UTARA","KELAPA GADING","KELAPA GADING TIMUR","TPS RW. 016","TIPE 4","JL. JANUR KUNING"
2025,"KOTA ADM. JAKARTA UTARA","KELAPA GADING","KELAPA GADING TIMUR","TPS RW. 017","TIPE 4","JL. KELAPA GADING PERMAI"
2025,"KOTA ADM. JAKARTA TIMUR",MATRAMAN,"KEBON MANGGIS","TPS RT. 21 BERLAN","TIPE 4","JL. KESATRIAN VIII"
2025,"KOTA ADM. JAKARTA TIMUR",MATRAMAN,"KEBON MANGGIS","TPS RT. 27/03 BERLAN","TIPE 4","JL. KESATRIAN IX BERLAN"
2025,"KOTA ADM. JAKARTA TIMUR",MATRAMAN,"KEBON MANGGIS","TPS RT. 12/03 BERLAN","TIPE 4","JL. KESATRIAN 10"
2025,"KOTA ADM. JAKARTA TIMUR",MATRAMAN,"KEBON MANGGIS","TPS PUSZIAD","TIPE 4","JL. KESATRIAN II"
2025,"KOTA ADM. JAKARTA TIMUR",MATRAMAN,"KEBON MANGGIS","TPS RT. 18/03 BERLAN","TIPE 4","JL. KESATRIAN VIII"
2025,"KOTA ADM. JAKARTA TIMUR",MATRAMAN,"KEBON MANGGIS","TPS RT. 17/03 BERLAN","TIPE 4","JL. KESATRIAN IX BERLAN"
2025,"KOTA ADM. JAKARTA TIMUR",MATRAMAN,"KEBON MANGGIS","TPS RT. 11/03 BERLAN","TIPE 4","JL. KESATRIAN X BERLAN"
2025,"KOTA ADM. JAKARTA TIMUR",MATRAMAN,"KEBON MANGGIS","TPS RT. 14/10 RW. 03 BERLAN","TIPE 4","JL. KESATRIAN X BERLAN"
2025,"KOTA ADM. JAKARTA TIMUR",MATRAMAN,"PISANGAN BARU","TPS PISANGAN BARU","TIPE 1","JL. PISANGAN BARU TENGAH RT. 14"
2025,"KOTA ADM. JAKARTA TIMUR",MATRAMAN,"UTAN KAYU SELATAN","TPS UTAN KAYU SELATAN","TIPE 1","JL. GALUR SARI RT. 12 RW. 01"
2025,"KOTA ADM. JAKARTA TIMUR",MATRAMAN,"KAYU MANIS","TPS KAYU MANIS","TIPE 1","JL. KAYU MANIS 4 BARU RW. 03"
2025,"KOTA ADM. JAKARTA TIMUR",MATRAMAN,PALMERIAM,"TPS RW. 08","TIPE 2","JL. KAYU MANIS LAMA I RW. 08"
2025,"KOTA ADM. JAKARTA TIMUR",MATRAMAN,PALMERIAM,"TPS RW. 10","TIPE 2","JL. PRAMUKA RW. 10"
2025,"KOTA ADM. JAKARTA TIMUR",MATRAMAN,PALMERIAM,"LPS RW 10","TIPE 1","JL. SIAGA RAYA"
2025,"KOTA ADM. JAKARTA TIMUR","PASAR REBO",BARU,"YONKAV ATAS BARAK KEL. BARU","TIPE 2","JL. YONKAV RT 001 RW 006 KEL. BARU"
2025,"KOTA ADM. JAKARTA TIMUR","PASAR REBO",BARU,"DIPO H. MOONG KEL. BARU","TIPE 1","JL. H. MOONG RT 006 RW 002 KEL. BARU"
2025,"KOTA ADM. JAKARTA TIMUR","PASAR REBO",BARU,"KOMPLEK BEKANGDAM JAYA KEL. BARU","TIPE 2","JL. RA. FADILLAH RT 003 RW 006 KEL. BARU"
2025,"KOTA ADM. JAKARTA TIMUR","PASAR REBO",BARU,"YONKAV BAWAH BARAK KEL. BARU","TIPE 4","JL. YONKAV RT 001 RW 006 KEL. BARU"
2025,"KOTA ADM. JAKARTA TIMUR","PASAR REBO",CIJANTUNG,"KOMPLEK DENZIPUR KEL. CIJANTUNG","TIPE 2","JL. PENDIDIKAN II RT.06 RW.04"
2025,"KOTA ADM. JAKARTA TIMUR","PASAR REBO",CIJANTUNG,"JL. SELAYAR KEL. CIJANTUNG","TIPE 2","JL. SELAYAR RW.04"
2025,"KOTA ADM. JAKARTA TIMUR","PASAR REBO",CIJANTUNG,"YAYASAN SUDIRMAN KEL. CIJANTUNG","TIPE 2","JL. PENDIDIKAN III RT.03 RW.04"
2025,"KOTA ADM. JAKARTA TIMUR","PASAR REBO",CIJANTUNG,"JL. LEBAK SARI KEL. CIJANTUNG","TIPE 2","JL. LEBAK SARI RW.05"
2025,"KOTA ADM. JAKARTA TIMUR","PASAR REBO",CIJANTUNG,"KOMPLEK BENGRAH KEL. CIJANTUNG","TIPE 4","JL. BENGRAH RW.08"
2025,"KOTA ADM. JAKARTA TIMUR","PASAR REBO",CIJANTUNG,"MTS NEGERI 33 KEL. CIJANTUNG","TIPE 2","JL. PERTENGAHAN RT.01 RW.03"
2025,"KOTA ADM. JAKARTA TIMUR","PASAR REBO",CIJANTUNG,"DENZIBANG KEL. CIJANTUNG","TIPE 2","JL. PENDIDIKAN II RT. 04 RW.04"
2025,"KOTA ADM. JAKARTA TIMUR","PASAR REBO",CIJANTUNG,"JL. GONGSENG RW 01 KEL. CIJANTUNG","TIPE 4","JL. KARYA BAKTI III RT.09 RW.01"
2025,"KOTA ADM. JAKARTA TIMUR","PASAR REBO",CIJANTUNG,"GEREJA HKBP KEL. CIJANTUNG","TIPE 4","JL. BENGRAH RW. 08"
2025,"KOTA ADM. JAKARTA TIMUR","PASAR REBO",CIJANTUNG,"JL. PONDOK BARU KEL. CIJANTUNG","TIPE 4","JL. PONDOK BARU RW. 11"
2025,"KOTA ADM. JAKARTA TIMUR","PASAR REBO",GEDONG,"KOMPLEK RINDAM KEL. GEDONG","TIPE 2","JL. KOMP. RINDAM JAYA RT.02 RW.05 KEL. GEDONG."
2025,"KOTA ADM. JAKARTA TIMUR","PASAR REBO",GEDONG,"TANAH MERAH KEL. GEDONG","TIPE 2","JL. RAYA CONDET RW.03 KEL. GEDONG"
2025,"KOTA ADM. JAKARTA TIMUR","PASAR REBO",GEDONG,"GAMYA KEL. GEDONG","TIPE 2","JL. RAYA CONDET RW.01 KEL. GEDONG"
2025,"KOTA ADM. JAKARTA TIMUR","PASAR REBO",GEDONG,"PASAR CIJANTUNG KEL. GEDONG","TIPE 2","JL. BERINGIN RW.011 KEL. GEDONG"
2025,"KOTA ADM. JAKARTA TIMUR","PASAR REBO",GEDONG,"K5 PASAR CIJANTUNG KEL. GEDONG","TIPE 2","JL. BERINGIN RW.04 KEL. GEDONG"
2025,"KOTA ADM. JAKARTA TIMUR","PASAR REBO",GEDONG,"RS KESDAM KEL. GEDONG","TIPE 4","JL. KESEHATAN RW.06 KEL. GEDONG"
2025,"KOTA ADM. JAKARTA TIMUR","PASAR REBO",GEDONG,"SMA 104 KEL. GEDONG","TIPE 2","JL. UJUNG GEDONG RW.010 KEL.GEDONG"
2025,"KOTA ADM. JAKARTA TIMUR","PASAR REBO",GEDONG,"JL. SEDERHANA KEL. GEDONG","TIPE 2","JL. SEDERHANA RW.06 KEL. GEDONG"
2025,"KOTA ADM. JAKARTA TIMUR","PASAR REBO",GEDONG,"ASRAMA POLANTAS KEL. GEDONG","TIPE 2","JL. TB. SIMATUPANG RW.07 KEL. GEDONG"
2025,"KOTA ADM. JAKARTA TIMUR","PASAR REBO",GEDONG,"JL. BAKUNG KEL. GEDONG","TIPE 2","JL. BAKUNG RT.01,02 RW.011 KEL. GEDONG"
2025,"KOTA ADM. JAKARTA TIMUR","PASAR REBO",GEDONG,"PP KEL. GEDONG","TIPE 2","JL. TB.SIMATUPANG RW.011 KEL. GEDONG"
2025,"KOTA ADM. JAKARTA TIMUR","PASAR REBO",GEDONG,"SAMPING POM RW 11 KEL. GEDONG","TIPE 2","JL. TB.SIMATUPANG RT.07 RW.011 KEL.GEDONG"
2025,"KOTA ADM. JAKARTA TIMUR","PASAR REBO",GEDONG,"DIPO BERINGIN KEL. GEDONG","TIPE 1","JL.BERINGIN RW.04 KEL.GEDONG"
2025,"KOTA ADM. JAKARTA TIMUR","PASAR REBO",GEDONG,"SD 03 KEL. GEDONG","TIPE 4","JL.RAYA CONDET RW.03 KEL GEDONG"
2025,"KOTA ADM. JAKARTA TIMUR","PASAR REBO",GEDONG,"JL. RAYA TENGAH KEL. GEDONG","TIPE 4","JL. RAYA TENGAH RW.01 KEL. GEDONG"
2025,"KOTA ADM. JAKARTA TIMUR","PASAR REBO",GEDONG,"JL. TRIKORA KEL. GEDONG","TIPE 4","JL.TRIKORA RW.09 KEL.GEDONG"
2025,"KOTA ADM. JAKARTA TIMUR","PASAR REBO",KALISARI,"JL. RAHAYU KEL. KALISARI","TIPE 4","JL. RAHAYU RW 03 KEL. KALISARI"
2025,"KOTA ADM. JAKARTA TIMUR","PASAR REBO",KALISARI,"JL. BARET BIRU KEL. KALISARI","TIPE 4","JL. BARET BIRU III KEL. KALISARI"
2025,"KOTA ADM. JAKARTA TIMUR","PASAR REBO",KALISARI,"JL. ALFAMART KEL. KALISARI","TIPE 4","JL. KALISARI RAYA KEL. KALISARI"
2025,"KOTA ADM. JAKARTA TIMUR","PASAR REBO",KALISARI,"KOMPLEK BRIGIEF KEL. KALISARI","TIPE 4","KOMPLEK BRIGIF KALISARI"
2025,"KOTA ADM. JAKARTA TIMUR","PASAR REBO",KALISARI,"JL. DAMAI KEL. KALISARI","TIPE 4","JL. DAMAI RW 001 KERL. KALISARI"
2025,"KOTA ADM. JAKARTA TIMUR","PASAR REBO",KALISARI,"JL. CARAKA BUANA KEL. KALISARI","TIPE 4","JL. CARAKA BUANA RW 003 KEL. KALISARI"
2025,"KOTA ADM. JAKARTA TIMUR","PASAR REBO",KALISARI,"JL. ALBAROKAH RW 09 KEL. KALISARI","TIPE 4","JL. LINGKAR SARI RW 009 KEL. KALISARI"
2025,"KOTA ADM. JAKARTA TIMUR","PASAR REBO",KALISARI,"GOR KALISARI KEL. KALISARI","TIPE 4","JL. KALISARI III KEL. KALISARI"
2025,"KOTA ADM. JAKARTA TIMUR","PASAR REBO",KALISARI,"JL. MANUNGGAL BHAKTI RW 11 KEL. KALISARI","TIPE 4","JL. MANUNGGAL BKATI RW 011 KEL. KALISARI"
2025,"KOTA ADM. JAKARTA TIMUR","PASAR REBO",KALISARI,"JL. PUSKESMAS KEL. KALISARI","TIPE 4","JL. PUSKESMAS KALISARI"
2025,"KOTA ADM. JAKARTA TIMUR","PASAR REBO",KALISARI,"JL. SAWIT KEL. KALISARI","TIPE 4","JL. KALISARI III KEL. KALISARI"
2025,"KOTA ADM. JAKARTA TIMUR","PASAR REBO",PEKAYON,"MESS DKM KEL. PEKAYON","TIPE 2","JL. KOPI RW 03 PEKAYON"
2025,"KOTA ADM. JAKARTA TIMUR","PASAR REBO",PEKAYON,"BALAI DIKLAT INDUSTRI JAKARTA KEL. PEKAYON","TIPE 4","JL. BALAI KIMIA NO.1 A, RW.9, PEKAYON"
2025,"KOTA ADM. JAKARTA TIMUR","PASAR REBO",PEKAYON,"POLSEK PASAR REBO KEL. PEKAYON","TIPE 4","JL. RAYA JAKARTA-BOGOR KM.26,5, RT.4/RW.8, PEKAYON"
2025,"KOTA ADM. JAKARTA TIMUR","PASAR REBO",PEKAYON,"KOMPLEK LAPAN KEL. PEKAYON","TIPE 2","JL. RAYA LAPAN GG. INDAH RW.9, PEKAYON"
2025,"KOTA ADM. JAKARTA TIMUR","PASAR REBO",PEKAYON,"KOMPLEK TELSA LAPAN KEL. PEKAYON","TIPE 2","JL. PENDIDIKAN PEKAYON"
2025,"KOTA ADM. JAKARTA TIMUR","PASAR REBO",PEKAYON,"KANTOR LAPAN KEL. PEKAYON","TIPE 2","JL. LAPAN RW 09 PEKAYON"
2025,"KOTA ADM. JAKARTA TIMUR","PASAR REBO",PEKAYON,"JL. BUAH KEL PEKAYON","TIPE 2","JL. BUAH RW 04 PEKAYON"
2025,"KOTA ADM. JAKARTA TIMUR","PASAR REBO",PEKAYON,"JL. KOPI KEL. PEKAYON","TIPE 4","JL. KOPI RW 03 PEKAYON"
2025,"KOTA ADM. JAKARTA TIMUR","PASAR REBO",PEKAYON,"DETTA MARINA KEL. PEKAYON","TIPE 4","JL. RAYA BOGOR KM 28 PEKAYON"
2025,"KOTA ADM. JAKARTA TIMUR","PASAR REBO",PEKAYON,"JL. H. BALOK KEL. PEKAYON","TIPE 4","JL. H. BALOK PEKAYON"
2025,"KOTA ADM. JAKARTA TIMUR","PASAR REBO",PEKAYON,"YONIF 201 KEL. PEKAYON","TIPE 4","JL. RAYA BOGOR JAYA YUDHA RW 05 PEKAYON"
2025,"KOTA ADM. JAKARTA TIMUR","PASAR REBO",PEKAYON,"JL. LAPAN III KEL. PEKAYON","TIPE 4","JL. LAPAN III PEKAYON"
2025,"KOTA ADM. JAKARTA TIMUR","PASAR REBO",PEKAYON,"JL. LAPAN DEPAN RPTRA KACA PIRING KEL. PEKAYON","TIPE 4","JL. LAPAN RW 01 PEKAYON"
2025,"KOTA ADM. JAKARTA TIMUR","PASAR REBO",PEKAYON,"JL. LAPAN TOLEDO KEL. PEKAYON","TIPE 4","JL. LAPAN TOLEDO PEKAYON"
2025,"KOTA ADM. JAKARTA TIMUR","PASAR REBO",PEKAYON,"KANTOR CAMAT PASAR REBO","TIPE 4","JL. RAYA BOGOR, RT.1/RW.4, PEKAYON"
2025,"KOTA ADM. JAKARTA TIMUR","PASAR REBO",PEKAYON,"JL. RAYA BOGOR CIBA KEL. PEKAYON","TIPE 4","JL. RAYA BOGOR SAMPING HUTSMAN PEKAYON"
2025,"KOTA ADM. JAKARTA TIMUR","PASAR REBO",PEKAYON,"KOMPLEK ZENI KEL. PEKAYON","TIPE 4","JL. RAYA JAKARTA-BOGOR NO.10A, RT.2/RW.8, PEKAYON"
2025,"KOTA ADM. JAKARTA TIMUR","PASAR REBO",PEKAYON,"JL. GANDARIA I, II, III, IV RW 02 KEL. PEKAYON","TIPE 4","JL. GANDARIA RW 02 PEKAYON"
2025,"KOTA ADM. JAKARTA TIMUR","PASAR REBO",PEKAYON,"DIPO TIPAR KEL. PEKAYON","TIPE 1","JL. TIPAR RW 07 PEKAYON"
2025,"KOTA ADM. JAKARTA TIMUR","PASAR REBO",CIJANTUNG,"DIPO PENDIDIKAN KEL. CIJANTUNG","TIPE 1","JL. PENDIDIKAN III RT 02 RW 04"
2025,"KOTA ADM. JAKARTA TIMUR",PULOGADUNG,"KAYU PUTIH","TPS RW. 016","TIPE 4","JL. PULO NANGKA BARAT RT. 03 RW 016"
2025,"KOTA ADM. JAKARTA TIMUR",PULOGADUNG,"KAYU PUTIH","TPS PASAR AMPERA","TIPE 2","JL. DROMPOL NO.4 RT. 4/RW. 17"
2025,"KOTA ADM. JAKARTA TIMUR",PULOGADUNG,RAWAMANGUN,"TPS RW. 12","TIPE 4","JL RAWAMANGUN MUKA SELATAN"
2025,"KOTA ADM. JAKARTA TIMUR",PULOGADUNG,RAWAMANGUN,"TPS RW. 11","TIPE 4","JL. WISMA JAYA"
2025,"KOTA ADM. JAKARTA TIMUR",PULOGADUNG,CIPINANG,"TPS RW. 16 JAGAL","TIPE 4","JL. CIPINANG JAGAL RW 016"
2025,"KOTA ADM. JAKARTA TIMUR",PULOGADUNG,CIPINANG,"TPS RW. 006 MUSIK CIPINANG","TIPE 4","JL. CIPINANG BARU RAYA RW. 06"
2025,"KOTA ADM. JAKARTA TIMUR",PULOGADUNG,CIPINANG,"TPS RW. 005 BRIMOB CIPINANG","TIPE 4","JL. RAYA BEKASI TIMUR"
2025,"KOTA ADM. JAKARTA TIMUR",PULOGADUNG,CIPINANG,"TPS RW. 008","TIPE 4","JL. CIPINANG LONTAR RW 008"
2025,"KOTA ADM. JAKARTA TIMUR",PULOGADUNG,"PULO GADUNG","TPS RW. 001 PULOGADUNG","TIPE 4","JL. KAYU MAS RAYA"
2025,"KOTA ADM. JAKARTA TIMUR",PULOGADUNG,"PULO GADUNG","TPS RW. 009 PULOGADUNG","TIPE 4","JL KAYU MAS UTARA"
2025,"KOTA ADM. JAKARTA TIMUR",PULOGADUNG,"PULO GADUNG","TPS RW. 008 PULOGADUNG","TIPE 4","JL. PULO NANGKA TIMUR"
2025,"KOTA ADM. JAKARTA TIMUR",PULOGADUNG,"PULO GADUNG","TPS RW. 003 TARUNA PULOGADUNG","TIPE 4","JL. TARUNA"
2025,"KOTA ADM. JAKARTA TIMUR",PULOGADUNG,"JATINEGARA KAUM","TPS RW. 009 RUSUN JATINEGARA KAUM","TIPE 4","JL. BEKASI TIMUR RAYA RW. 01"
2025,"KOTA ADM. JAKARTA TIMUR",PULOGADUNG,"PISANGAN TIMUR","TPS RW. 06","TIPE 2","JL. ACHMAD YANI"
2025,"KOTA ADM. JAKARTA TIMUR",PULOGADUNG,"JATINEGARA KAUM","TPS RW. 004 KEL. JATINEGARA KAUM","TIPE 4","JL. REMAJA RT. 08 RW. 04"
2025,"KOTA ADM. JAKARTA TIMUR",PULOGADUNG,"PULO GADUNG","TPS RW. 007 PULOGADUNG","TIPE 2","JL. KAYU PUTIH TENGAH RW. 07"
2025,"KOTA ADM. JAKARTA TIMUR",PULOGADUNG,"PISANGAN TIMUR","TPS RW 06","TIPE 2","JL. PERUMAHAN GOLF"
2025,"KOTA ADM. JAKARTA TIMUR",PULOGADUNG,"JATINEGARA KAUM","TPS RW. 06","TIPE 2","JL. BEKASI TIMUR RT. 05 RW. 06"
2025,"KOTA ADM. JAKARTA TIMUR",PULOGADUNG,JATI,"TPS RW 05","TIPE 4","JL. BENDUNGAN JATI"
2025,"KOTA ADM. JAKARTA TIMUR",PULOGADUNG,JATI,"TPS RW 03 04","TIPE 4","JL. PONCOL"
2025,"KOTA ADM. JAKARTA TIMUR",PULOGADUNG,"KAYU PUTIH","TPS PULOMAS KAYU PUTIH RW. 13 RT. 3","TIPE 1","DIPO INDOOR PULOMAS KEL. KAYU PUTIH"
2025,"KOTA ADM. JAKARTA TIMUR",CAKUNG,"CAKUNG BARAT","TPS BAK BETON RW 1","TIPE 3","NUGROHO, RW8M+RX8, JL. BEKASI TIMUR RAYA, RT.3/RW.1"
2025,"KOTA ADM. JAKARTA TIMUR",KRAMATJATI,CAWANG,"TPS RT1/RT2 RW 11 CAWANG - CAWANG","TIPE 3","WARUNG ELLYTA, CAWANG, KEC. KRAMAT JATI"
2025,"KOTA ADM. JAKARTA TIMUR",CIPAYUNG,CEGER,"PANTI SOSIAL BINA INSANI - CEGER","TIPE 4","JL. MANDOR HASAN NO.79, RT.7/RW.6"
2025,"KOTA ADM. JAKARTA TIMUR",CIPAYUNG,CEGER,"TPS BAK BETON JL. PERINTIS - CEGER","TIPE 3","JL. PERINTIS NO.36, RT.6/RW.5, CEGER"
2025,"KOTA ADM. JAKARTA TIMUR",KRAMATJATI,CILILITAN,"TPS LINTAS ( JL. MEYJEN SUTOYO ) - CILILITAN","TIPE 4","JL. MAYJEN SUTOYO NO.10, RT.2/RW.14, CILILITAN"
2025,"KOTA ADM. JAKARTA TIMUR",CIPAYUNG,CIPAYUNG,"TPS RT 01 RW 06 CIPAYUNG (JL. CIKAGO) - CIPAYUNG","TIPE 3","JL. PINTU AIR 2 NO.116, RT.2/RW.6, CIPAYUNG, KEC. CIPAYUNG"
2025,"KOTA ADM. JAKARTA TIMUR",CIPAYUNG,CIPAYUNG,"TPS RT 01 RW 06 CIPAYUNG (JL. PINTU AIR) - CIPAYUNG","TIPE 3","JL. PINTU AIR NO.10 2, RT.2/RW.6, CIPAYUNG, KEC. CIPAYUNG"
2025,"KOTA ADM. JAKARTA TIMUR",CIPAYUNG,CIPAYUNG,"POOL GEROBAK JL. MANDOR HASAN - CIPAYUNG","TIPE 4"," JL. MANDOR HASAN NO.20 5, RT.5/RW.1, BAMBU APUS"
2025,"KOTA ADM. JAKARTA TIMUR",PULOGADUNG,CIPINANG,"TPS RW 08 (KOLONG FLYOVER) - CIPINANG","TIPE 3","JL. CIPINANG LONTAR I NO.49 9, RT.9/RW.8, CIPINANG"
2025,"KOTA ADM. JAKARTA TIMUR",JATINEGARA,"CIPINANG BESAR UTARA","TPS RW 02 CBU - CIPINANG BESAR UTARA","TIPE 4","RT.12/RW.2, CIPINANG BESAR UTARA, KECAMATAN JATINEGARA"
2025,"KOTA ADM. JAKARTA TIMUR",JATINEGARA,"CIPINANG BESAR UTARA","POOL GEROBAK RW 02 - CIPINANG BESAR UTARA","TIPE 4","JL. JENDERAL BASUKI RACHMAT NO.16, RT.11/RW.2, CIPINANG BESAR UTARA"
2025,"KOTA ADM. JAKARTA TIMUR",JATINEGARA,"CIPINANG BESAR UTARA","POOL GEROBAK RW 03 - CIPINANG BESAR UTARA","TIPE 4","MAYOR JENDERAL DI PANJAITAN NO.8 8, RT.8/RW.7, CIPINANG BESAR UTARA"
2025,"KOTA ADM. JAKARTA TIMUR",JATINEGARA,"CIPINANG BESAR UTARA","POOL GEBOBAK RW 07 CBU - CIPINANG BESAR UTARA","TIPE 4","MAYOR JENDERAL DI PANJAITAN NO.8 8, RT.8/RW.7, CIPINANG BESAR UTARA"
2025,"KOTA ADM. JAKARTA UTARA",PENJARINGAN,PLUIT,"TPS RW. 017","TIPE 4","JL. PLUIT KARANG PERMAI RW. 017"
2025,"KOTA ADM. JAKARTA UTARA",PENJARINGAN,PLUIT,"TPS RW. 018","TIPE 4","JL. PLUIT KARANG PERMAI RW. 018"
2025,"KOTA ADM. JAKARTA UTARA",PENJARINGAN,PLUIT,"TPS PASAR. MUARA ANGKE","TIPE 2","JL. MUARA ANGKE (PS. MUARA ANGKE) "
2025,"KOTA ADM. JAKARTA UTARA",PENJARINGAN,PLUIT,"TPS PASAR MUARA KARANG ","TIPE 2","JL. NIAGA II MUARA KARANG"
2025,"KOTA ADM. JAKARTA UTARA",PENJARINGAN,PLUIT,"TPS RUSUN BUDHA SUCHI RW. 20 PLUIT ","TIPE 4","JL. DERMAGA KALI ADEM MUARA ANGKE"
2025,"KOTA ADM. JAKARTA UTARA",PENJARINGAN,PLUIT,"TPS MUARA ANGKE ","TIPE 1","JL. DERMAGA UJUNG MUARA ANGKE "
2025,"KOTA ADM. JAKARTA UTARA",PENJARINGAN,PLUIT,"TPS GREENBAY","TIPE 3","GREENBAY, PLUIT"
2025,"KOTA ADM. JAKARTA UTARA",PENJARINGAN,"KAPUK MUARA","TPS RW. 02","TIPE 2","JL. DUTA HARAPAN INDAH RW. 02"
2025,"KOTA ADM. JAKARTA UTARA",PENJARINGAN,"KAPUK MUARA","TPS RW. 03","TIPE 4","JL. KAPUK KENCANA"
2025,"KOTA ADM. JAKARTA UTARA",PENJARINGAN,"KAPUK MUARA","TPS RW. 04 ","TIPE 4","JL. KAPUK MUARA RAYA RW. 04"
2025,"KOTA ADM. JAKARTA UTARA",PENJARINGAN,"KAPUK MUARA","TPS RW. 05 ","TIPE 4","JL. VILLA KAPUK MAS RW. 05"
2025,"KOTA ADM. JAKARTA UTARA",PENJARINGAN,"KAPUK MUARA","TPS RW. 08 ","TIPE 4","JL. CAMAR RW. 08"
2025,"KOTA ADM. JAKARTA UTARA",PENJARINGAN,"KAPUK MUARA","TPS RW. 10","TIPE 4","KAPUK MUARA"
2025,"KOTA ADM. JAKARTA UTARA",PENJARINGAN,"KAPUK MUARA","TPS RUSUN KAPUK MUARA","TIPE 4","RUSUN KAPUK MUARA JL. SMP 122 RW. 09"
2025,"KOTA ADM. JAKARTA UTARA",PENJARINGAN,"KAMAL MUARA","TPS RW. 01 KEL. KAMAL MUARA","TIPE 4","JL. BUNDARAN KAMAL  RW. 01"
2025,"KOTA ADM. JAKARTA UTARA","TANJUNG PRIOK","TANJUNG PRIOK","TPS A9","TIPE 4","JL. KP. BAHARI RW. 013"
2025,"KOTA ADM. JAKARTA UTARA","TANJUNG PRIOK","TANJUNG PRIOK","TPS A11","TIPE 2","JL.  BAHARI 7 RW. 14"
2025,"KOTA ADM. JAKARTA UTARA","TANJUNG PRIOK","TANJUNG PRIOK","TPS A2","TIPE 2","JL. KP. BAHARI RW. 012"
2025,"KOTA ADM. JAKARTA UTARA","TANJUNG PRIOK","TANJUNG PRIOK","TPS TRANSITO A2","TIPE 2","KP. BAHARI RW. 012"
2025,"KOTA ADM. JAKARTA UTARA","TANJUNG PRIOK","TANJUNG PRIOK","TPS TERMINAL BUS TANJUNG PRIOK","TIPE 2","TERMINAL BUS TANJUNG PRIOK"
2025,"KOTA ADM. JAKARTA UTARA","TANJUNG PRIOK","TANJUNG PRIOK","TPS STASIUN TANJUNG PRIOK","TIPE 2","STATSIUN TANJUNG PRIOK"
2025,"KOTA ADM. JAKARTA UTARA","TANJUNG PRIOK","TANJUNG PRIOK","TPS KOLINLAMIL","TIPE 2","KOLINLAMIL TANJUNG PRIOK"
2025,"KOTA ADM. JAKARTA UTARA","TANJUNG PRIOK","TANJUNG PRIOK","TPS DIT POL AIR","TIPE 2","JL. RE. MARTHADINATA"
2025,"KOTA ADM. JAKARTA UTARA","TANJUNG PRIOK","TANJUNG PRIOK","TPS PASAR ANYAR BAHARI","TIPE 2","JL. TENGGIRI RAYA"
2025,"KOTA ADM. JAKARTA UTARA","TANJUNG PRIOK",PAPANGGO,"TPS WADUK CINCIN","TIPE 1","JL. DANAU BISMA BLOK E"
2025,"KOTA ADM. JAKARTA UTARA","TANJUNG PRIOK",PAPANGGO,"TPS SOLO BONE","TIPE 4","JL. RE. MARTHADINATA"
2025,"KOTA ADM. JAKARTA UTARA","TANJUNG PRIOK",PAPANGGO,"TPS TRANSITO","TIPE 2","RW. 004"
2025,"KOTA ADM. JAKARTA UTARA","TANJUNG PRIOK","SUNGAI BAMBU","TPS KENCANA","TIPE 4","JL. RAYA SUNGAI BAMBU RW. 008"
2025,"KOTA ADM. JAKARTA UTARA","TANJUNG PRIOK","SUNGAI BAMBU","TPS PASAR PELITA","TIPE 2","JL. JATI RW. 006"
2025,"KOTA ADM. JAKARTA UTARA","TANJUNG PRIOK",WARAKAS,"TPS PASAR WARAKAS 1","TIPE 2","JL. RAYA WARAKAS I"
2025,"KOTA ADM. JAKARTA UTARA","TANJUNG PRIOK",WARAKAS,"TPS WARAKAS 2","TIPE 4","WARAKAS 2"
2025,"KOTA ADM. JAKARTA UTARA","TANJUNG PRIOK","KEBON BAWANG","TPS GRJU JL. L YOS SUDARSO","TIPE 2","GRJU JL. YOS SUDARSO"
2025,"KOTA ADM. JAKARTA UTARA","TANJUNG PRIOK","KEBON BAWANG","TPS ARHANUDE","TIPE 4","JL. ARHANUDE RW. 15"
2025,"KOTA ADM. JAKARTA UTARA","TANJUNG PRIOK","KEBON BAWANG","TPS LINTAS","TIPE 4","JL. AMPERA"
2025,"KOTA ADM. JAKARTA UTARA","TANJUNG PRIOK","KEBON BAWANG","TPS PT. TELKOM","TIPE 4","JL. YOS SUDARSO"
2025,"KOTA ADM. JAKARTA UTARA","TANJUNG PRIOK","SUNTER AGUNG","TPS BULU AYAM","TIPE 4","JL. MARTHADINATA RW. 01"
2025,"KOTA ADM. JAKARTA UTARA","TANJUNG PRIOK","SUNTER AGUNG","TPS RW. 08","TIPE 4","JL. SUNTER AGUNG 20"
2025,"KOTA ADM. JAKARTA UTARA","TANJUNG PRIOK","SUNTER AGUNG","TPS RW. 010","TIPE 4","JL. AGUNG BARAT BLOK A3"
2025,"KOTA ADM. JAKARTA UTARA","TANJUNG PRIOK","SUNTER AGUNG","TPS RW. 020","TIPE 4","JL. GRIYA INTI SENTOSA RW. 20"
2025,"KOTA ADM. JAKARTA UTARA","TANJUNG PRIOK","SUNTER AGUNG","TPS SUNTER ICON","TIPE 2","JL. ANCOL SELATAN RW. 002"
2025,"KOTA ADM. JAKARTA UTARA","TANJUNG PRIOK","SUNTER AGUNG","TPS GRAHA SUNTER PRATAMA","TIPE 2","PERUMAHAN GSP RW. 002"
2025,"KOTA ADM. JAKARTA UTARA","TANJUNG PRIOK","SUNTER AGUNG","TPS DKI","TIPE 2","JL. SUNTER KARYA SELATAN V"
2025,"KOTA ADM. JAKARTA UTARA","TANJUNG PRIOK","SUNTER AGUNG","TPS RW. 009","TIPE 4","JL. SUNTER AGUNG 19 RW. 09"
2025,"KOTA ADM. JAKARTA UTARA","TANJUNG PRIOK","SUNTER AGUNG","TPS RW. 013","TIPE 4","RW. 13"
2025,"KOTA ADM. JAKARTA UTARA","TANJUNG PRIOK","SUNTER AGUNG","TPS RW. 015","TIPE 4","JL. DANAU SUNTER UTARA RW. 15"
2025,"KOTA ADM. JAKARTA UTARA","TANJUNG PRIOK","SUNTER AGUNG","TPS RW. 018","TIPE 4","JL. DANAU SUNTER UTARA RW. 18"
2025,"KOTA ADM. JAKARTA UTARA","TANJUNG PRIOK","SUNTER JAYA","TPS SUNTER JAYA","TIPE 1","JL. SUNTER JAYA I RW. 001"
2025,"KOTA ADM. JAKARTA UTARA","TANJUNG PRIOK","SUNTER JAYA","TPS BAK KEDONGDONG","TIPE 4","JL. KEDONDONG RW. 006"
2025,"KOTA ADM. JAKARTA UTARA","TANJUNG PRIOK","SUNTER JAYA","TPS BAK SOSRO","TIPE 4","JL. SUNTER KEMAYORAN RW. 09"
2025,"KOTA ADM. JAKARTA UTARA","TANJUNG PRIOK","SUNTER JAYA","TPS BAK HONDA","TIPE 4","JL. SUNTER KEMAYORAN RW. 09"
2025,"KOTA ADM. JAKARTA UTARA","TANJUNG PRIOK","SUNTER JAYA","TPS BAK SMR","TIPE 4","JL. MITRA SUNTER RW. 11"
2025,"KOTA ADM. JAKARTA UTARA",CILINCING,CILINCING,"TPS RW 11 (DUST BIN)","TIPE 3","RUSUN NAGRAK, CILINCING, KEC. CILINCING"
2025,"KOTA ADM. JAKARTA UTARA",CILINCING,CILINCING,"TPS RW 03 RT 9, 16 RW 04 RT 8 (DUST BIN)","TIPE 3","MASJID AL HIDAYAH, JL. NANGGALA NO.14 1, RT.1/RW.9"
2025,"KOTA ADM. JAKARTA UTARA",CILINCING,CILINCING,"TPS RW 04 RT 01 (BAK BETON) - CILINCING","TIPE 3","JL. RAYA CILINCING NO.1, CILINCING"
2025,"KOTA ADM. JAKARTA UTARA",CILINCING,CILINCING,"TPS TPI - CILINCING","TIPE 1","POS TNI AL MARUNDA, WW2Q+PR2, RW.2, CILINCING"
2025,"KOTA ADM. JAKARTA UTARA",CILINCING,CILINCING,"TPS RW 04 RT 02 (BAK BETON) - CILINCING","TIPE 3","JL. CILINCING LAMA NO.3 31, RT.3/RW.8"
2025,"KOTA ADM. JAKARTA UTARA",CILINCING,CILINCING,"TPS RW 04 RT 03 (BAK BETON) - CILINCING","TIPE 3","JL. KALI BANG LIO NO.8, RT.5/RW.4, CILINCING"
2025,"KOTA ADM. JAKARTA UTARA",CILINCING,CILINCING,"TPS RW 04 RT 4, 6 (BAK BETON)","TIPE 3","JL. KLP. DUA NO.24, RT.16/RW.3, CILINCING"
2025,"KOTA ADM. JAKARTA UTARA",CILINCING,CILINCING,"TPS RW 04 RT 05 (BAK BETON)","TIPE 3","JL. MASJID AL ALAM NO.34 3, RT.3/RW.4, CILINCING"
2025,"KOTA ADM. JAKARTA UTARA",CILINCING,CILINCING,"TPS RW 05 JL. PASAR PAGI (DILAYANI MOBIL LINTAS) - CILINCING","TIPE 2","JL. PS. PAGI CILINCING NO.5, RW.5, CILINCING"
2025,"KOTA ADM. JAKARTA UTARA",CILINCING,CILINCING,"TPS RW 05, 06 JL. RAYA CILINCING","TIPE 3"," RT.3/RW.9, CILINCING"
2025,"KOTA ADM. JAKARTA UTARA",CILINCING,CILINCING,"TPS RW 08 JL. RAYA CILINCING (DUSTBIN) - CILINCING","TIPE 3","JL. RAYA CILINCING NO.5, RT.6/RW.8, CILINCING"
2025,"KAB. ADM. KEP. SERIBU","KEPULAUAN SERIBU SELATAN","PULAU TIDUNG","TPS PULAU TIDUNG","TIPE 1","PULAU TIDUNG"
2025,"KAB. ADM. KEP. SERIBU","KEPULAUAN SERIBU SELATAN","PULAU PARI","TPS PULAU PARI","TIPE 4","PULAU PARI"
2025,"KAB. ADM. KEP. SERIBU","KEPULAUAN SERIBU SELATAN","PULAU UNTUNG JAWA","TPS PULAU UNTUNG JAWA","TIPE 4","PULAU UNTUNG JAWA"
2025,"KAB. ADM. KEP. SERIBU","KEPULAUAN SERIBU SELATAN","PULAU TIDUNG","TPS PULAU PAYUNG","TIPE 4","PULAU PAYUNG"
2025,"KAB. ADM. KEP. SERIBU","KEPULAUAN SERIBU SELATAN","PULAU PARI","TPS PULAU LANCANG","TIPE 4","PULAU LANCANG"
2025,"KAB. ADM. KEP. SERIBU","KEPULAUAN SERIBU UTARA","PULAU HARAPAN","TPS PULAU HARAPAN","TIPE 1","PULAU HARAPAN"
2025,"KAB. ADM. KEP. SERIBU","KEPULAUAN SERIBU UTARA","PULAU HARAPAN","TPS PULAU KELAPA","TIPE 4","PULAU KELAPA"
2025,"KAB. ADM. KEP. SERIBU","KEPULAUAN SERIBU UTARA","PULAU HARAPAN","TPS PULAU KELAPA DUA","TIPE 4","PULAU KELAPA DUA"
2025,"KAB. ADM. KEP. SERIBU","KEPULAUAN SERIBU UTARA","PULAU PANGGANG","TPS PULAU PANGGANG","TIPE 4","PULAU PANGGANG"
2025,"KAB. ADM. KEP. SERIBU","KEPULAUAN SERIBU UTARA","PULAU HARAPAN","TPS PULAU SEBIRA","TIPE 4","PULAU SEBIRA"
2025,"KAB. ADM. KEP. SERIBU","KEPULAUAN SERIBU UTARA","PULAU PANGGANG","TPS PULAU PRAMUKA","TIPE 4","PULAU PRAMUKA"
