source_id,kode_wilayah,wilayah,kecamatan,kelurahan,nama_tps,longitude,latitude,source,source_url,quality_note
972,1,KAB. KEPULAUAN SERIBU,KEPULAUAN SERIBU UTARA,PULAU HARAPAN,TPS PULAU HARAPAN,-5.65432598,106.57896092,SILIKA DLH /tps dynamic inline JS,https://silika.jakarta.go.id/tps,Official SILIKA TPS coordinate layer. No explicit capacity field exposed.
973,1,KAB. KEPULAUAN SERIBU,KEPULAUAN SERIBU SELATAN,PULAU TIDUNG,TPS PULAU TIDUNG,-5.797974,106.499458,SILIKA DLH /tps dynamic inline JS,https://silika.jakarta.go.id/tps,Official SILIKA TPS coordinate layer. No explicit capacity field exposed.
974,1,KAB. KEPULAUAN SERIBU,KEPULAUAN SERIBU SELATAN,PULAU PARI ,TPS PULAU PARI,-5.85903,106.61568,SILIKA DLH /tps dynamic inline JS,https://silika.jakarta.go.id/tps,Official SILIKA TPS coordinate layer. No explicit capacity field exposed.
975,1,KAB. KEPULAUAN SERIBU,KEPULAUAN SERIBU UTARA,PULAU KELAPA,TPS PULAU KELAPA,-5.654265,106.570444,SILIKA DLH /tps dynamic inline JS,https://silika.jakarta.go.id/tps,Official SILIKA TPS coordinate layer. No explicit capacity field exposed.
976,1,KAB. KEPULAUAN SERIBU,KEPULAUAN SERIBU UTARA,PULAU KELAPA,TPS PULAU KELAPA DUA,-5.650063333333334,106.56749833333333,SILIKA DLH /tps dynamic inline JS,https://silika.jakarta.go.id/tps,Official SILIKA TPS coordinate layer. No explicit capacity field exposed.
977,1,KAB. KEPULAUAN SERIBU,KEPULAUAN SERIBU SELATAN,PULAU UNTUNG JAWA,TPS PULAU UNTUNG JAWA,-5.97778,106.70812,SILIKA DLH /tps dynamic inline JS,https://silika.jakarta.go.id/tps,Official SILIKA TPS coordinate layer. No explicit capacity field exposed.
978,1,KAB. KEPULAUAN SERIBU,KEPULAUAN SERIBU SELATAN,PULAU TIDUNG,TPS PULAU PAYUNG,-5.82253,106.55382,SILIKA DLH /tps dynamic inline JS,https://silika.jakarta.go.id/tps,Official SILIKA TPS coordinate layer. No explicit capacity field exposed.
979,1,KAB. KEPULAUAN SERIBU,KEPULAUAN SERIBU UTARA,PULAU PANGGANG,TPS PULAU PANGGANG,-5.7409244444444445,106.6026961111111,SILIKA DLH /tps dynamic inline JS,https://silika.jakarta.go.id/tps,Official SILIKA TPS coordinate layer. No explicit capacity field exposed.
980,1,KAB. KEPULAUAN SERIBU,KEPULAUAN SERIBU UTARA,PULAU HARAPAN,TPS PULAU SABIRA,-5.2042984,106.4604278,SILIKA DLH /tps dynamic inline JS,https://silika.jakarta.go.id/tps,Official SILIKA TPS coordinate layer. No explicit capacity field exposed.
981,1,KAB. KEPULAUAN SERIBU,KEPULAUAN SERIBU SELATAN,PULAU PARI ,TPS PULAU LANCANG,-5.927322500000001,106.58549055555555,SILIKA DLH /tps dynamic inline JS,https://silika.jakarta.go.id/tps,Official SILIKA TPS coordinate layer. No explicit capacity field exposed.
982,1,KAB. KEPULAUAN SERIBU,KEPULAUAN SERIBU UTARA,PULAU PANGGANG,TPS PULAU PRAMUKA,-5.744695,106.61520666666667,SILIKA DLH /tps dynamic inline JS,https://silika.jakarta.go.id/tps,Official SILIKA TPS coordinate layer. No explicit capacity field exposed.
2,71,KOTA ADM. JAKARTA PUSAT,CEMPAKA PUTIH,CEMPAKA PUTIH BARAT,Pool Gerobak Cempaka Putih Barat II,-6.174357,106.860763,SILIKA DLH /tps dynamic inline JS,https://silika.jakarta.go.id/tps,Official SILIKA TPS coordinate layer. No explicit capacity field exposed.
3,71,KOTA ADM. JAKARTA PUSAT,CEMPAKA PUTIH,CEMPAKA PUTIH TIMUR,DIPO Rawa Kerbau,-6.185234,106.873574,SILIKA DLH /tps dynamic inline JS,https://silika.jakarta.go.id/tps,Official SILIKA TPS coordinate layer. No explicit capacity field exposed.
4,71,KOTA ADM. JAKARTA PUSAT,CEMPAKA PUTIH,CEMPAKA PUTIH BARAT,LPS Mardani Raya,-6.180833333,106.8605556,SILIKA DLH /tps dynamic inline JS,https://silika.jakarta.go.id/tps,Official SILIKA TPS coordinate layer. No explicit capacity field exposed.
5,71,KOTA ADM. JAKARTA PUSAT,CEMPAKA PUTIH,CEMPAKA PUTIH TIMUR,LPS Cempaka Putih Tengah XXXI,-6.180277778,106.8711111,SILIKA DLH /tps dynamic inline JS,https://silika.jakarta.go.id/tps,Official SILIKA TPS coordinate layer. No explicit capacity field exposed.
6,71,KOTA ADM. JAKARTA PUSAT,CEMPAKA PUTIH,CEMPAKA PUTIH TIMUR,LPS Cempaka Putih Tengah XXVII,-6.173888889,106.8722222,SILIKA DLH /tps dynamic inline JS,https://silika.jakarta.go.id/tps,Official SILIKA TPS coordinate layer. No explicit capacity field exposed.
7,71,KOTA ADM. JAKARTA PUSAT,CEMPAKA PUTIH,RAWASARI,LPS Percetakan Negara IX RW 04,-6.188888889,106.8616667,SILIKA DLH /tps dynamic inline JS,https://silika.jakarta.go.id/tps,Official SILIKA TPS coordinate layer. No explicit capacity field exposed.
8,71,KOTA ADM. JAKARTA PUSAT,CEMPAKA PUTIH,CEMPAKA PUTIH TIMUR,LPS Mahkamah Agung,-6.181666667,106.8744444,SILIKA DLH /tps dynamic inline JS,https://silika.jakarta.go.id/tps,Official SILIKA TPS coordinate layer. No explicit capacity field exposed.
9,71,KOTA ADM. JAKARTA PUSAT,GAMBIR,CIDENG,Asrama Polisi,-6.179444444,106.8125,SILIKA DLH /tps dynamic inline JS,https://silika.jakarta.go.id/tps,Official SILIKA TPS coordinate layer. No explicit capacity field exposed.
10,71,KOTA ADM. JAKARTA PUSAT,GAMBIR,GAMBIR,Pool Gerobak RW.04 Gambir Buntu,-6.179166667,106.8338889,SILIKA DLH /tps dynamic inline JS,https://silika.jakarta.go.id/tps,Official SILIKA TPS coordinate layer. No explicit capacity field exposed.
11,71,KOTA ADM. JAKARTA PUSAT,GAMBIR,PETOJO UTARA,TPS RW 07 dan RW 08,-6.1683619,106.8147294,SILIKA DLH /tps dynamic inline JS,https://silika.jakarta.go.id/tps,Official SILIKA TPS coordinate layer. No explicit capacity field exposed.
12,71,KOTA ADM. JAKARTA PUSAT,GAMBIR,CIDENG,Dipo Tanjung Selor,-6.164166667,106.8013889,SILIKA DLH /tps dynamic inline JS,https://silika.jakarta.go.id/tps,Official SILIKA TPS coordinate layer. No explicit capacity field exposed.
13,71,KOTA ADM. JAKARTA PUSAT,GAMBIR,PETOJO SELATAN,Dipo Tanah Abang 1,-6.171388889,106.8194444,SILIKA DLH /tps dynamic inline JS,https://silika.jakarta.go.id/tps,Official SILIKA TPS coordinate layer. No explicit capacity field exposed.
14,71,KOTA ADM. JAKARTA PUSAT,GAMBIR,PETOJO SELATAN,Walikota Pusat,-6.173611111,106.82,SILIKA DLH /tps dynamic inline JS,https://silika.jakarta.go.id/tps,Official SILIKA TPS coordinate layer. No explicit capacity field exposed.
15,71,KOTA ADM. JAKARTA PUSAT,GAMBIR,GAMBIR,Pool Gerobak RW.01 Pejambon,-6.175833333,106.8325,SILIKA DLH /tps dynamic inline JS,https://silika.jakarta.go.id/tps,Official SILIKA TPS coordinate layer. No explicit capacity field exposed.
16,71,KOTA ADM. JAKARTA PUSAT,GAMBIR,GAMBIR,TPS JL.BATU,-6.179166667,106.8338889,SILIKA DLH /tps dynamic inline JS,https://silika.jakarta.go.id/tps,Official SILIKA TPS coordinate layer. No explicit capacity field exposed.
17,71,KOTA ADM. JAKARTA PUSAT,GAMBIR,KEBON KELAPA,Gang 09,-6.160392,106.822839,SILIKA DLH /tps dynamic inline JS,https://silika.jakarta.go.id/tps,Official SILIKA TPS coordinate layer. No explicit capacity field exposed.
18,71,KOTA ADM. JAKARTA PUSAT,GAMBIR,PETOJO SELATAN,RW 03 Petojo Selatan,-6.176666667,106.8155556,SILIKA DLH /tps dynamic inline JS,https://silika.jakarta.go.id/tps,Official SILIKA TPS coordinate layer. No explicit capacity field exposed.
19,71,KOTA ADM. JAKARTA PUSAT,GAMBIR,PETOJO SELATAN,Gedung KONI,-6.171111111,106.8188889,SILIKA DLH /tps dynamic inline JS,https://silika.jakarta.go.id/tps,Official SILIKA TPS coordinate layer. No explicit capacity field exposed.
20,71,KOTA ADM. JAKARTA PUSAT,JOHAR BARU,JOHAR BARU,DIPO Johar Baru,-6.181666667,106.8558333,SILIKA DLH /tps dynamic inline JS,https://silika.jakarta.go.id/tps,Official SILIKA TPS coordinate layer. No explicit capacity field exposed.
21,71,KOTA ADM. JAKARTA PUSAT,JOHAR BARU,TANAH TINGGI,DIPO Kota Paris,-6.178055556,106.8516667,SILIKA DLH /tps dynamic inline JS,https://silika.jakarta.go.id/tps,Official SILIKA TPS coordinate layer. No explicit capacity field exposed.
22,71,KOTA ADM. JAKARTA PUSAT,JOHAR BARU,TANAH TINGGI,LPS Pulo Gundul,-6.180277778,106.8516667,SILIKA DLH /tps dynamic inline JS,https://silika.jakarta.go.id/tps,Official SILIKA TPS coordinate layer. No explicit capacity field exposed.
23,71,KOTA ADM. JAKARTA PUSAT,KEMAYORAN,GUNUNG SAHARI SELATAN,Dipo Kran,-6.157991,106.84569,SILIKA DLH /tps dynamic inline JS,https://silika.jakarta.go.id/tps,Official SILIKA TPS coordinate layer. No explicit capacity field exposed.
24,71,KOTA ADM. JAKARTA PUSAT,KEMAYORAN,KEBON KOSONG,LPS RW 06 Kebon Kosong,-6.157119,106.854098,SILIKA DLH /tps dynamic inline JS,https://silika.jakarta.go.id/tps,Official SILIKA TPS coordinate layer. No explicit capacity field exposed.
25,71,KOTA ADM. JAKARTA PUSAT,KEMAYORAN,KEBON KOSONG,LPS Rusun Apron RW 10,-6.155555556,106.8527778,SILIKA DLH /tps dynamic inline JS,https://silika.jakarta.go.id/tps,Official SILIKA TPS coordinate layer. No explicit capacity field exposed.
26,71,KOTA ADM. JAKARTA PUSAT,KEMAYORAN,CEMPAKA BARU,LPS RW 05 Cempaka Baru,-6.168161,106.867849,SILIKA DLH /tps dynamic inline JS,https://silika.jakarta.go.id/tps,Official SILIKA TPS coordinate layer. No explicit capacity field exposed.
27,71,KOTA ADM. JAKARTA PUSAT,KEMAYORAN,CEMPAKA BARU,LPS RW 06 Cempaka Baru,-6.170833333,106.8611111,SILIKA DLH /tps dynamic inline JS,https://silika.jakarta.go.id/tps,Official SILIKA TPS coordinate layer. No explicit capacity field exposed.
28,71,KOTA ADM. JAKARTA PUSAT,KEMAYORAN,CEMPAKA BARU,LPS RW 07 Cempaka Baru,-6.167777778,106.8622222,SILIKA DLH /tps dynamic inline JS,https://silika.jakarta.go.id/tps,Official SILIKA TPS coordinate layer. No explicit capacity field exposed.
29,71,KOTA ADM. JAKARTA PUSAT,KEMAYORAN,CEMPAKA BARU,LPS Sudiro,-6.170555556,106.8655556,SILIKA DLH /tps dynamic inline JS,https://silika.jakarta.go.id/tps,Official SILIKA TPS coordinate layer. No explicit capacity field exposed.
30,71,KOTA ADM. JAKARTA PUSAT,KEMAYORAN,CEMPAKA BARU,LPS Suprapto,-6.173888889,106.8561111,SILIKA DLH /tps dynamic inline JS,https://silika.jakarta.go.id/tps,Official SILIKA TPS coordinate layer. No explicit capacity field exposed.
31,71,KOTA ADM. JAKARTA PUSAT,KEMAYORAN,HARAPAN MULIA,LPS Perunggu,-6.173611111,106.8522222,SILIKA DLH /tps dynamic inline JS,https://silika.jakarta.go.id/tps,Official SILIKA TPS coordinate layer. No explicit capacity field exposed.
32,71,KOTA ADM. JAKARTA PUSAT,KEMAYORAN,UTAN PANJANG,LPS Kalibaru Timur,-6.167777778,106.8488889,SILIKA DLH /tps dynamic inline JS,https://silika.jakarta.go.id/tps,Official SILIKA TPS coordinate layer. No explicit capacity field exposed.
33,71,KOTA ADM. JAKARTA PUSAT,KEMAYORAN,KEBON KOSONG,TPS Dakota Kemayoran,-6.153888889,106.8594444,SILIKA DLH /tps dynamic inline JS,https://silika.jakarta.go.id/tps,Official SILIKA TPS coordinate layer. No explicit capacity field exposed.
34,71,KOTA ADM. JAKARTA PUSAT,KEMAYORAN,KEMAYORAN,LPS Kepu Selatan,-6.168333333,106.8433333,SILIKA DLH /tps dynamic inline JS,https://silika.jakarta.go.id/tps,Official SILIKA TPS coordinate layer. No explicit capacity field exposed.
35,71,KOTA ADM. JAKARTA PUSAT,KEMAYORAN,KEMAYORAN,LPS Benda (Jali-Jali),-6.164722222,106.8422222,SILIKA DLH /tps dynamic inline JS,https://silika.jakarta.go.id/tps,Official SILIKA TPS coordinate layer. No explicit capacity field exposed.
221,71,KOTA ADM. JAKARTA PUSAT,KEMAYORAN,KEMAYORAN,LPS Kepu Timur,-6.164444444,106.8447222,SILIKA DLH /tps dynamic inline JS,https://silika.jakarta.go.id/tps,Official SILIKA TPS coordinate layer. No explicit capacity field exposed.
222,71,KOTA ADM. JAKARTA PUSAT,KEMAYORAN,SUMUR BATU,LPS RW 02 Taman Pirus,-6.164722222,106.8675,SILIKA DLH /tps dynamic inline JS,https://silika.jakarta.go.id/tps,Official SILIKA TPS coordinate layer. No explicit capacity field exposed.
223,71,KOTA ADM. JAKARTA PUSAT,KEMAYORAN,SUMUR BATU,LPS Kodam Raya,-6.165833333,106.8722222,SILIKA DLH /tps dynamic inline JS,https://silika.jakarta.go.id/tps,Official SILIKA TPS coordinate layer. No explicit capacity field exposed.
224,71,KOTA ADM. JAKARTA PUSAT,KEMAYORAN,UTAN PANJANG,LPS Ardala,-6.161944444,106.8541667,SILIKA DLH /tps dynamic inline JS,https://silika.jakarta.go.id/tps,Official SILIKA TPS coordinate layer. No explicit capacity field exposed.
225,71,KOTA ADM. JAKARTA PUSAT,KEMAYORAN,UTAN PANJANG,LPS Sengon,-6.162222222,106.8538889,SILIKA DLH /tps dynamic inline JS,https://silika.jakarta.go.id/tps,Official SILIKA TPS coordinate layer. No explicit capacity field exposed.
226,71,KOTA ADM. JAKARTA PUSAT,KEMAYORAN,KEBON KOSONG,LPS Gempol,-6.1625,106.8533333,SILIKA DLH /tps dynamic inline JS,https://silika.jakarta.go.id/tps,Official SILIKA TPS coordinate layer. No explicit capacity field exposed.
227,71,KOTA ADM. JAKARTA PUSAT,KEMAYORAN,HARAPAN MULIA,Lintas Suprapto (Malam),-6.173888889,106.8561111,SILIKA DLH /tps dynamic inline JS,https://silika.jakarta.go.id/tps,Official SILIKA TPS coordinate layer. No explicit capacity field exposed.
228,71,KOTA ADM. JAKARTA PUSAT,KEMAYORAN,GUNUNG SAHARI SELATAN,Lintas Bungur,-6.162749,106.840366,SILIKA DLH /tps dynamic inline JS,https://silika.jakarta.go.id/tps,Official SILIKA TPS coordinate layer. No explicit capacity field exposed.
229,71,KOTA ADM. JAKARTA PUSAT,TANAH ABANG,KEBON KACANG,TPS RSTA RW 10,-6.191666667,106.815,SILIKA DLH /tps dynamic inline JS,https://silika.jakarta.go.id/tps,Official SILIKA TPS coordinate layer. No explicit capacity field exposed.
230,71,KOTA ADM. JAKARTA PUSAT,TANAH ABANG,PETAMBURAN,TPS RUSUN PETAMBURAN,-6.197777778,106.8080556,SILIKA DLH /tps dynamic inline JS,https://silika.jakarta.go.id/tps,Official SILIKA TPS coordinate layer. No explicit capacity field exposed.
231,71,KOTA ADM. JAKARTA PUSAT,TANAH ABANG,BENDUNGAN HILIR,DIPO PAM,-6.204722222,106.8097222,SILIKA DLH /tps dynamic inline JS,https://silika.jakarta.go.id/tps,Official SILIKA TPS coordinate layer. No explicit capacity field exposed.
232,71,KOTA ADM. JAKARTA PUSAT,TANAH ABANG,PETAMBURAN,TPS RW 04 PETAMBURAN,-6.196111111,106.8088889,SILIKA DLH /tps dynamic inline JS,https://silika.jakarta.go.id/tps,Official SILIKA TPS coordinate layer. No explicit capacity field exposed.
233,71,KOTA ADM. JAKARTA PUSAT,TANAH ABANG,KARET TENGSIN,TPS RW 07 KARET TENGSIN,-6.204444444,106.8108333,SILIKA DLH /tps dynamic inline JS,https://silika.jakarta.go.id/tps,Official SILIKA TPS coordinate layer. No explicit capacity field exposed.
234,71,KOTA ADM. JAKARTA PUSAT,TANAH ABANG,KEBON KACANG,TPS RSTA RW 11,-6.191944444,106.8186111,SILIKA DLH /tps dynamic inline JS,https://silika.jakarta.go.id/tps,Official SILIKA TPS coordinate layer. No explicit capacity field exposed.
235,71,KOTA ADM. JAKARTA PUSAT,TANAH ABANG,KEBON KACANG,TPS RUSUN KEBON KACANG RW 11,-6.187777778,106.8222222,SILIKA DLH /tps dynamic inline JS,https://silika.jakarta.go.id/tps,Official SILIKA TPS coordinate layer. No explicit capacity field exposed.
236,71,KOTA ADM. JAKARTA PUSAT,TANAH ABANG,BENDUNGAN HILIR,TPSS RW 07 Bendungan Hilir,-6.199166667,106.8108333,SILIKA DLH /tps dynamic inline JS,https://silika.jakarta.go.id/tps,Official SILIKA TPS coordinate layer. No explicit capacity field exposed.
237,71,KOTA ADM. JAKARTA PUSAT,TANAH ABANG,KAMPUNG BALI,LPS KAMPUNG BALI 25,-6.188333333,106.8180556,SILIKA DLH /tps dynamic inline JS,https://silika.jakarta.go.id/tps,Official SILIKA TPS coordinate layer. No explicit capacity field exposed.
238,71,KOTA ADM. JAKARTA PUSAT,TANAH ABANG,KAMPUNG BALI,LPS TAMAN KB. SIRIH 1,-6.1825,106.8175,SILIKA DLH /tps dynamic inline JS,https://silika.jakarta.go.id/tps,Official SILIKA TPS coordinate layer. No explicit capacity field exposed.
239,71,KOTA ADM. JAKARTA PUSAT,TANAH ABANG,KARET TENGSIN,Pool Gerobak Abdul Jalil,-6.204444444,106.8188889,SILIKA DLH /tps dynamic inline JS,https://silika.jakarta.go.id/tps,Official SILIKA TPS coordinate layer. No explicit capacity field exposed.
240,71,KOTA ADM. JAKARTA PUSAT,TANAH ABANG,KEBON KACANG,POOL GEROBAK KB. KACANG 9,-6.192222222,106.8188889,SILIKA DLH /tps dynamic inline JS,https://silika.jakarta.go.id/tps,Official SILIKA TPS coordinate layer. No explicit capacity field exposed.
241,71,KOTA ADM. JAKARTA PUSAT,TANAH ABANG,KEBON KACANG,POOL GEROBAK KB. KACANG 8,-6.186944444,106.8183333,SILIKA DLH /tps dynamic inline JS,https://silika.jakarta.go.id/tps,Official SILIKA TPS coordinate layer. No explicit capacity field exposed.
242,71,KOTA ADM. JAKARTA PUSAT,TANAH ABANG,KEBON MELATI,LPS TALANG BETUTU,-6.201111111,106.8183333,SILIKA DLH /tps dynamic inline JS,https://silika.jakarta.go.id/tps,Official SILIKA TPS coordinate layer. No explicit capacity field exposed.
243,71,KOTA ADM. JAKARTA PUSAT,TANAH ABANG,KEBON MELATI,TPS RW 012 Kebon Melati,-6.1925,106.8122222,SILIKA DLH /tps dynamic inline JS,https://silika.jakarta.go.id/tps,Official SILIKA TPS coordinate layer. No explicit capacity field exposed.
244,71,KOTA ADM. JAKARTA PUSAT,KEMAYORAN,CEMPAKA BARU,Lintas Suprapto (Pagi),-6.171944444,106.8630556,SILIKA DLH /tps dynamic inline JS,https://silika.jakarta.go.id/tps,Official SILIKA TPS coordinate layer. No explicit capacity field exposed.
245,71,KOTA ADM. JAKARTA PUSAT,MENTENG,CIKINI,TPS RW 03 CIKINI ,-6.196666667,106.84,SILIKA DLH /tps dynamic inline JS,https://silika.jakarta.go.id/tps,Official SILIKA TPS coordinate layer. No explicit capacity field exposed.
246,71,KOTA ADM. JAKARTA PUSAT,MENTENG,MENTENG,TPS MENTENG TENGGULUN ,-6.207222222,106.8433333,SILIKA DLH /tps dynamic inline JS,https://silika.jakarta.go.id/tps,Official SILIKA TPS coordinate layer. No explicit capacity field exposed.
247,71,KOTA ADM. JAKARTA PUSAT,MENTENG,PEGANGSAAN,TPS TAMAN KIMIA ,-6.198611111,106.8444444,SILIKA DLH /tps dynamic inline JS,https://silika.jakarta.go.id/tps,Official SILIKA TPS coordinate layer. No explicit capacity field exposed.
248,71,KOTA ADM. JAKARTA PUSAT,MENTENG,PEGANGSAAN,DIPO MATRAMAN ,-6.202777778,106.8516667,SILIKA DLH /tps dynamic inline JS,https://silika.jakarta.go.id/tps,Official SILIKA TPS coordinate layer. No explicit capacity field exposed.
249,71,KOTA ADM. JAKARTA PUSAT,MENTENG,CIKINI,TPS TIM ,-6.191944444,106.8419444,SILIKA DLH /tps dynamic inline JS,https://silika.jakarta.go.id/tps,Official SILIKA TPS coordinate layer. No explicit capacity field exposed.
250,71,KOTA ADM. JAKARTA PUSAT,MENTENG,MENTENG,TPS RW 01 MENTENG TENGGULUN ,-6.207222222,106.8436111,SILIKA DLH /tps dynamic inline JS,https://silika.jakarta.go.id/tps,Official SILIKA TPS coordinate layer. No explicit capacity field exposed.
251,71,KOTA ADM. JAKARTA PUSAT,MENTENG,PEGANGSAAN,TPS RW 01 Pegangsaan,-6.197222222,106.8422222,SILIKA DLH /tps dynamic inline JS,https://silika.jakarta.go.id/tps,Official SILIKA TPS coordinate layer. No explicit capacity field exposed.
252,71,KOTA ADM. JAKARTA PUSAT,MENTENG,CIKINI,Pool Gerobak Cut Mutia ,-6.186666667,106.8233333,SILIKA DLH /tps dynamic inline JS,https://silika.jakarta.go.id/tps,Official SILIKA TPS coordinate layer. No explicit capacity field exposed.
253,71,KOTA ADM. JAKARTA PUSAT,MENTENG,MENTENG,Pool Gerobak Latuharhary ,-6.205,106.8380556,SILIKA DLH /tps dynamic inline JS,https://silika.jakarta.go.id/tps,Official SILIKA TPS coordinate layer. No explicit capacity field exposed.
254,71,KOTA ADM. JAKARTA PUSAT,MENTENG,MENTENG,TPS Anyer Menteng Rw 02,-6.203333333,106.8447222,SILIKA DLH /tps dynamic inline JS,https://silika.jakarta.go.id/tps,Official SILIKA TPS coordinate layer. No explicit capacity field exposed.
255,71,KOTA ADM. JAKARTA PUSAT,SAWAH BESAR,PASAR BARU,LPS Metro ,-6.160277778,106.8319444,SILIKA DLH /tps dynamic inline JS,https://silika.jakarta.go.id/tps,Official SILIKA TPS coordinate layer. No explicit capacity field exposed.
256,71,KOTA ADM. JAKARTA PUSAT,SENEN,KENARI,Pool Gerobak Kenari 2 ,-6.193055556,106.8463889,SILIKA DLH /tps dynamic inline JS,https://silika.jakarta.go.id/tps,Official SILIKA TPS coordinate layer. No explicit capacity field exposed.
257,71,KOTA ADM. JAKARTA PUSAT,SENEN,KWITANG,LPS Gunung Agung Kwitang ,-6.183055556,106.8363889,SILIKA DLH /tps dynamic inline JS,https://silika.jakarta.go.id/tps,Official SILIKA TPS coordinate layer. No explicit capacity field exposed.
258,71,KOTA ADM. JAKARTA PUSAT,SENEN,PASEBAN,Pool Gerobak Salemba Tengah ,-6.193611111,106.8513889,SILIKA DLH /tps dynamic inline JS,https://silika.jakarta.go.id/tps,Official SILIKA TPS coordinate layer. No explicit capacity field exposed.
259,71,KOTA ADM. JAKARTA PUSAT,SENEN,PASEBAN,LPS Pramuka Jati ,-6.195833333,106.8577778,SILIKA DLH /tps dynamic inline JS,https://silika.jakarta.go.id/tps,Official SILIKA TPS coordinate layer. No explicit capacity field exposed.
260,71,KOTA ADM. JAKARTA PUSAT,SENEN,BUNGUR,DIPO TEMBOK BERLIN ,-6.171388889,106.8436111,SILIKA DLH /tps dynamic inline JS,https://silika.jakarta.go.id/tps,Official SILIKA TPS coordinate layer. No explicit capacity field exposed.
261,71,KOTA ADM. JAKARTA PUSAT,SENEN,PASEBAN,LPS RW 07 Kramat Sawah ,-6.191388889,106.8547222,SILIKA DLH /tps dynamic inline JS,https://silika.jakarta.go.id/tps,Official SILIKA TPS coordinate layer. No explicit capacity field exposed.
262,71,KOTA ADM. JAKARTA PUSAT,SENEN,KRAMAT,LINTAS PROTOKOL ,-6.176944444,106.8438889,SILIKA DLH /tps dynamic inline JS,https://silika.jakarta.go.id/tps,Official SILIKA TPS coordinate layer. No explicit capacity field exposed.
263,71,KOTA ADM. JAKARTA PUSAT,SENEN,KWITANG,LINTAS JALI-JALI ,-6.185555556,106.8388889,SILIKA DLH /tps dynamic inline JS,https://silika.jakarta.go.id/tps,Official SILIKA TPS coordinate layer. No explicit capacity field exposed.
264,71,KOTA ADM. JAKARTA PUSAT,SENEN,KENARI,LINTAS KRAMAT 5 ,-6.187777778,106.8441667,SILIKA DLH /tps dynamic inline JS,https://silika.jakarta.go.id/tps,Official SILIKA TPS coordinate layer. No explicit capacity field exposed.
265,71,KOTA ADM. JAKARTA PUSAT,MENTENG,MENTENG,Pool Gerobak Blora ,-6.200833333,106.8233333,SILIKA DLH /tps dynamic inline JS,https://silika.jakarta.go.id/tps,Official SILIKA TPS coordinate layer. No explicit capacity field exposed.
266,71,KOTA ADM. JAKARTA PUSAT,SAWAH BESAR,GUNUNG SAHARI UTARA,DIPO Gunung Sahari Utara ,-6.151388889,106.8386111,SILIKA DLH /tps dynamic inline JS,https://silika.jakarta.go.id/tps,Official SILIKA TPS coordinate layer. No explicit capacity field exposed.
267,71,KOTA ADM. JAKARTA PUSAT,SAWAH BESAR,KARTINI,LPS Kartini Tengah ,-6.154444444,106.8358333,SILIKA DLH /tps dynamic inline JS,https://silika.jakarta.go.id/tps,Official SILIKA TPS coordinate layer. No explicit capacity field exposed.
268,71,KOTA ADM. JAKARTA PUSAT,SAWAH BESAR,KARTINI,LPS Kartini Ujung ,-6.149444444,106.8344444,SILIKA DLH /tps dynamic inline JS,https://silika.jakarta.go.id/tps,Official SILIKA TPS coordinate layer. No explicit capacity field exposed.
269,71,KOTA ADM. JAKARTA PUSAT,SAWAH BESAR,MANGGA DUA SELATAN,LPS Jembatan Merah ,-6.146111111,106.8316667,SILIKA DLH /tps dynamic inline JS,https://silika.jakarta.go.id/tps,Official SILIKA TPS coordinate layer. No explicit capacity field exposed.
270,71,KOTA ADM. JAKARTA PUSAT,SAWAH BESAR,MANGGA DUA SELATAN,LPS Mangga Dua Dalam ,-6.137222222,106.8269444,SILIKA DLH /tps dynamic inline JS,https://silika.jakarta.go.id/tps,Official SILIKA TPS coordinate layer. No explicit capacity field exposed.
271,71,KOTA ADM. JAKARTA PUSAT,SAWAH BESAR,KARANG ANYAR,LPS Karang Anyar ,-6.155555556,106.8272222,SILIKA DLH /tps dynamic inline JS,https://silika.jakarta.go.id/tps,Official SILIKA TPS coordinate layer. No explicit capacity field exposed.
272,71,KOTA ADM. JAKARTA PUSAT,SAWAH BESAR,MANGGA DUA SELATAN,LPS Mangga Besar 13 ,-6.1475,106.8266667,SILIKA DLH /tps dynamic inline JS,https://silika.jakarta.go.id/tps,Official SILIKA TPS coordinate layer. No explicit capacity field exposed.
273,71,KOTA ADM. JAKARTA PUSAT,SAWAH BESAR,PASAR BARU,LPS Djuanda ,-6.164166667,106.8297222,SILIKA DLH /tps dynamic inline JS,https://silika.jakarta.go.id/tps,Official SILIKA TPS coordinate layer. No explicit capacity field exposed.
686,71,KOTA ADM. JAKARTA PUSAT,TANAH ABANG,KEBON MELATI,Dipo Pln Kebon Melati,-6.199722222,106.8136111,SILIKA DLH /tps dynamic inline JS,https://silika.jakarta.go.id/tps,Official SILIKA TPS coordinate layer. No explicit capacity field exposed.
743,71,KOTA ADM. JAKARTA PUSAT,GAMBIR,CIDENG,Dinas Teknis ,-6.179444444,106.8105556,SILIKA DLH /tps dynamic inline JS,https://silika.jakarta.go.id/tps,Official SILIKA TPS coordinate layer. No explicit capacity field exposed.
744,71,KOTA ADM. JAKARTA PUSAT,TANAH ABANG,BENDUNGAN HILIR,TPS Rusun Benhil 2,-6.200555556,106.8083333,SILIKA DLH /tps dynamic inline JS,https://silika.jakarta.go.id/tps,Official SILIKA TPS coordinate layer. No explicit capacity field exposed.
745,71,KOTA ADM. JAKARTA PUSAT,TANAH ABANG,BENDUNGAN HILIR,TPS Rusun Benhil 1,-6.201944444,106.8055556,SILIKA DLH /tps dynamic inline JS,https://silika.jakarta.go.id/tps,Official SILIKA TPS coordinate layer. No explicit capacity field exposed.
746,71,KOTA ADM. JAKARTA PUSAT,GAMBIR,KEBON KELAPA,Dipo Kebon Kelapa ,-6.164722222,106.8294444,SILIKA DLH /tps dynamic inline JS,https://silika.jakarta.go.id/tps,Official SILIKA TPS coordinate layer. No explicit capacity field exposed.
747,71,KOTA ADM. JAKARTA PUSAT,JOHAR BARU,GALUR,LPS Gembrong,-6.178055556,106.855,SILIKA DLH /tps dynamic inline JS,https://silika.jakarta.go.id/tps,Official SILIKA TPS coordinate layer. No explicit capacity field exposed.
748,71,KOTA ADM. JAKARTA PUSAT,GAMBIR,DURI PULO,RW 12 Duri Pulo,-6.161626,106.801328,SILIKA DLH /tps dynamic inline JS,https://silika.jakarta.go.id/tps,Official SILIKA TPS coordinate layer. No explicit capacity field exposed.
749,71,KOTA ADM. JAKARTA PUSAT,GAMBIR,DURI PULO,RW 07 Duri Pulo,-6.16343,106.809488,SILIKA DLH /tps dynamic inline JS,https://silika.jakarta.go.id/tps,Official SILIKA TPS coordinate layer. No explicit capacity field exposed.
795,71,KOTA ADM. JAKARTA PUSAT,CEMPAKA PUTIH,CEMPAKA PUTIH TIMUR,LPS RW 04 Cempaka Putih Tengah 33,-6.179166667,106.8713889,SILIKA DLH /tps dynamic inline JS,https://silika.jakarta.go.id/tps,Official SILIKA TPS coordinate layer. No explicit capacity field exposed.
796,71,KOTA ADM. JAKARTA PUSAT,CEMPAKA PUTIH,RAWASARI,LPS Taman Pramuka,-6.193888889,106.8608333,SILIKA DLH /tps dynamic inline JS,https://silika.jakarta.go.id/tps,Official SILIKA TPS coordinate layer. No explicit capacity field exposed.
890,71,KOTA ADM. JAKARTA PUSAT,GAMBIR,DURI PULO,Dipo Ketapang,-6.1611311,106.810197,SILIKA DLH /tps dynamic inline JS,https://silika.jakarta.go.id/tps,Official SILIKA TPS coordinate layer. No explicit capacity field exposed.
891,71,KOTA ADM. JAKARTA PUSAT,KEMAYORAN,GUNUNG SAHARI SELATAN,Armabar Rw. 07,-6.1639981,106.838666,SILIKA DLH /tps dynamic inline JS,https://silika.jakarta.go.id/tps,Official SILIKA TPS coordinate layer. No explicit capacity field exposed.
892,71,KOTA ADM. JAKARTA PUSAT,KEMAYORAN,GUNUNG SAHARI SELATAN,BMKG,-6.1562933,106.8413675,SILIKA DLH /tps dynamic inline JS,https://silika.jakarta.go.id/tps,Official SILIKA TPS coordinate layer. No explicit capacity field exposed.
893,71,KOTA ADM. JAKARTA PUSAT,KEMAYORAN,KEMAYORAN,Jl. Bangau,-6.1694846,106.8418725,SILIKA DLH /tps dynamic inline JS,https://silika.jakarta.go.id/tps,Official SILIKA TPS coordinate layer. No explicit capacity field exposed.
894,71,KOTA ADM. JAKARTA PUSAT,KEMAYORAN,GUNUNG SAHARI SELATAN,Pasar Gombongan,-6.1611766,106.8409544,SILIKA DLH /tps dynamic inline JS,https://silika.jakarta.go.id/tps,Official SILIKA TPS coordinate layer. No explicit capacity field exposed.
895,71,KOTA ADM. JAKARTA PUSAT,KEMAYORAN,GUNUNG SAHARI SELATAN,Golden Trully,-6.1613996,106.8380437,SILIKA DLH /tps dynamic inline JS,https://silika.jakarta.go.id/tps,Official SILIKA TPS coordinate layer. No explicit capacity field exposed.
896,71,KOTA ADM. JAKARTA PUSAT,KEMAYORAN,KEBON KOSONG,Rw. 01 & 02 Kebon Kosong,-6.1695388,106.8459569,SILIKA DLH /tps dynamic inline JS,https://silika.jakarta.go.id/tps,Official SILIKA TPS coordinate layer. No explicit capacity field exposed.
897,71,KOTA ADM. JAKARTA PUSAT,KEMAYORAN,KEBON KOSONG,Rw. 03 & 04 Kebon Kosong,-6.1619999,106.8509717,SILIKA DLH /tps dynamic inline JS,https://silika.jakarta.go.id/tps,Official SILIKA TPS coordinate layer. No explicit capacity field exposed.
898,71,KOTA ADM. JAKARTA PUSAT,KEMAYORAN,KEBON KOSONG,Boutiqe Apartment,-6.1570175,106.8522457,SILIKA DLH /tps dynamic inline JS,https://silika.jakarta.go.id/tps,Official SILIKA TPS coordinate layer. No explicit capacity field exposed.
899,71,KOTA ADM. JAKARTA PUSAT,KEMAYORAN,SERDANG,Pasar Serdang,-6.1565785,106.862519,SILIKA DLH /tps dynamic inline JS,https://silika.jakarta.go.id/tps,Official SILIKA TPS coordinate layer. No explicit capacity field exposed.
900,71,KOTA ADM. JAKARTA PUSAT,KEMAYORAN,CEMPAKA BARU,LPS Suprapto ( Malam ),-6.173888889,106.8561111,SILIKA DLH /tps dynamic inline JS,https://silika.jakarta.go.id/tps,Official SILIKA TPS coordinate layer. No explicit capacity field exposed.
901,71,KOTA ADM. JAKARTA PUSAT,KEMAYORAN,HARAPAN MULIA,Pasar Cempaka Sari,-6.169846,106.8554343,SILIKA DLH /tps dynamic inline JS,https://silika.jakarta.go.id/tps,Official SILIKA TPS coordinate layer. No explicit capacity field exposed.
902,71,KOTA ADM. JAKARTA PUSAT,KEMAYORAN,UTAN PANJANG,Pasar Nangka,-6.1682272,106.8495938,SILIKA DLH /tps dynamic inline JS,https://silika.jakarta.go.id/tps,Official SILIKA TPS coordinate layer. No explicit capacity field exposed.
903,71,KOTA ADM. JAKARTA PUSAT,KEMAYORAN,UTAN PANJANG,Pasar Kemayoran,-6.1610343,106.8528977,SILIKA DLH /tps dynamic inline JS,https://silika.jakarta.go.id/tps,Official SILIKA TPS coordinate layer. No explicit capacity field exposed.
904,71,KOTA ADM. JAKARTA PUSAT,KEMAYORAN,KEMAYORAN,Pasar Gardu Asem,-6.1650345,106.8468533,SILIKA DLH /tps dynamic inline JS,https://silika.jakarta.go.id/tps,Official SILIKA TPS coordinate layer. No explicit capacity field exposed.
905,71,KOTA ADM. JAKARTA PUSAT,KEMAYORAN,SUMUR BATU,LPS Rw. 04,-6.1617807,106.8677946,SILIKA DLH /tps dynamic inline JS,https://silika.jakarta.go.id/tps,Official SILIKA TPS coordinate layer. No explicit capacity field exposed.
906,71,KOTA ADM. JAKARTA PUSAT,KEMAYORAN,SUMUR BATU,LPS Rw. 02,-6.1616372,106.868259,SILIKA DLH /tps dynamic inline JS,https://silika.jakarta.go.id/tps,Official SILIKA TPS coordinate layer. No explicit capacity field exposed.
907,71,KOTA ADM. JAKARTA PUSAT,KEMAYORAN,SUMUR BATU,Pasar Sumur Batu,-6.165,106.8621613,SILIKA DLH /tps dynamic inline JS,https://silika.jakarta.go.id/tps,Official SILIKA TPS coordinate layer. No explicit capacity field exposed.
908,71,KOTA ADM. JAKARTA PUSAT,KEMAYORAN,SUMUR BATU,Rw. 08 Sumur Batu,-6.1622417,106.8742224,SILIKA DLH /tps dynamic inline JS,https://silika.jakarta.go.id/tps,Official SILIKA TPS coordinate layer. No explicit capacity field exposed.
1093,71,KOTA ADM. JAKARTA PUSAT,KEMAYORAN,CEMPAKA BARU,LPS RW 08 Cempaka Baru,-6.166198,106.863536,SILIKA DLH /tps dynamic inline JS,https://silika.jakarta.go.id/tps,Official SILIKA TPS coordinate layer. No explicit capacity field exposed.
1098,71,KOTA ADM. JAKARTA PUSAT,SENEN,KWITANG,TPS Gunung Agung ,-6.181900266601883,106.83816617759,SILIKA DLH /tps dynamic inline JS,https://silika.jakarta.go.id/tps,Official SILIKA TPS coordinate layer. No explicit capacity field exposed.
645,72,KOTA ADM. JAKARTA UTARA,PENJARINGAN,PLUIT,LPS RW 06,-6.120833333,106.7888889,SILIKA DLH /tps dynamic inline JS,https://silika.jakarta.go.id/tps,Official SILIKA TPS coordinate layer. No explicit capacity field exposed.
646,72,KOTA ADM. JAKARTA UTARA,PENJARINGAN,PLUIT,Pool gerobak RW 08 Pluit,-6.121388889,106.7747222,SILIKA DLH /tps dynamic inline JS,https://silika.jakarta.go.id/tps,Official SILIKA TPS coordinate layer. No explicit capacity field exposed.
647,72,KOTA ADM. JAKARTA UTARA,PENJARINGAN,PLUIT,Pool gerobak RW 15 Pluit,-6.1225,106.7761111,SILIKA DLH /tps dynamic inline JS,https://silika.jakarta.go.id/tps,Official SILIKA TPS coordinate layer. No explicit capacity field exposed.
648,72,KOTA ADM. JAKARTA UTARA,PENJARINGAN,PLUIT,Lintas door to door RW 07 ,-6.1225,106.7875,SILIKA DLH /tps dynamic inline JS,https://silika.jakarta.go.id/tps,Official SILIKA TPS coordinate layer. No explicit capacity field exposed.
649,72,KOTA ADM. JAKARTA UTARA,PENJARINGAN,PLUIT,Lintas door to door Rw 09 ,-6.124166667,106.7955556,SILIKA DLH /tps dynamic inline JS,https://silika.jakarta.go.id/tps,Official SILIKA TPS coordinate layer. No explicit capacity field exposed.
650,72,KOTA ADM. JAKARTA UTARA,PADEMANGAN,PADEMANGAN BARAT,Pool gerobak RW 13 ,-6.131666667,106.8316667,SILIKA DLH /tps dynamic inline JS,https://silika.jakarta.go.id/tps,Official SILIKA TPS coordinate layer. No explicit capacity field exposed.
651,72,KOTA ADM. JAKARTA UTARA,PADEMANGAN,ANCOL,Lintas RW 12 ,-6.141111111,106.8375,SILIKA DLH /tps dynamic inline JS,https://silika.jakarta.go.id/tps,Official SILIKA TPS coordinate layer. No explicit capacity field exposed.
652,72,KOTA ADM. JAKARTA UTARA,PADEMANGAN,PADEMANGAN BARAT,Lintas RW 11 ,-6.13,106.8427778,SILIKA DLH /tps dynamic inline JS,https://silika.jakarta.go.id/tps,Official SILIKA TPS coordinate layer. No explicit capacity field exposed.
657,72,KOTA ADM. JAKARTA UTARA,CILINCING,SUKAPURA,Lintas Perumahan RW 08 Bea Cukai ,-6.15231,106.923177,SILIKA DLH /tps dynamic inline JS,https://silika.jakarta.go.id/tps,Official SILIKA TPS coordinate layer. No explicit capacity field exposed.
658,72,KOTA ADM. JAKARTA UTARA,CILINCING,SEMPER BARAT,TPS Rawa Indah RT 03 ,-6.144656,106.915433,SILIKA DLH /tps dynamic inline JS,https://silika.jakarta.go.id/tps,Official SILIKA TPS coordinate layer. No explicit capacity field exposed.
659,72,KOTA ADM. JAKARTA UTARA,CILINCING,SUKAPURA,TPS Rawa Indah ,-6.143696,106.915749,SILIKA DLH /tps dynamic inline JS,https://silika.jakarta.go.id/tps,Official SILIKA TPS coordinate layer. No explicit capacity field exposed.
660,72,KOTA ADM. JAKARTA UTARA,CILINCING,CILINCING,TPS RW 05 Pelindo ,-6.11081,106.936781,SILIKA DLH /tps dynamic inline JS,https://silika.jakarta.go.id/tps,Official SILIKA TPS coordinate layer. No explicit capacity field exposed.
661,72,KOTA ADM. JAKARTA UTARA,CILINCING,CILINCING,TPS RT 16/ RW 03 CILINCING,-6.100596,106.934312,SILIKA DLH /tps dynamic inline JS,https://silika.jakarta.go.id/tps,Official SILIKA TPS coordinate layer. No explicit capacity field exposed.
662,72,KOTA ADM. JAKARTA UTARA,CILINCING,CILINCING,TPS RT 11/ RW 04 CILINCING,-6.100486,106.93462,SILIKA DLH /tps dynamic inline JS,https://silika.jakarta.go.id/tps,Official SILIKA TPS coordinate layer. No explicit capacity field exposed.
663,72,KOTA ADM. JAKARTA UTARA,CILINCING,KALIBARU,TPS RW 14 ,-6.103246,106.927966,SILIKA DLH /tps dynamic inline JS,https://silika.jakarta.go.id/tps,Official SILIKA TPS coordinate layer. No explicit capacity field exposed.
664,72,KOTA ADM. JAKARTA UTARA,CILINCING,KALIBARU,TPS RW 13 Kp. Kerang Hijau ,-6.098562,106.93292,SILIKA DLH /tps dynamic inline JS,https://silika.jakarta.go.id/tps,Official SILIKA TPS coordinate layer. No explicit capacity field exposed.
665,72,KOTA ADM. JAKARTA UTARA,CILINCING,KALIBARU,"TPS RW 02, RW 03 KALIBARU",-6.102866,106.928259,SILIKA DLH /tps dynamic inline JS,https://silika.jakarta.go.id/tps,Official SILIKA TPS coordinate layer. No explicit capacity field exposed.
666,72,KOTA ADM. JAKARTA UTARA,CILINCING,KALIBARU,Dipo RW 08 Kalibaru ,-6.10573,106.91446,SILIKA DLH /tps dynamic inline JS,https://silika.jakarta.go.id/tps,Official SILIKA TPS coordinate layer. No explicit capacity field exposed.
667,72,KOTA ADM. JAKARTA UTARA,CILINCING,ROROTAN,TPS RW 07 Rorotan ,-6.157344,106.958426,SILIKA DLH /tps dynamic inline JS,https://silika.jakarta.go.id/tps,Official SILIKA TPS coordinate layer. No explicit capacity field exposed.
668,72,KOTA ADM. JAKARTA UTARA,CILINCING,ROROTAN,TPS RW 12 Rorotan ,-6.1558022,106.948387,SILIKA DLH /tps dynamic inline JS,https://silika.jakarta.go.id/tps,Official SILIKA TPS coordinate layer. No explicit capacity field exposed.
669,72,KOTA ADM. JAKARTA UTARA,CILINCING,ROROTAN,TPS RW 10 Rorotan ,-6.155839,106.953069,SILIKA DLH /tps dynamic inline JS,https://silika.jakarta.go.id/tps,Official SILIKA TPS coordinate layer. No explicit capacity field exposed.
670,72,KOTA ADM. JAKARTA UTARA,CILINCING,ROROTAN,TPS RW 04 Rorotan ,-6.160475,106.94918,SILIKA DLH /tps dynamic inline JS,https://silika.jakarta.go.id/tps,Official SILIKA TPS coordinate layer. No explicit capacity field exposed.
671,72,KOTA ADM. JAKARTA UTARA,CILINCING,MARUNDA,TPS Cabang 4 RW 03 ,-6.123964,106.960209,SILIKA DLH /tps dynamic inline JS,https://silika.jakarta.go.id/tps,Official SILIKA TPS coordinate layer. No explicit capacity field exposed.
672,72,KOTA ADM. JAKARTA UTARA,CILINCING,MARUNDA,TPS Rusun Marunda RW 10 ,-6.096953,106.96293,SILIKA DLH /tps dynamic inline JS,https://silika.jakarta.go.id/tps,Official SILIKA TPS coordinate layer. No explicit capacity field exposed.
673,72,KOTA ADM. JAKARTA UTARA,CILINCING,MARUNDA,TPS Rusun Marunda  ,-6.096817,106.963452,SILIKA DLH /tps dynamic inline JS,https://silika.jakarta.go.id/tps,Official SILIKA TPS coordinate layer. No explicit capacity field exposed.
674,72,KOTA ADM. JAKARTA UTARA,CILINCING,SEMPER BARAT,Bak Beton RW. 01 Semper Barat ,-6.1306,106.9281,SILIKA DLH /tps dynamic inline JS,https://silika.jakarta.go.id/tps,Official SILIKA TPS coordinate layer. No explicit capacity field exposed.
675,72,KOTA ADM. JAKARTA UTARA,CILINCING,CILINCING,TPS RW 03 Budi Dharma ,-6.1142,106.9278,SILIKA DLH /tps dynamic inline JS,https://silika.jakarta.go.id/tps,Official SILIKA TPS coordinate layer. No explicit capacity field exposed.
676,72,KOTA ADM. JAKARTA UTARA,CILINCING,CILINCING,TPS RW 09 Airud ,-6.1081,106.9292,SILIKA DLH /tps dynamic inline JS,https://silika.jakarta.go.id/tps,Official SILIKA TPS coordinate layer. No explicit capacity field exposed.
677,72,KOTA ADM. JAKARTA UTARA,CILINCING,CILINCING,TPS RW 03 Sungai Begog ,-6.1178,106.9344,SILIKA DLH /tps dynamic inline JS,https://silika.jakarta.go.id/tps,Official SILIKA TPS coordinate layer. No explicit capacity field exposed.
678,72,KOTA ADM. JAKARTA UTARA,CILINCING,CILINCING,RW 12 Sukapura ,-6.1372,106.9186,SILIKA DLH /tps dynamic inline JS,https://silika.jakarta.go.id/tps,Official SILIKA TPS coordinate layer. No explicit capacity field exposed.
679,72,KOTA ADM. JAKARTA UTARA,CILINCING,CILINCING,RW 09 Sukapura ,-6.1444,106.9194,SILIKA DLH /tps dynamic inline JS,https://silika.jakarta.go.id/tps,Official SILIKA TPS coordinate layer. No explicit capacity field exposed.
680,72,KOTA ADM. JAKARTA UTARA,CILINCING,CILINCING,Pool Container RW. 02 Yon Air ,-6.1322,106.9208,SILIKA DLH /tps dynamic inline JS,https://silika.jakarta.go.id/tps,Official SILIKA TPS coordinate layer. No explicit capacity field exposed.
681,72,KOTA ADM. JAKARTA UTARA,CILINCING,CILINCING,TPS TPU Buni RW 03 ,-6.1567,106.9297,SILIKA DLH /tps dynamic inline JS,https://silika.jakarta.go.id/tps,Official SILIKA TPS coordinate layer. No explicit capacity field exposed.
682,72,KOTA ADM. JAKARTA UTARA,CILINCING,CILINCING,TPS RW. 02 Sukapura ,-6.15,106.925,SILIKA DLH /tps dynamic inline JS,https://silika.jakarta.go.id/tps,Official SILIKA TPS coordinate layer. No explicit capacity field exposed.
683,72,KOTA ADM. JAKARTA UTARA,CILINCING,CILINCING,Pool gerobak RT 07/RW 08 Cilincing ,-6.1039,106.9364,SILIKA DLH /tps dynamic inline JS,https://silika.jakarta.go.id/tps,Official SILIKA TPS coordinate layer. No explicit capacity field exposed.
684,72,KOTA ADM. JAKARTA UTARA,CILINCING,CILINCING,Pool gerobak RW 007 ,-6.1058,106.9367,SILIKA DLH /tps dynamic inline JS,https://silika.jakarta.go.id/tps,Official SILIKA TPS coordinate layer. No explicit capacity field exposed.
685,72,KOTA ADM. JAKARTA UTARA,CILINCING,ROROTAN,Pool Gerobak RW 03 Green Garden ,-6.1475,106.9519,SILIKA DLH /tps dynamic inline JS,https://silika.jakarta.go.id/tps,Official SILIKA TPS coordinate layer. No explicit capacity field exposed.
687,72,KOTA ADM. JAKARTA UTARA,CILINCING,CILINCING,Dipo RW  07 Sukapura ,-6.155,106.9222,SILIKA DLH /tps dynamic inline JS,https://silika.jakarta.go.id/tps,Official SILIKA TPS coordinate layer. No explicit capacity field exposed.
688,72,KOTA ADM. JAKARTA UTARA,CILINCING,CILINCING,Dipo RW 05 Semper Timur ,-6.1114,106.9272,SILIKA DLH /tps dynamic inline JS,https://silika.jakarta.go.id/tps,Official SILIKA TPS coordinate layer. No explicit capacity field exposed.
689,72,KOTA ADM. JAKARTA UTARA,CILINCING,CILINCING,Dipo RW 03 Semper Barat ,-6.1342,106.925,SILIKA DLH /tps dynamic inline JS,https://silika.jakarta.go.id/tps,Official SILIKA TPS coordinate layer. No explicit capacity field exposed.
690,72,KOTA ADM. JAKARTA UTARA,CILINCING,CILINCING,Dipo RW 15 Semper Barat ,-6.1083,106.9194,SILIKA DLH /tps dynamic inline JS,https://silika.jakarta.go.id/tps,Official SILIKA TPS coordinate layer. No explicit capacity field exposed.
691,72,KOTA ADM. JAKARTA UTARA,CILINCING,CILINCING,TPS RW 05 Kramat Mengkok ,-6.1392,106.9219,SILIKA DLH /tps dynamic inline JS,https://silika.jakarta.go.id/tps,Official SILIKA TPS coordinate layer. No explicit capacity field exposed.
692,72,KOTA ADM. JAKARTA UTARA,CILINCING,CILINCING,TPS Kopi Jenggot RW 01 ,-6.1447,106.9208,SILIKA DLH /tps dynamic inline JS,https://silika.jakarta.go.id/tps,Official SILIKA TPS coordinate layer. No explicit capacity field exposed.
693,72,KOTA ADM. JAKARTA UTARA,CILINCING,CILINCING,TPS Rawa Indah RW 10 Sukapura ,-6.1483,106.9172,SILIKA DLH /tps dynamic inline JS,https://silika.jakarta.go.id/tps,Official SILIKA TPS coordinate layer. No explicit capacity field exposed.
694,72,KOTA ADM. JAKARTA UTARA,CILINCING,CILINCING,TPS Bulak Cabe RW 09 ,-6.1083,106.9406,SILIKA DLH /tps dynamic inline JS,https://silika.jakarta.go.id/tps,Official SILIKA TPS coordinate layer. No explicit capacity field exposed.
695,72,KOTA ADM. JAKARTA UTARA,CILINCING,CILINCING,TPS Al Alam RT 05 RW 04 ,-6.0994,106.9389,SILIKA DLH /tps dynamic inline JS,https://silika.jakarta.go.id/tps,Official SILIKA TPS coordinate layer. No explicit capacity field exposed.
696,72,KOTA ADM. JAKARTA UTARA,PADEMANGAN,PADEMANGAN BARAT,Lintas RW 09 ,-6.141944444,106.8383333,SILIKA DLH /tps dynamic inline JS,https://silika.jakarta.go.id/tps,Official SILIKA TPS coordinate layer. No explicit capacity field exposed.
697,72,KOTA ADM. JAKARTA UTARA,PADEMANGAN,PADEMANGAN BARAT,Lintas RW 03 ,-6.140277778,106.8352778,SILIKA DLH /tps dynamic inline JS,https://silika.jakarta.go.id/tps,Official SILIKA TPS coordinate layer. No explicit capacity field exposed.
698,72,KOTA ADM. JAKARTA UTARA,PADEMANGAN,PADEMANGAN BARAT,Bak beton RW 14 ,-6.141666667,106.8383333,SILIKA DLH /tps dynamic inline JS,https://silika.jakarta.go.id/tps,Official SILIKA TPS coordinate layer. No explicit capacity field exposed.
699,72,KOTA ADM. JAKARTA UTARA,CILINCING,CILINCING,TPS Pool gerobak Kali Banglio,-6.0997,106.9358,SILIKA DLH /tps dynamic inline JS,https://silika.jakarta.go.id/tps,Official SILIKA TPS coordinate layer. No explicit capacity field exposed.
700,72,KOTA ADM. JAKARTA UTARA,PADEMANGAN,PADEMANGAN BARAT,Pool container RW 01 ,-6.140277778,106.8358333,SILIKA DLH /tps dynamic inline JS,https://silika.jakarta.go.id/tps,Official SILIKA TPS coordinate layer. No explicit capacity field exposed.
701,72,KOTA ADM. JAKARTA UTARA,PADEMANGAN,PADEMANGAN BARAT,TPS RW 12 ,-6.129722222,106.8380556,SILIKA DLH /tps dynamic inline JS,https://silika.jakarta.go.id/tps,Official SILIKA TPS coordinate layer. No explicit capacity field exposed.
702,72,KOTA ADM. JAKARTA UTARA,PADEMANGAN,ANCOL,"Bak beton RW 02, 03 ",-6.131388889,106.8216667,SILIKA DLH /tps dynamic inline JS,https://silika.jakarta.go.id/tps,Official SILIKA TPS coordinate layer. No explicit capacity field exposed.
703,72,KOTA ADM. JAKARTA UTARA,PADEMANGAN,ANCOL,Bak beton kembar RW 02 ,-6.131666667,106.8208333,SILIKA DLH /tps dynamic inline JS,https://silika.jakarta.go.id/tps,Official SILIKA TPS coordinate layer. No explicit capacity field exposed.
704,72,KOTA ADM. JAKARTA UTARA,PADEMANGAN,ANCOL,RW 04 ,-6.123611111,106.82,SILIKA DLH /tps dynamic inline JS,https://silika.jakarta.go.id/tps,Official SILIKA TPS coordinate layer. No explicit capacity field exposed.
705,72,KOTA ADM. JAKARTA UTARA,PADEMANGAN,ANCOL,Bak beton RW 01 ,-6.126666667,106.8161111,SILIKA DLH /tps dynamic inline JS,https://silika.jakarta.go.id/tps,Official SILIKA TPS coordinate layer. No explicit capacity field exposed.
706,72,KOTA ADM. JAKARTA UTARA,PADEMANGAN,ANCOL,Bak beton RW 08 ,-6.123611111,106.8130556,SILIKA DLH /tps dynamic inline JS,https://silika.jakarta.go.id/tps,Official SILIKA TPS coordinate layer. No explicit capacity field exposed.
707,72,KOTA ADM. JAKARTA UTARA,PADEMANGAN,PADEMANGAN TIMUR,Dipo Pademangan Timur RW 10,-6.131944444,106.8461111,SILIKA DLH /tps dynamic inline JS,https://silika.jakarta.go.id/tps,Official SILIKA TPS coordinate layer. No explicit capacity field exposed.
708,72,KOTA ADM. JAKARTA UTARA,TANJUNG PRIOK,SUNTER AGUNG,Dipo RW 13 Sunter Agung ,-6.141049,106.869147,SILIKA DLH /tps dynamic inline JS,https://silika.jakarta.go.id/tps,Official SILIKA TPS coordinate layer. No explicit capacity field exposed.
709,72,KOTA ADM. JAKARTA UTARA,TANJUNG PRIOK,SUNTER AGUNG,Dipo Sunter Jaya ,-6.148583,106.859748,SILIKA DLH /tps dynamic inline JS,https://silika.jakarta.go.id/tps,Official SILIKA TPS coordinate layer. No explicit capacity field exposed.
710,72,KOTA ADM. JAKARTA UTARA,TANJUNG PRIOK,KEBON BAWANG,TPS Bugis ,-6.114867,106.888682,SILIKA DLH /tps dynamic inline JS,https://silika.jakarta.go.id/tps,Official SILIKA TPS coordinate layer. No explicit capacity field exposed.
711,72,KOTA ADM. JAKARTA UTARA,TANJUNG PRIOK,PAPANGGO,TPS Waduk Cincin ,-6.128143,106.867284,SILIKA DLH /tps dynamic inline JS,https://silika.jakarta.go.id/tps,Official SILIKA TPS coordinate layer. No explicit capacity field exposed.
712,72,KOTA ADM. JAKARTA UTARA,KELAPA GADING,KELAPA GADING BARAT,TPS RW 004 ,-6.1656,106.8806,SILIKA DLH /tps dynamic inline JS,https://silika.jakarta.go.id/tps,Official SILIKA TPS coordinate layer. No explicit capacity field exposed.
713,72,KOTA ADM. JAKARTA UTARA,KOJA,RAWA BADAK SELATAN,TPS Elnusa ,-6.130833333,106.8964,SILIKA DLH /tps dynamic inline JS,https://silika.jakarta.go.id/tps,Official SILIKA TPS coordinate layer. No explicit capacity field exposed.
714,72,KOTA ADM. JAKARTA UTARA,KOJA,TUGU UTARA,TPS RW. 09 Tugu Utara,-6.121666667,106.9081,SILIKA DLH /tps dynamic inline JS,https://silika.jakarta.go.id/tps,Official SILIKA TPS coordinate layer. No explicit capacity field exposed.
715,72,KOTA ADM. JAKARTA UTARA,KOJA,LAGOA,Pool Gerobak RW. 12 ,-6.115858,106.90665,SILIKA DLH /tps dynamic inline JS,https://silika.jakarta.go.id/tps,Official SILIKA TPS coordinate layer. No explicit capacity field exposed.
716,72,KOTA ADM. JAKARTA UTARA,KOJA,TUGU SELATAN,TPS RW. 07 Tugu Selatan ,-6.140555556,106.905,SILIKA DLH /tps dynamic inline JS,https://silika.jakarta.go.id/tps,Official SILIKA TPS coordinate layer. No explicit capacity field exposed.
717,72,KOTA ADM. JAKARTA UTARA,KELAPA GADING,KELAPA GADING BARAT,RW 007 Kelapa Gading Barat ,-6.17292,106.907868,SILIKA DLH /tps dynamic inline JS,https://silika.jakarta.go.id/tps,Official SILIKA TPS coordinate layer. No explicit capacity field exposed.
718,72,KOTA ADM. JAKARTA UTARA,KELAPA GADING,KELAPA GADING BARAT,Bak Beton Rawa Sengon RW 022 ,-6.1417,106.8989,SILIKA DLH /tps dynamic inline JS,https://silika.jakarta.go.id/tps,Official SILIKA TPS coordinate layer. No explicit capacity field exposed.
719,72,KOTA ADM. JAKARTA UTARA,KELAPA GADING,PEGANGSAAN DUA,TPS RW 002 Pegangsaan Dua,-6.1672,106.9333,SILIKA DLH /tps dynamic inline JS,https://silika.jakarta.go.id/tps,Official SILIKA TPS coordinate layer. No explicit capacity field exposed.
720,72,KOTA ADM. JAKARTA UTARA,KELAPA GADING,PEGANGSAAN DUA,TPS RW 018 Pegangsaan Dua,-6.1508,106.9128,SILIKA DLH /tps dynamic inline JS,https://silika.jakarta.go.id/tps,Official SILIKA TPS coordinate layer. No explicit capacity field exposed.
721,72,KOTA ADM. JAKARTA UTARA,KELAPA GADING,PEGANGSAAN DUA,TPS RW 022 Komplek Gading Arcadia,-6.1614,106.9217,SILIKA DLH /tps dynamic inline JS,https://silika.jakarta.go.id/tps,Official SILIKA TPS coordinate layer. No explicit capacity field exposed.
722,72,KOTA ADM. JAKARTA UTARA,KELAPA GADING,PEGANGSAAN DUA,TPS RW 017 Pegangsaan Dua,-6.1508,106.9128,SILIKA DLH /tps dynamic inline JS,https://silika.jakarta.go.id/tps,Official SILIKA TPS coordinate layer. No explicit capacity field exposed.
723,72,KOTA ADM. JAKARTA UTARA,KELAPA GADING,PEGANGSAAN DUA,Pool gerobak RW 01 Pegangsaan Dua,-6.1778,106.9119,SILIKA DLH /tps dynamic inline JS,https://silika.jakarta.go.id/tps,Official SILIKA TPS coordinate layer. No explicit capacity field exposed.
724,72,KOTA ADM. JAKARTA UTARA,KELAPA GADING,KELAPA GADING TIMUR,pool gerobak RW 019 Kelapa Gading Timur,-6.175,106.901911,SILIKA DLH /tps dynamic inline JS,https://silika.jakarta.go.id/tps,Official SILIKA TPS coordinate layer. No explicit capacity field exposed.
725,72,KOTA ADM. JAKARTA UTARA,KELAPA GADING,KELAPA GADING TIMUR,Pool gerobak RW 01 Kelapa Gading Timur,-6.165552,106.898708,SILIKA DLH /tps dynamic inline JS,https://silika.jakarta.go.id/tps,Official SILIKA TPS coordinate layer. No explicit capacity field exposed.
726,72,KOTA ADM. JAKARTA UTARA,KOJA,TUGU UTARA,Lintas Kramat Jaya ,-6.128055556,106.9169,SILIKA DLH /tps dynamic inline JS,https://silika.jakarta.go.id/tps,Official SILIKA TPS coordinate layer. No explicit capacity field exposed.
727,72,KOTA ADM. JAKARTA UTARA,KOJA,TUGU UTARA,Jalan Bhayangkara RW.001 ,-6.121944444,106.9153,SILIKA DLH /tps dynamic inline JS,https://silika.jakarta.go.id/tps,Official SILIKA TPS coordinate layer. No explicit capacity field exposed.
728,72,KOTA ADM. JAKARTA UTARA,KELAPA GADING,KELAPA GADING BARAT,TPS RW 006 ,-6.15,106.9039,SILIKA DLH /tps dynamic inline JS,https://silika.jakarta.go.id/tps,Official SILIKA TPS coordinate layer. No explicit capacity field exposed.
729,72,KOTA ADM. JAKARTA UTARA,KELAPA GADING,KELAPA GADING TIMUR,TPS RW 002 KELAPA GADING TIMUR,-6.170392,106.903143,SILIKA DLH /tps dynamic inline JS,https://silika.jakarta.go.id/tps,Official SILIKA TPS coordinate layer. No explicit capacity field exposed.
730,72,KOTA ADM. JAKARTA UTARA,KELAPA GADING,KELAPA GADING BARAT,TPS RW 007 Kelapa Gading Barat,-6.1536,106.9017,SILIKA DLH /tps dynamic inline JS,https://silika.jakarta.go.id/tps,Official SILIKA TPS coordinate layer. No explicit capacity field exposed.
731,72,KOTA ADM. JAKARTA UTARA,KELAPA GADING,KELAPA GADING TIMUR,TPS RW 008 Kelapa Gading Barat,-6.170286,106.910022,SILIKA DLH /tps dynamic inline JS,https://silika.jakarta.go.id/tps,Official SILIKA TPS coordinate layer. No explicit capacity field exposed.
732,72,KOTA ADM. JAKARTA UTARA,KELAPA GADING,KELAPA GADING TIMUR,TPS RW 010 Kelapa Gading Timur,-6.163591,106.908843,SILIKA DLH /tps dynamic inline JS,https://silika.jakarta.go.id/tps,Official SILIKA TPS coordinate layer. No explicit capacity field exposed.
733,72,KOTA ADM. JAKARTA UTARA,KELAPA GADING,KELAPA GADING TIMUR,TPS RW 011 Kelapa Gading Timur,-6.165209,106.906161,SILIKA DLH /tps dynamic inline JS,https://silika.jakarta.go.id/tps,Official SILIKA TPS coordinate layer. No explicit capacity field exposed.
734,72,KOTA ADM. JAKARTA UTARA,KELAPA GADING,KELAPA GADING TIMUR,TPS RW 012 Kelapa Gading Timur,-6.161152,106.90477,SILIKA DLH /tps dynamic inline JS,https://silika.jakarta.go.id/tps,Official SILIKA TPS coordinate layer. No explicit capacity field exposed.
735,72,KOTA ADM. JAKARTA UTARA,KELAPA GADING,KELAPA GADING TIMUR,TPS RW 015 Kelapa Gading Timur,-6.164557,106.899766,SILIKA DLH /tps dynamic inline JS,https://silika.jakarta.go.id/tps,Official SILIKA TPS coordinate layer. No explicit capacity field exposed.
736,72,KOTA ADM. JAKARTA UTARA,KELAPA GADING,KELAPA GADING TIMUR,TPS RW 016 Kelapa Gading Timur,-6.165385,106.901642,SILIKA DLH /tps dynamic inline JS,https://silika.jakarta.go.id/tps,Official SILIKA TPS coordinate layer. No explicit capacity field exposed.
737,72,KOTA ADM. JAKARTA UTARA,KELAPA GADING,KELAPA GADING TIMUR,TPS RW 018 Kelapa Gading Timur,-6.161156,106.904722,SILIKA DLH /tps dynamic inline JS,https://silika.jakarta.go.id/tps,Official SILIKA TPS coordinate layer. No explicit capacity field exposed.
738,72,KOTA ADM. JAKARTA UTARA,KELAPA GADING,KELAPA GADING TIMUR,TPS RW 009 Kelapa Gading Timur,-6.167402,106.904562,SILIKA DLH /tps dynamic inline JS,https://silika.jakarta.go.id/tps,Official SILIKA TPS coordinate layer. No explicit capacity field exposed.
739,72,KOTA ADM. JAKARTA UTARA,KELAPA GADING,KELAPA GADING BARAT,TPS RW 008 Kelapa Gading Timur,-6.1436,106.9022,SILIKA DLH /tps dynamic inline JS,https://silika.jakarta.go.id/tps,Official SILIKA TPS coordinate layer. No explicit capacity field exposed.
740,72,KOTA ADM. JAKARTA UTARA,KELAPA GADING,KELAPA GADING BARAT,TPS RW 011 Kelapa Gading Barat,-6.1483,106.9072,SILIKA DLH /tps dynamic inline JS,https://silika.jakarta.go.id/tps,Official SILIKA TPS coordinate layer. No explicit capacity field exposed.
741,72,KOTA ADM. JAKARTA UTARA,KELAPA GADING,KELAPA GADING BARAT,TPS RW 012 Kelapa Gading Barat,-6.1444,106.9067,SILIKA DLH /tps dynamic inline JS,https://silika.jakarta.go.id/tps,Official SILIKA TPS coordinate layer. No explicit capacity field exposed.
742,72,KOTA ADM. JAKARTA UTARA,KELAPA GADING,KELAPA GADING BARAT,TPS RW 017 Kelapa Gading Barat,-6.1439,106.9025,SILIKA DLH /tps dynamic inline JS,https://silika.jakarta.go.id/tps,Official SILIKA TPS coordinate layer. No explicit capacity field exposed.
774,72,KOTA ADM. JAKARTA UTARA,PADEMANGAN,ANCOL,Dipo Ancol,-6.123333333,106.8197222,SILIKA DLH /tps dynamic inline JS,https://silika.jakarta.go.id/tps,Official SILIKA TPS coordinate layer. No explicit capacity field exposed.
775,72,KOTA ADM. JAKARTA UTARA,PADEMANGAN,ANCOL,Bak beton & dustbin,-6.130277778,106.8219444,SILIKA DLH /tps dynamic inline JS,https://silika.jakarta.go.id/tps,Official SILIKA TPS coordinate layer. No explicit capacity field exposed.
776,72,KOTA ADM. JAKARTA UTARA,TANJUNG PRIOK,SUNGAI BAMBU,TPS Kencana,-6.1352,106.886701,SILIKA DLH /tps dynamic inline JS,https://silika.jakarta.go.id/tps,Official SILIKA TPS coordinate layer. No explicit capacity field exposed.
777,72,KOTA ADM. JAKARTA UTARA,KELAPA GADING,KELAPA GADING BARAT,Dipo RW.05 Kelapa Gading,-6.1717,106.8903,SILIKA DLH /tps dynamic inline JS,https://silika.jakarta.go.id/tps,Official SILIKA TPS coordinate layer. No explicit capacity field exposed.
778,72,KOTA ADM. JAKARTA UTARA,PENJARINGAN,PLUIT,TPS Muara Angke,-6.104496,106.77099,SILIKA DLH /tps dynamic inline JS,https://silika.jakarta.go.id/tps,Official SILIKA TPS coordinate layer. No explicit capacity field exposed.
779,72,KOTA ADM. JAKARTA UTARA,KELAPA GADING,KELAPA GADING TIMUR,TPS RW. 010 Kelapa Gading Barat,-6.1656,106.89,SILIKA DLH /tps dynamic inline JS,https://silika.jakarta.go.id/tps,Official SILIKA TPS coordinate layer. No explicit capacity field exposed.
780,72,KOTA ADM. JAKARTA UTARA,KOJA,RAWA BADAK SELATAN,RW.002 Rawa Badak Selatan ,-6.130277778,106.8994444,SILIKA DLH /tps dynamic inline JS,https://silika.jakarta.go.id/tps,Official SILIKA TPS coordinate layer. No explicit capacity field exposed.
781,72,KOTA ADM. JAKARTA UTARA,KOJA,TUGU UTARA,Lintas RT 01/RW 013,-6.130555556,106.9144,SILIKA DLH /tps dynamic inline JS,https://silika.jakarta.go.id/tps,Official SILIKA TPS coordinate layer. No explicit capacity field exposed.
782,72,KOTA ADM. JAKARTA UTARA,KOJA,TUGU UTARA,Lintas RT 02/RW 013,-6.130555556,106.9153,SILIKA DLH /tps dynamic inline JS,https://silika.jakarta.go.id/tps,Official SILIKA TPS coordinate layer. No explicit capacity field exposed.
783,72,KOTA ADM. JAKARTA UTARA,KOJA,TUGU UTARA,TPS RW 01 Bhayangkara,-6.120555556,106.915,SILIKA DLH /tps dynamic inline JS,https://silika.jakarta.go.id/tps,Official SILIKA TPS coordinate layer. No explicit capacity field exposed.
784,72,KOTA ADM. JAKARTA UTARA,KOJA,TUGU UTARA,Lintas Kramat Jaya RW 017,-6.123055556,106.9167,SILIKA DLH /tps dynamic inline JS,https://silika.jakarta.go.id/tps,Official SILIKA TPS coordinate layer. No explicit capacity field exposed.
785,72,KOTA ADM. JAKARTA UTARA,KOJA,TUGU UTARA,Lintas Simpang 5 RW 09,-6.128611111,106.9178,SILIKA DLH /tps dynamic inline JS,https://silika.jakarta.go.id/tps,Official SILIKA TPS coordinate layer. No explicit capacity field exposed.
786,72,KOTA ADM. JAKARTA UTARA,KOJA,TUGU UTARA,Pool Gerobak RW 02 Tugu Utara,-6.128611111,106.9119,SILIKA DLH /tps dynamic inline JS,https://silika.jakarta.go.id/tps,Official SILIKA TPS coordinate layer. No explicit capacity field exposed.
787,72,KOTA ADM. JAKARTA UTARA,PADEMANGAN,PADEMANGAN BARAT,Dipo Pademangan Barat,-6.132988,106.839555,SILIKA DLH /tps dynamic inline JS,https://silika.jakarta.go.id/tps,Official SILIKA TPS coordinate layer. No explicit capacity field exposed.
788,72,KOTA ADM. JAKARTA UTARA,CILINCING,SEMPER BARAT,Dipo RW 03 Asrama DLH,-6.134991,106.925521,SILIKA DLH /tps dynamic inline JS,https://silika.jakarta.go.id/tps,Official SILIKA TPS coordinate layer. No explicit capacity field exposed.
789,72,KOTA ADM. JAKARTA UTARA,PENJARINGAN,PEJAGALAN,Dipo MOA,-6.133203,106.782386,SILIKA DLH /tps dynamic inline JS,https://silika.jakarta.go.id/tps,Official SILIKA TPS coordinate layer. No explicit capacity field exposed.
790,72,KOTA ADM. JAKARTA UTARA,KOJA,RAWA BADAK UTARA,TPS RW 014 Sindang Terusan,-6.121666667,106.8958,SILIKA DLH /tps dynamic inline JS,https://silika.jakarta.go.id/tps,Official SILIKA TPS coordinate layer. No explicit capacity field exposed.
791,72,KOTA ADM. JAKARTA UTARA,KOJA,TUGU SELATAN,TPS RW 001 Pengayom ,-6.129722222,106.9058,SILIKA DLH /tps dynamic inline JS,https://silika.jakarta.go.id/tps,Official SILIKA TPS coordinate layer. No explicit capacity field exposed.
792,72,KOTA ADM. JAKARTA UTARA,KOJA,TUGU UTARA,Pool Gerobak eks BCA,-6.131111111,106.9119,SILIKA DLH /tps dynamic inline JS,https://silika.jakarta.go.id/tps,Official SILIKA TPS coordinate layer. No explicit capacity field exposed.
793,72,KOTA ADM. JAKARTA UTARA,KOJA,TUGU UTARA,TPS RW 13 Sindang Terusan,-6.116111111,106.8961,SILIKA DLH /tps dynamic inline JS,https://silika.jakarta.go.id/tps,Official SILIKA TPS coordinate layer. No explicit capacity field exposed.
794,72,KOTA ADM. JAKARTA UTARA,KOJA,RAWA BADAK UTARA,TPS RW 012 Sindang Terusan,-6.118611111,106.8958,SILIKA DLH /tps dynamic inline JS,https://silika.jakarta.go.id/tps,Official SILIKA TPS coordinate layer. No explicit capacity field exposed.
797,72,KOTA ADM. JAKARTA UTARA,KOJA,TUGU UTARA,Lintas RW 15 Tugu Utara,-6.121666667,106.9036,SILIKA DLH /tps dynamic inline JS,https://silika.jakarta.go.id/tps,Official SILIKA TPS coordinate layer. No explicit capacity field exposed.
798,72,KOTA ADM. JAKARTA UTARA,KOJA,TUGU UTARA,Bak beton RW 12 Tugu Utara,-6.125277778,106.9058,SILIKA DLH /tps dynamic inline JS,https://silika.jakarta.go.id/tps,Official SILIKA TPS coordinate layer. No explicit capacity field exposed.
799,72,KOTA ADM. JAKARTA UTARA,KOJA,TUGU UTARA,Pool gerobak RW 13 Tugu Utara,-6.13,106.9144,SILIKA DLH /tps dynamic inline JS,https://silika.jakarta.go.id/tps,Official SILIKA TPS coordinate layer. No explicit capacity field exposed.
800,72,KOTA ADM. JAKARTA UTARA,KOJA,TUGU UTARA,Lintas RW 07 Tugu Utara,-6.128333333,106.9061,SILIKA DLH /tps dynamic inline JS,https://silika.jakarta.go.id/tps,Official SILIKA TPS coordinate layer. No explicit capacity field exposed.
801,72,KOTA ADM. JAKARTA UTARA,KOJA,RAWA BADAK UTARA,TPS Pasar ular RW 05,-6.128888889,106.8942,SILIKA DLH /tps dynamic inline JS,https://silika.jakarta.go.id/tps,Official SILIKA TPS coordinate layer. No explicit capacity field exposed.
802,72,KOTA ADM. JAKARTA UTARA,KOJA,RAWA BADAK UTARA,Bak Beton 4 RW 14,-6.124444444,106.8944,SILIKA DLH /tps dynamic inline JS,https://silika.jakarta.go.id/tps,Official SILIKA TPS coordinate layer. No explicit capacity field exposed.
803,72,KOTA ADM. JAKARTA UTARA,KOJA,RAWA BADAK UTARA,Bak Beton 3 RW 14,-6.123888889,106.8944,SILIKA DLH /tps dynamic inline JS,https://silika.jakarta.go.id/tps,Official SILIKA TPS coordinate layer. No explicit capacity field exposed.
804,72,KOTA ADM. JAKARTA UTARA,KOJA,RAWA BADAK UTARA,Bak Beton 2 RW 14,-6.123611111,106.8947,SILIKA DLH /tps dynamic inline JS,https://silika.jakarta.go.id/tps,Official SILIKA TPS coordinate layer. No explicit capacity field exposed.
805,72,KOTA ADM. JAKARTA UTARA,KOJA,RAWA BADAK UTARA,Bak Beton 1 RW 14,-6.123055556,106.8944,SILIKA DLH /tps dynamic inline JS,https://silika.jakarta.go.id/tps,Official SILIKA TPS coordinate layer. No explicit capacity field exposed.
806,72,KOTA ADM. JAKARTA UTARA,KOJA,RAWA BADAK UTARA,Dipo RBU Ramah Lingkungan RW 09,-6.118611111,106.8964,SILIKA DLH /tps dynamic inline JS,https://silika.jakarta.go.id/tps,Official SILIKA TPS coordinate layer. No explicit capacity field exposed.
807,72,KOTA ADM. JAKARTA UTARA,KOJA,KOJA,TPS liar Jln. Jampea Jembatan Pocis,-6.107777778,106.8964,SILIKA DLH /tps dynamic inline JS,https://silika.jakarta.go.id/tps,Official SILIKA TPS coordinate layer. No explicit capacity field exposed.
808,72,KOTA ADM. JAKARTA UTARA,KOJA,KOJA,TPS Jln. Deli RW 09,-6.109166667,106.8994,SILIKA DLH /tps dynamic inline JS,https://silika.jakarta.go.id/tps,Official SILIKA TPS coordinate layer. No explicit capacity field exposed.
809,72,KOTA ADM. JAKARTA UTARA,KOJA,KOJA,TPS liar taman Jampea,-6.106666667,106.8958,SILIKA DLH /tps dynamic inline JS,https://silika.jakarta.go.id/tps,Official SILIKA TPS coordinate layer. No explicit capacity field exposed.
810,72,KOTA ADM. JAKARTA UTARA,KOJA,KOJA,TPS Liar Jln. Sulawesi,-6.109444444,106.8933,SILIKA DLH /tps dynamic inline JS,https://silika.jakarta.go.id/tps,Official SILIKA TPS coordinate layer. No explicit capacity field exposed.
811,72,KOTA ADM. JAKARTA UTARA,CILINCING,CILINCING,TPS RW 10 Rusun Cilincing,-6.1103,106.9397,SILIKA DLH /tps dynamic inline JS,https://silika.jakarta.go.id/tps,Official SILIKA TPS coordinate layer. No explicit capacity field exposed.
815,72,KOTA ADM. JAKARTA UTARA,CILINCING,ROROTAN,Pool Gerobak RW. 13 Rorotan ,-6.131281,106.95678,SILIKA DLH /tps dynamic inline JS,https://silika.jakarta.go.id/tps,Official SILIKA TPS coordinate layer. No explicit capacity field exposed.
816,72,KOTA ADM. JAKARTA UTARA,CILINCING,SEMPER BARAT,Dipo RW 15 Semper Barat,-6.108333,106.919444,SILIKA DLH /tps dynamic inline JS,https://silika.jakarta.go.id/tps,Official SILIKA TPS coordinate layer. No explicit capacity field exposed.
817,72,KOTA ADM. JAKARTA UTARA,CILINCING,SEMPER TIMUR,Dipo RW 05 Semper Timur,-6.111389,106.927222,SILIKA DLH /tps dynamic inline JS,https://silika.jakarta.go.id/tps,Official SILIKA TPS coordinate layer. No explicit capacity field exposed.
818,72,KOTA ADM. JAKARTA UTARA,CILINCING,SUKAPURA,Dipo RW  07 Sukapura,-6.155,106.922222,SILIKA DLH /tps dynamic inline JS,https://silika.jakarta.go.id/tps,Official SILIKA TPS coordinate layer. No explicit capacity field exposed.
819,72,KOTA ADM. JAKARTA UTARA,CILINCING,CILINCING,TPS Kali Banglio RT 06 RW 04 Cilincing,-6.0989,106.9378,SILIKA DLH /tps dynamic inline JS,https://silika.jakarta.go.id/tps,Official SILIKA TPS coordinate layer. No explicit capacity field exposed.
820,72,KOTA ADM. JAKARTA UTARA,CILINCING,CILINCING,TPS Kali Banglio RT 08,-6.0997,106.9367,SILIKA DLH /tps dynamic inline JS,https://silika.jakarta.go.id/tps,Official SILIKA TPS coordinate layer. No explicit capacity field exposed.
821,72,KOTA ADM. JAKARTA UTARA,CILINCING,CILINCING,TPS Bak Tugu RW 10,-6.1219,106.9267,SILIKA DLH /tps dynamic inline JS,https://silika.jakarta.go.id/tps,Official SILIKA TPS coordinate layer. No explicit capacity field exposed.
822,72,KOTA ADM. JAKARTA UTARA,KELAPA GADING,KELAPA GADING BARAT,TPS RW 016 Kelapa Gading Barat,-6.1586,106.9,SILIKA DLH /tps dynamic inline JS,https://silika.jakarta.go.id/tps,Official SILIKA TPS coordinate layer. No explicit capacity field exposed.
831,72,KOTA ADM. JAKARTA UTARA,PENJARINGAN,PENJARINGAN,Dipo Kali Gendong,-6.124061,106.802059,SILIKA DLH /tps dynamic inline JS,https://silika.jakarta.go.id/tps,Official SILIKA TPS coordinate layer. No explicit capacity field exposed.
918,72,KOTA ADM. JAKARTA UTARA,KOJA,RAWA BADAK SELATAN,TPS Koramil RW 02,-6.131522,106.898598,SILIKA DLH /tps dynamic inline JS,https://silika.jakarta.go.id/tps,Official SILIKA TPS coordinate layer. No explicit capacity field exposed.
921,72,KOTA ADM. JAKARTA UTARA,KOJA,RAWA BADAK UTARA,TPS Bak Polres RW 12 Rawa Badak Utara,-6.116735,106.893645,SILIKA DLH /tps dynamic inline JS,https://silika.jakarta.go.id/tps,Official SILIKA TPS coordinate layer. No explicit capacity field exposed.
922,72,KOTA ADM. JAKARTA UTARA,KOJA,RAWA BADAK UTARA,TPS Pasar Rawa Badak,-6.114994,106.895683,SILIKA DLH /tps dynamic inline JS,https://silika.jakarta.go.id/tps,Official SILIKA TPS coordinate layer. No explicit capacity field exposed.
923,72,KOTA ADM. JAKARTA UTARA,KOJA,RAWA BADAK SELATAN,Jalan Alur Laut,-6.12444,106.899178,SILIKA DLH /tps dynamic inline JS,https://silika.jakarta.go.id/tps,Official SILIKA TPS coordinate layer. No explicit capacity field exposed.
924,72,KOTA ADM. JAKARTA UTARA,KOJA,RAWA BADAK SELATAN,Pasar Walang,-6.126374,106.898956,SILIKA DLH /tps dynamic inline JS,https://silika.jakarta.go.id/tps,Official SILIKA TPS coordinate layer. No explicit capacity field exposed.
925,72,KOTA ADM. JAKARTA UTARA,KOJA,RAWA BADAK SELATAN,Pasar Tradisional Bendungan Melayu,-6.13037,106.903659,SILIKA DLH /tps dynamic inline JS,https://silika.jakarta.go.id/tps,Official SILIKA TPS coordinate layer. No explicit capacity field exposed.
926,72,KOTA ADM. JAKARTA UTARA,KOJA,TUGU UTARA,TPS RW 09 Tugu Utara,-6.121025,106.907834,SILIKA DLH /tps dynamic inline JS,https://silika.jakarta.go.id/tps,Official SILIKA TPS coordinate layer. No explicit capacity field exposed.
927,72,KOTA ADM. JAKARTA UTARA,KOJA,TUGU UTARA,Komp. UKA RW. 008,-6.124641,106.914456,SILIKA DLH /tps dynamic inline JS,https://silika.jakarta.go.id/tps,Official SILIKA TPS coordinate layer. No explicit capacity field exposed.
928,72,KOTA ADM. JAKARTA UTARA,KOJA,TUGU UTARA,Pasar Lontar,-6.119137,106.91056,SILIKA DLH /tps dynamic inline JS,https://silika.jakarta.go.id/tps,Official SILIKA TPS coordinate layer. No explicit capacity field exposed.
929,72,KOTA ADM. JAKARTA UTARA,KOJA,TUGU UTARA,Pasar Tugu,-6.126947,106.917581,SILIKA DLH /tps dynamic inline JS,https://silika.jakarta.go.id/tps,Official SILIKA TPS coordinate layer. No explicit capacity field exposed.
930,72,KOTA ADM. JAKARTA UTARA,KOJA,TUGU UTARA,Pasar Koja,-6.122189,106.913959,SILIKA DLH /tps dynamic inline JS,https://silika.jakarta.go.id/tps,Official SILIKA TPS coordinate layer. No explicit capacity field exposed.
931,72,KOTA ADM. JAKARTA UTARA,KOJA,TUGU SELATAN,TPS RW. 004 Tugu Selatan,-6.135412,106.909295,SILIKA DLH /tps dynamic inline JS,https://silika.jakarta.go.id/tps,Official SILIKA TPS coordinate layer. No explicit capacity field exposed.
932,72,KOTA ADM. JAKARTA UTARA,KOJA,KOJA,TPS Mbah Priok,-6.103099,106.899015,SILIKA DLH /tps dynamic inline JS,https://silika.jakarta.go.id/tps,Official SILIKA TPS coordinate layer. No explicit capacity field exposed.
933,72,KOTA ADM. JAKARTA UTARA,KOJA,KOJA,POPAK,-6.103589,106.904803,SILIKA DLH /tps dynamic inline JS,https://silika.jakarta.go.id/tps,Official SILIKA TPS coordinate layer. No explicit capacity field exposed.
934,72,KOTA ADM. JAKARTA UTARA,KOJA,KOJA,Pasar Sindang,-6.111638,106.896556,SILIKA DLH /tps dynamic inline JS,https://silika.jakarta.go.id/tps,Official SILIKA TPS coordinate layer. No explicit capacity field exposed.
935,72,KOTA ADM. JAKARTA UTARA,KOJA,KOJA,TPS Cipeucang,-6.112321,106.901403,SILIKA DLH /tps dynamic inline JS,https://silika.jakarta.go.id/tps,Official SILIKA TPS coordinate layer. No explicit capacity field exposed.
936,72,KOTA ADM. JAKARTA UTARA,KOJA,LAGOA,TPS RW 02 & RW 04,-6.108465,106.907046,SILIKA DLH /tps dynamic inline JS,https://silika.jakarta.go.id/tps,Official SILIKA TPS coordinate layer. No explicit capacity field exposed.
937,72,KOTA ADM. JAKARTA UTARA,KOJA,LAGOA,RW. 011 Pasar Maja,-6.118239,106.903475,SILIKA DLH /tps dynamic inline JS,https://silika.jakarta.go.id/tps,Official SILIKA TPS coordinate layer. No explicit capacity field exposed.
938,72,KOTA ADM. JAKARTA UTARA,KOJA,LAGOA,Pasar Sinar,-6.111838,106.90792,SILIKA DLH /tps dynamic inline JS,https://silika.jakarta.go.id/tps,Official SILIKA TPS coordinate layer. No explicit capacity field exposed.
983,72,KOTA ADM. JAKARTA UTARA,KOJA,KOJA,TPS TPK KOJA,-6.1021856,106.9020242,SILIKA DLH /tps dynamic inline JS,https://silika.jakarta.go.id/tps,Official SILIKA TPS coordinate layer. No explicit capacity field exposed.
984,72,KOTA ADM. JAKARTA UTARA,KOJA,KOJA,TPS RUMAH SUSUN SINDANG,-6.1119787,106.8959728,SILIKA DLH /tps dynamic inline JS,https://silika.jakarta.go.id/tps,Official SILIKA TPS coordinate layer. No explicit capacity field exposed.
985,72,KOTA ADM. JAKARTA UTARA,KOJA,LAGOA,TPS PASAR WARU,-6.1090034,106.9126921,SILIKA DLH /tps dynamic inline JS,https://silika.jakarta.go.id/tps,Official SILIKA TPS coordinate layer. No explicit capacity field exposed.
988,72,KOTA ADM. JAKARTA UTARA,PADEMANGAN,PADEMANGAN BARAT,Dipo Kel. Pademangan Barat,-6.13306,106.839521,SILIKA DLH /tps dynamic inline JS,https://silika.jakarta.go.id/tps,Official SILIKA TPS coordinate layer. No explicit capacity field exposed.
989,72,KOTA ADM. JAKARTA UTARA,PADEMANGAN,PADEMANGAN BARAT,Pasar Inpres Rw. 10 Kel. Pademangan Barat,-6.135286,106.840102,SILIKA DLH /tps dynamic inline JS,https://silika.jakarta.go.id/tps,Official SILIKA TPS coordinate layer. No explicit capacity field exposed.
990,72,KOTA ADM. JAKARTA UTARA,PADEMANGAN,PADEMANGAN BARAT,Rw. 14 Kel. Pademangan Barat,-6.141666667,106.838333,SILIKA DLH /tps dynamic inline JS,https://silika.jakarta.go.id/tps,Official SILIKA TPS coordinate layer. No explicit capacity field exposed.
991,72,KOTA ADM. JAKARTA UTARA,PADEMANGAN,PADEMANGAN BARAT,Samsat Kel. Pademangan Barat,-6.137238,106.8333,SILIKA DLH /tps dynamic inline JS,https://silika.jakarta.go.id/tps,Official SILIKA TPS coordinate layer. No explicit capacity field exposed.
992,72,KOTA ADM. JAKARTA UTARA,PADEMANGAN,PADEMANGAN BARAT,Ruko Inkopal Kel. Pademangan Barat,-6.127002,106.835622,SILIKA DLH /tps dynamic inline JS,https://silika.jakarta.go.id/tps,Official SILIKA TPS coordinate layer. No explicit capacity field exposed.
993,72,KOTA ADM. JAKARTA UTARA,PADEMANGAN,PADEMANGAN BARAT,Pasar Nalo Rw. 12 Kel. Pademangan Barat,-6.129749,106.835938,SILIKA DLH /tps dynamic inline JS,https://silika.jakarta.go.id/tps,Official SILIKA TPS coordinate layer. No explicit capacity field exposed.
994,72,KOTA ADM. JAKARTA UTARA,PADEMANGAN,PADEMANGAN BARAT,Jl. Hidup Baru Rw. 14 Kel. Pademangan Barat,-6.14181,106.837333,SILIKA DLH /tps dynamic inline JS,https://silika.jakarta.go.id/tps,Official SILIKA TPS coordinate layer. No explicit capacity field exposed.
995,72,KOTA ADM. JAKARTA UTARA,PADEMANGAN,PADEMANGAN BARAT,Jl. Hidup Baru Rw. 14 Kel. Pademangan Barat,-6.14181,106.837333,SILIKA DLH /tps dynamic inline JS,https://silika.jakarta.go.id/tps,Official SILIKA TPS coordinate layer. No explicit capacity field exposed.
996,72,KOTA ADM. JAKARTA UTARA,PADEMANGAN,PADEMANGAN BARAT,Jl. Hidup Baru Rw. 14 Kel. Pademangan Barat,-6.14181,106.837333,SILIKA DLH /tps dynamic inline JS,https://silika.jakarta.go.id/tps,Official SILIKA TPS coordinate layer. No explicit capacity field exposed.
997,72,KOTA ADM. JAKARTA UTARA,PADEMANGAN,PADEMANGAN BARAT,Rw. 02 Kel. Pademangan Barat,-6.141183,106.837884,SILIKA DLH /tps dynamic inline JS,https://silika.jakarta.go.id/tps,Official SILIKA TPS coordinate layer. No explicit capacity field exposed.
998,72,KOTA ADM. JAKARTA UTARA,PADEMANGAN,PADEMANGAN BARAT,Rw. 13 Terowongan Kel. Pademangan Barat,-6.131666667,106.831667,SILIKA DLH /tps dynamic inline JS,https://silika.jakarta.go.id/tps,Official SILIKA TPS coordinate layer. No explicit capacity field exposed.
999,72,KOTA ADM. JAKARTA UTARA,PADEMANGAN,PADEMANGAN BARAT,Rw. 01 Kel. Pademangan Barat,-6.140277778,106.835833,SILIKA DLH /tps dynamic inline JS,https://silika.jakarta.go.id/tps,Official SILIKA TPS coordinate layer. No explicit capacity field exposed.
1000,72,KOTA ADM. JAKARTA UTARA,PADEMANGAN,PADEMANGAN BARAT,Rw. 03 Kel. Pademangan Barat,-6.140277778,106.835278,SILIKA DLH /tps dynamic inline JS,https://silika.jakarta.go.id/tps,Official SILIKA TPS coordinate layer. No explicit capacity field exposed.
1001,72,KOTA ADM. JAKARTA UTARA,PADEMANGAN,PADEMANGAN BARAT,Rw. 11 Kel. Pademangan Barat,-6.133762,106.837462,SILIKA DLH /tps dynamic inline JS,https://silika.jakarta.go.id/tps,Official SILIKA TPS coordinate layer. No explicit capacity field exposed.
1002,72,KOTA ADM. JAKARTA UTARA,PADEMANGAN,PADEMANGAN BARAT,Lintas Jl. Martadinata Kel. Pademangan Barat,-6.126596,106.85164,SILIKA DLH /tps dynamic inline JS,https://silika.jakarta.go.id/tps,Official SILIKA TPS coordinate layer. No explicit capacity field exposed.
1003,72,KOTA ADM. JAKARTA UTARA,PADEMANGAN,PADEMANGAN BARAT,Gunung Sahari  Kel. Pademangan Barat,-6.137073,106.836942,SILIKA DLH /tps dynamic inline JS,https://silika.jakarta.go.id/tps,Official SILIKA TPS coordinate layer. No explicit capacity field exposed.
1004,72,KOTA ADM. JAKARTA UTARA,PADEMANGAN,PADEMANGAN TIMUR,Dipo Kelurahan Pademangan Timur,-6.13213,106.845105,SILIKA DLH /tps dynamic inline JS,https://silika.jakarta.go.id/tps,Official SILIKA TPS coordinate layer. No explicit capacity field exposed.
1005,72,KOTA ADM. JAKARTA UTARA,PADEMANGAN,PADEMANGAN TIMUR,Pasar Elang Rw. 02 Kel. Pademangan Timur,-6.135829,106.843532,SILIKA DLH /tps dynamic inline JS,https://silika.jakarta.go.id/tps,Official SILIKA TPS coordinate layer. No explicit capacity field exposed.
1006,72,KOTA ADM. JAKARTA UTARA,PADEMANGAN,PADEMANGAN TIMUR,Pasar Jongkok Kel. Pademangan Timur,-6.134622,106.841351,SILIKA DLH /tps dynamic inline JS,https://silika.jakarta.go.id/tps,Official SILIKA TPS coordinate layer. No explicit capacity field exposed.
1007,72,KOTA ADM. JAKARTA UTARA,PADEMANGAN,ANCOL,Dipo Kel. Ancol,-6.123333333,106.819722,SILIKA DLH /tps dynamic inline JS,https://silika.jakarta.go.id/tps,Official SILIKA TPS coordinate layer. No explicit capacity field exposed.
1008,72,KOTA ADM. JAKARTA UTARA,PADEMANGAN,ANCOL,Lintas Jl. Ancol Barat Rt. 01/ 01 Kel. Ancol,-6.127876,106.818381,SILIKA DLH /tps dynamic inline JS,https://silika.jakarta.go.id/tps,Official SILIKA TPS coordinate layer. No explicit capacity field exposed.
1009,72,KOTA ADM. JAKARTA UTARA,PADEMANGAN,ANCOL,Bak Kembar Kel. Ancol,-6.130378,106.820376,SILIKA DLH /tps dynamic inline JS,https://silika.jakarta.go.id/tps,Official SILIKA TPS coordinate layer. No explicit capacity field exposed.
1010,72,KOTA ADM. JAKARTA UTARA,PADEMANGAN,ANCOL,Rw. 04 Kel. Ancol,-6.134674,106.817266,SILIKA DLH /tps dynamic inline JS,https://silika.jakarta.go.id/tps,Official SILIKA TPS coordinate layer. No explicit capacity field exposed.
1011,72,KOTA ADM. JAKARTA UTARA,PADEMANGAN,ANCOL,Bak-Bak Rw. 01 Kel. Ancol,-6.129682,106.828415,SILIKA DLH /tps dynamic inline JS,https://silika.jakarta.go.id/tps,Official SILIKA TPS coordinate layer. No explicit capacity field exposed.
1012,72,KOTA ADM. JAKARTA UTARA,PADEMANGAN,PADEMANGAN BARAT,Rw. 02 Kel. Ancol,-6.13068,106.820284,SILIKA DLH /tps dynamic inline JS,https://silika.jakarta.go.id/tps,Official SILIKA TPS coordinate layer. No explicit capacity field exposed.
1013,72,KOTA ADM. JAKARTA UTARA,PADEMANGAN,ANCOL,TPS Rw. 01 Kel. Ancol,-6.126666667,106.816111,SILIKA DLH /tps dynamic inline JS,https://silika.jakarta.go.id/tps,Official SILIKA TPS coordinate layer. No explicit capacity field exposed.
1014,72,KOTA ADM. JAKARTA UTARA,PADEMANGAN,ANCOL,Rw. 08 Kel. Ancol,-6.123611111,106.813056,SILIKA DLH /tps dynamic inline JS,https://silika.jakarta.go.id/tps,Official SILIKA TPS coordinate layer. No explicit capacity field exposed.
1015,72,KOTA ADM. JAKARTA UTARA,PADEMANGAN,ANCOL,Rw. 02 Rt 03  Kel. Ancol,-6.131388889,106.821667,SILIKA DLH /tps dynamic inline JS,https://silika.jakarta.go.id/tps,Official SILIKA TPS coordinate layer. No explicit capacity field exposed.
1016,72,KOTA ADM. JAKARTA UTARA,PADEMANGAN,ANCOL,Rw. 04 Kel. Ancol,-6.133641,106.819237,SILIKA DLH /tps dynamic inline JS,https://silika.jakarta.go.id/tps,Official SILIKA TPS coordinate layer. No explicit capacity field exposed.
1026,72,KOTA ADM. JAKARTA UTARA,KELAPA GADING,PEGANGSAAN DUA,RW 012 KEL PEGANGSAAN DUA,-6.1602549,106.879518,SILIKA DLH /tps dynamic inline JS,https://silika.jakarta.go.id/tps,Official SILIKA TPS coordinate layer. No explicit capacity field exposed.
1027,72,KOTA ADM. JAKARTA UTARA,KELAPA GADING,PEGANGSAAN DUA,RW 002 ,-6.166163,106.9136873,SILIKA DLH /tps dynamic inline JS,https://silika.jakarta.go.id/tps,Official SILIKA TPS coordinate layer. No explicit capacity field exposed.
1050,72,KOTA ADM. JAKARTA UTARA,CILINCING,ROROTAN,RW. 07 RT. 01 Rorotan,-6.157122,106.957676,SILIKA DLH /tps dynamic inline JS,https://silika.jakarta.go.id/tps,Official SILIKA TPS coordinate layer. No explicit capacity field exposed.
1051,72,KOTA ADM. JAKARTA UTARA,CILINCING,SUKAPURA,TPS RW. 03 Sukapura,-6.156824,106.929877,SILIKA DLH /tps dynamic inline JS,https://silika.jakarta.go.id/tps,Official SILIKA TPS coordinate layer. No explicit capacity field exposed.
1052,72,KOTA ADM. JAKARTA UTARA,CILINCING,SEMPER TIMUR,Lintas Jl. Raya Cilincing dan Gereja Tugu Kel.Semper Timur,-6.107001853370518,106.9248727252416,SILIKA DLH /tps dynamic inline JS,https://silika.jakarta.go.id/tps,Official SILIKA TPS coordinate layer. No explicit capacity field exposed.
1055,72,KOTA ADM. JAKARTA UTARA,KELAPA GADING,PEGANGSAAN DUA,TPS RW 003 PEGANGSAAN DUA,-6.1509165,106.8992267,SILIKA DLH /tps dynamic inline JS,https://silika.jakarta.go.id/tps,Official SILIKA TPS coordinate layer. No explicit capacity field exposed.
1056,72,KOTA ADM. JAKARTA UTARA,CILINCING,CILINCING,Lintas Malam Jl. Raya Cilincing ,-6.107055193105963,106.924883454393,SILIKA DLH /tps dynamic inline JS,https://silika.jakarta.go.id/tps,Official SILIKA TPS coordinate layer. No explicit capacity field exposed.
1099,72,KOTA ADM. JAKARTA UTARA,PENJARINGAN,PLUIT,lintas RW,-6.116444785480584,106.75576767702684,SILIKA DLH /tps dynamic inline JS,https://silika.jakarta.go.id/tps,Official SILIKA TPS coordinate layer. No explicit capacity field exposed.
274,73,KOTA ADM. JAKARTA BARAT,CENGKARENG,DURI KOSAMBI,Dipo RW 02 Duri Kosambi,-6.1765451,106.7252044,SILIKA DLH /tps dynamic inline JS,https://silika.jakarta.go.id/tps,Official SILIKA TPS coordinate layer. No explicit capacity field exposed.
275,73,KOTA ADM. JAKARTA BARAT,CENGKARENG,DURI KOSAMBI,Dipo RW 10 Duri Kosambi ,-6.1678843,106.7153244,SILIKA DLH /tps dynamic inline JS,https://silika.jakarta.go.id/tps,Official SILIKA TPS coordinate layer. No explicit capacity field exposed.
276,73,KOTA ADM. JAKARTA BARAT,CENGKARENG,DURI KOSAMBI,TPS RW 15 Duri Kosambi ,-6.1737318,106.7101898,SILIKA DLH /tps dynamic inline JS,https://silika.jakarta.go.id/tps,Official SILIKA TPS coordinate layer. No explicit capacity field exposed.
277,73,KOTA ADM. JAKARTA BARAT,CENGKARENG,KAPUK,TPS RW 15 Kapuk ,-6.1497302,106.7405853,SILIKA DLH /tps dynamic inline JS,https://silika.jakarta.go.id/tps,Official SILIKA TPS coordinate layer. No explicit capacity field exposed.
278,73,KOTA ADM. JAKARTA BARAT,CENGKARENG,KAPUK,TPS RW 06 Kapuk ,-6.1523962,106.7481384,SILIKA DLH /tps dynamic inline JS,https://silika.jakarta.go.id/tps,Official SILIKA TPS coordinate layer. No explicit capacity field exposed.
439,73,KOTA ADM. JAKARTA BARAT,CENGKARENG,KAPUK,TPS RW 08 Kapuk ,-6.1449804,106.7480316,SILIKA DLH /tps dynamic inline JS,https://silika.jakarta.go.id/tps,Official SILIKA TPS coordinate layer. No explicit capacity field exposed.
440,73,KOTA ADM. JAKARTA BARAT,CENGKARENG,KAPUK,TPS RW 03 Kapuk,-6.1393843,106.7504501,SILIKA DLH /tps dynamic inline JS,https://silika.jakarta.go.id/tps,Official SILIKA TPS coordinate layer. No explicit capacity field exposed.
441,73,KOTA ADM. JAKARTA BARAT,CENGKARENG,KAPUK,TPS RW 12 Kapuk ,-6.1393084,106.750885,SILIKA DLH /tps dynamic inline JS,https://silika.jakarta.go.id/tps,Official SILIKA TPS coordinate layer. No explicit capacity field exposed.
442,73,KOTA ADM. JAKARTA BARAT,CENGKARENG,KAPUK,TPS RW 16 Kapuk ,-6.1391703,106.745361,SILIKA DLH /tps dynamic inline JS,https://silika.jakarta.go.id/tps,Official SILIKA TPS coordinate layer. No explicit capacity field exposed.
443,73,KOTA ADM. JAKARTA BARAT,CENGKARENG,KAPUK,TPS RW 11 Kapuk ,-6.1277689,106.7382736,SILIKA DLH /tps dynamic inline JS,https://silika.jakarta.go.id/tps,Official SILIKA TPS coordinate layer. No explicit capacity field exposed.
444,73,KOTA ADM. JAKARTA BARAT,CENGKARENG,CENGKARENG TIMUR,LPS RW 03 Cengkareng Timur ,-6.1526216,106.7375335,SILIKA DLH /tps dynamic inline JS,https://silika.jakarta.go.id/tps,Official SILIKA TPS coordinate layer. No explicit capacity field exposed.
445,73,KOTA ADM. JAKARTA BARAT,CENGKARENG,CENGKARENG TIMUR,LPS RW 13 Cengkareng Timur ,-6.15259408,106.7481537,SILIKA DLH /tps dynamic inline JS,https://silika.jakarta.go.id/tps,Official SILIKA TPS coordinate layer. No explicit capacity field exposed.
446,73,KOTA ADM. JAKARTA BARAT,CENGKARENG,KEDAUNG KALIANGKE,TPS RW 03 Kedaung Kali Angke ,-6.1540837,106.762207,SILIKA DLH /tps dynamic inline JS,https://silika.jakarta.go.id/tps,Official SILIKA TPS coordinate layer. No explicit capacity field exposed.
447,73,KOTA ADM. JAKARTA BARAT,CENGKARENG,CENGKARENG TIMUR,LPS RW 11 Cengkareng Timur ,-6.1225137,106.7313308,SILIKA DLH /tps dynamic inline JS,https://silika.jakarta.go.id/tps,Official SILIKA TPS coordinate layer. No explicit capacity field exposed.
448,73,KOTA ADM. JAKARTA BARAT,CENGKARENG,CENGKARENG TIMUR,LPS Rusun Cengkareng ,-6.1352891,106.739624,SILIKA DLH /tps dynamic inline JS,https://silika.jakarta.go.id/tps,Official SILIKA TPS coordinate layer. No explicit capacity field exposed.
449,73,KOTA ADM. JAKARTA BARAT,CENGKARENG,CENGKARENG TIMUR,LPS Rusun Budha Tsuci ,-6.1319222,106.7386474,SILIKA DLH /tps dynamic inline JS,https://silika.jakarta.go.id/tps,Official SILIKA TPS coordinate layer. No explicit capacity field exposed.
450,73,KOTA ADM. JAKARTA BARAT,CENGKARENG,CENGKARENG TIMUR,Dipo RW 14 Cengkareng Timur ,-6.1390323,106.7375335,SILIKA DLH /tps dynamic inline JS,https://silika.jakarta.go.id/tps,Official SILIKA TPS coordinate layer. No explicit capacity field exposed.
451,73,KOTA ADM. JAKARTA BARAT,CENGKARENG,CENGKARENG BARAT,TPS Rusun Flamboyan ,-6.1320819,106.7240524,SILIKA DLH /tps dynamic inline JS,https://silika.jakarta.go.id/tps,Official SILIKA TPS coordinate layer. No explicit capacity field exposed.
452,73,KOTA ADM. JAKARTA BARAT,CENGKARENG,CENGKARENG BARAT,LPS Ruko 1000 ,-6.1365337,106.7276611,SILIKA DLH /tps dynamic inline JS,https://silika.jakarta.go.id/tps,Official SILIKA TPS coordinate layer. No explicit capacity field exposed.
453,73,KOTA ADM. JAKARTA BARAT,CENGKARENG,CENGKARENG BARAT,LPS RW 11 Cengkareng Barat ,-6.1363639,106.7254257,SILIKA DLH /tps dynamic inline JS,https://silika.jakarta.go.id/tps,Official SILIKA TPS coordinate layer. No explicit capacity field exposed.
454,73,KOTA ADM. JAKARTA BARAT,CENGKARENG,CENGKARENG BARAT,LPS RW 13 Cengkareng Barat ,-6.135992,106.7234115,SILIKA DLH /tps dynamic inline JS,https://silika.jakarta.go.id/tps,Official SILIKA TPS coordinate layer. No explicit capacity field exposed.
455,73,KOTA ADM. JAKARTA BARAT,CENGKARENG,CENGKARENG BARAT,LPS RW 16 Cengkareng Barat ,-6.1341991,106.7223739,SILIKA DLH /tps dynamic inline JS,https://silika.jakarta.go.id/tps,Official SILIKA TPS coordinate layer. No explicit capacity field exposed.
456,73,KOTA ADM. JAKARTA BARAT,CENGKARENG,CENGKARENG BARAT,RW 15 Cengkareng Barat ,-6.1402325,106.7207717,SILIKA DLH /tps dynamic inline JS,https://silika.jakarta.go.id/tps,Official SILIKA TPS coordinate layer. No explicit capacity field exposed.
457,73,KOTA ADM. JAKARTA BARAT,CENGKARENG,CENGKARENG BARAT,RW 05 Cengkareng Barat ,-6.1419034,106.7187576,SILIKA DLH /tps dynamic inline JS,https://silika.jakarta.go.id/tps,Official SILIKA TPS coordinate layer. No explicit capacity field exposed.
458,73,KOTA ADM. JAKARTA BARAT,CENGKARENG,CENGKARENG BARAT,LPS RW 07 Cengkareng Barat ,-6.1431651,106.7200698,SILIKA DLH /tps dynamic inline JS,https://silika.jakarta.go.id/tps,Official SILIKA TPS coordinate layer. No explicit capacity field exposed.
459,73,KOTA ADM. JAKARTA BARAT,CENGKARENG,CENGKARENG BARAT,RW 06 Cengkareng Timur,-6.1476082,106.728363,SILIKA DLH /tps dynamic inline JS,https://silika.jakarta.go.id/tps,Official SILIKA TPS coordinate layer. No explicit capacity field exposed.
460,73,KOTA ADM. JAKARTA BARAT,CENGKARENG,CENGKARENG BARAT,Dipo Pasar RW 01 Rawa Buaya ,-6.1563615,106.7280273,SILIKA DLH /tps dynamic inline JS,https://silika.jakarta.go.id/tps,Official SILIKA TPS coordinate layer. No explicit capacity field exposed.
461,73,KOTA ADM. JAKARTA BARAT,CENGKARENG,RAWA BUAYA,TPS RW 03  Rawa Buaya ,-6.1636991,106.728096,SILIKA DLH /tps dynamic inline JS,https://silika.jakarta.go.id/tps,Official SILIKA TPS coordinate layer. No explicit capacity field exposed.
462,73,KOTA ADM. JAKARTA BARAT,CENGKARENG,RAWA BUAYA,TPS RW 02  Rawa Buaya ,-6.1552219,106.7384948,SILIKA DLH /tps dynamic inline JS,https://silika.jakarta.go.id/tps,Official SILIKA TPS coordinate layer. No explicit capacity field exposed.
463,73,KOTA ADM. JAKARTA BARAT,GROGOL PETAMBURAN,GROGOL,Dipo Makaliwe ,-6.161388889,106.7805556,SILIKA DLH /tps dynamic inline JS,https://silika.jakarta.go.id/tps,Official SILIKA TPS coordinate layer. No explicit capacity field exposed.
464,73,KOTA ADM. JAKARTA BARAT,GROGOL PETAMBURAN,TANJUNG DUREN SELATAN,RW 02 ,-6.184722222,106.7833333,SILIKA DLH /tps dynamic inline JS,https://silika.jakarta.go.id/tps,Official SILIKA TPS coordinate layer. No explicit capacity field exposed.
465,73,KOTA ADM. JAKARTA BARAT,GROGOL PETAMBURAN,WIJAYA KUSUMAH,Dipo Indraloka ,-6.155833333,106.7780556,SILIKA DLH /tps dynamic inline JS,https://silika.jakarta.go.id/tps,Official SILIKA TPS coordinate layer. No explicit capacity field exposed.
466,73,KOTA ADM. JAKARTA BARAT,GROGOL PETAMBURAN,JELAMBAR BARU,Dipo Kembar RW 02 ,-6.153235,106.786983,SILIKA DLH /tps dynamic inline JS,https://silika.jakarta.go.id/tps,Official SILIKA TPS coordinate layer. No explicit capacity field exposed.
467,73,KOTA ADM. JAKARTA BARAT,GROGOL PETAMBURAN,JELAMBAR,RW 08 Jelember ,-6.153055556,106.7866667,SILIKA DLH /tps dynamic inline JS,https://silika.jakarta.go.id/tps,Official SILIKA TPS coordinate layer. No explicit capacity field exposed.
468,73,KOTA ADM. JAKARTA BARAT,GROGOL PETAMBURAN,JELAMBAR,RW 11 Jelember ,-6.159444444,106.7852778,SILIKA DLH /tps dynamic inline JS,https://silika.jakarta.go.id/tps,Official SILIKA TPS coordinate layer. No explicit capacity field exposed.
469,73,KOTA ADM. JAKARTA BARAT,GROGOL PETAMBURAN,JELAMBAR BARU,LPS Polo ,-6.143611111,106.7827778,SILIKA DLH /tps dynamic inline JS,https://silika.jakarta.go.id/tps,Official SILIKA TPS coordinate layer. No explicit capacity field exposed.
470,73,KOTA ADM. JAKARTA BARAT,GROGOL PETAMBURAN,JELAMBAR BARU,Pakuwon ,-6.151111111,106.7908333,SILIKA DLH /tps dynamic inline JS,https://silika.jakarta.go.id/tps,Official SILIKA TPS coordinate layer. No explicit capacity field exposed.
471,73,KOTA ADM. JAKARTA BARAT,GROGOL PETAMBURAN,WIJAYA KUSUMAH,RW 09 ,-6.155,106.7772222,SILIKA DLH /tps dynamic inline JS,https://silika.jakarta.go.id/tps,Official SILIKA TPS coordinate layer. No explicit capacity field exposed.
472,73,KOTA ADM. JAKARTA BARAT,GROGOL PETAMBURAN,TANJUNG DUREN UTARA,RW 01 ,-6.166111111,106.7863889,SILIKA DLH /tps dynamic inline JS,https://silika.jakarta.go.id/tps,Official SILIKA TPS coordinate layer. No explicit capacity field exposed.
473,73,KOTA ADM. JAKARTA BARAT,GROGOL PETAMBURAN,WIJAYA KUSUMAH,RW 02 Wijaya Kusuma ,-6.162222222,106.7783333,SILIKA DLH /tps dynamic inline JS,https://silika.jakarta.go.id/tps,Official SILIKA TPS coordinate layer. No explicit capacity field exposed.
474,73,KOTA ADM. JAKARTA BARAT,GROGOL PETAMBURAN,WIJAYA KUSUMAH,RW 04 ,-6.155555556,106.7736111,SILIKA DLH /tps dynamic inline JS,https://silika.jakarta.go.id/tps,Official SILIKA TPS coordinate layer. No explicit capacity field exposed.
475,73,KOTA ADM. JAKARTA BARAT,GROGOL PETAMBURAN,TOMANG,RW 09 ,-6.166666667,106.7952778,SILIKA DLH /tps dynamic inline JS,https://silika.jakarta.go.id/tps,Official SILIKA TPS coordinate layer. No explicit capacity field exposed.
476,73,KOTA ADM. JAKARTA BARAT,GROGOL PETAMBURAN,TOMANG,RW 04 ,-6.173611111,106.8,SILIKA DLH /tps dynamic inline JS,https://silika.jakarta.go.id/tps,Official SILIKA TPS coordinate layer. No explicit capacity field exposed.
477,73,KOTA ADM. JAKARTA BARAT,GROGOL PETAMBURAN,TOMANG,RW 08 ,-6.170833333,106.7933333,SILIKA DLH /tps dynamic inline JS,https://silika.jakarta.go.id/tps,Official SILIKA TPS coordinate layer. No explicit capacity field exposed.
478,73,KOTA ADM. JAKARTA BARAT,GROGOL PETAMBURAN,TANJUNG DUREN SELATAN,RW 05 ,-6.177777778,106.7830556,SILIKA DLH /tps dynamic inline JS,https://silika.jakarta.go.id/tps,Official SILIKA TPS coordinate layer. No explicit capacity field exposed.
479,73,KOTA ADM. JAKARTA BARAT,GROGOL PETAMBURAN,WIJAYA KUSUMAH,Taman Rasa Sayang ,-6.160277778,106.7697222,SILIKA DLH /tps dynamic inline JS,https://silika.jakarta.go.id/tps,Official SILIKA TPS coordinate layer. No explicit capacity field exposed.
480,73,KOTA ADM. JAKARTA BARAT,GROGOL PETAMBURAN,WIJAYA KUSUMAH,RW 05 ,-6.143888889,106.7758333,SILIKA DLH /tps dynamic inline JS,https://silika.jakarta.go.id/tps,Official SILIKA TPS coordinate layer. No explicit capacity field exposed.
481,73,KOTA ADM. JAKARTA BARAT,GROGOL PETAMBURAN,JELAMBAR,RW 01 Jelambar ,-6.153055556,106.7833333,SILIKA DLH /tps dynamic inline JS,https://silika.jakarta.go.id/tps,Official SILIKA TPS coordinate layer. No explicit capacity field exposed.
482,73,KOTA ADM. JAKARTA BARAT,GROGOL PETAMBURAN,JELAMBAR,RW 04 ,-6.167777778,106.7875,SILIKA DLH /tps dynamic inline JS,https://silika.jakarta.go.id/tps,Official SILIKA TPS coordinate layer. No explicit capacity field exposed.
483,73,KOTA ADM. JAKARTA BARAT,GROGOL PETAMBURAN,JELAMBAR,RW 10 Jelambar ,-6.157777778,106.7844444,SILIKA DLH /tps dynamic inline JS,https://silika.jakarta.go.id/tps,Official SILIKA TPS coordinate layer. No explicit capacity field exposed.
484,73,KOTA ADM. JAKARTA BARAT,GROGOL PETAMBURAN,JELAMBAR,RW 02 ,-6.158611111,106.7802778,SILIKA DLH /tps dynamic inline JS,https://silika.jakarta.go.id/tps,Official SILIKA TPS coordinate layer. No explicit capacity field exposed.
485,73,KOTA ADM. JAKARTA BARAT,GROGOL PETAMBURAN,WIJAYA KUSUMAH,RW 07 Wijaya Kusuma ,-6.1525,106.7805556,SILIKA DLH /tps dynamic inline JS,https://silika.jakarta.go.id/tps,Official SILIKA TPS coordinate layer. No explicit capacity field exposed.
486,73,KOTA ADM. JAKARTA BARAT,GROGOL PETAMBURAN,TOMANG,"RW 02, 03 ",-6.170277778,106.8,SILIKA DLH /tps dynamic inline JS,https://silika.jakarta.go.id/tps,Official SILIKA TPS coordinate layer. No explicit capacity field exposed.
487,73,KOTA ADM. JAKARTA BARAT,GROGOL PETAMBURAN,TOMANG,RW 10 ,-6.175,106.7944444,SILIKA DLH /tps dynamic inline JS,https://silika.jakarta.go.id/tps,Official SILIKA TPS coordinate layer. No explicit capacity field exposed.
488,73,KOTA ADM. JAKARTA BARAT,GROGOL PETAMBURAN,TOMANG,Tanggul Tomang ,-6.171666667,106.8038889,SILIKA DLH /tps dynamic inline JS,https://silika.jakarta.go.id/tps,Official SILIKA TPS coordinate layer. No explicit capacity field exposed.
489,73,KOTA ADM. JAKARTA BARAT,GROGOL PETAMBURAN,TOMANG,RW 015 ,-6.170833333,106.8011111,SILIKA DLH /tps dynamic inline JS,https://silika.jakarta.go.id/tps,Official SILIKA TPS coordinate layer. No explicit capacity field exposed.
490,73,KOTA ADM. JAKARTA BARAT,GROGOL PETAMBURAN,TOMANG,RW 07 ,-6.171111111,106.7919444,SILIKA DLH /tps dynamic inline JS,https://silika.jakarta.go.id/tps,Official SILIKA TPS coordinate layer. No explicit capacity field exposed.
491,73,KOTA ADM. JAKARTA BARAT,GROGOL PETAMBURAN,TOMANG,Komplek Mandiri Tomang ,-6.170833333,106.7933333,SILIKA DLH /tps dynamic inline JS,https://silika.jakarta.go.id/tps,Official SILIKA TPS coordinate layer. No explicit capacity field exposed.
492,73,KOTA ADM. JAKARTA BARAT,GROGOL PETAMBURAN,JELAMBAR,RW 03 ,-6.1639427,106.780994,SILIKA DLH /tps dynamic inline JS,https://silika.jakarta.go.id/tps,Official SILIKA TPS coordinate layer. No explicit capacity field exposed.
493,73,KOTA ADM. JAKARTA BARAT,GROGOL PETAMBURAN,JELAMBAR,RW 05 ,-6.154722222,106.7875,SILIKA DLH /tps dynamic inline JS,https://silika.jakarta.go.id/tps,Official SILIKA TPS coordinate layer. No explicit capacity field exposed.
494,73,KOTA ADM. JAKARTA BARAT,GROGOL PETAMBURAN,GROGOL,Lintas RW 03 ,-6.163888889,106.7944444,SILIKA DLH /tps dynamic inline JS,https://silika.jakarta.go.id/tps,Official SILIKA TPS coordinate layer. No explicit capacity field exposed.
495,73,KOTA ADM. JAKARTA BARAT,GROGOL PETAMBURAN,GROGOL,Lintas Tanggul Grogol ,-6.165555556,106.7997222,SILIKA DLH /tps dynamic inline JS,https://silika.jakarta.go.id/tps,Official SILIKA TPS coordinate layer. No explicit capacity field exposed.
496,73,KOTA ADM. JAKARTA BARAT,GROGOL PETAMBURAN,TANJUNG DUREN SELATAN,TPS RW 3 Tanjung Duren Selatan ,-6.171666667,106.7830556,SILIKA DLH /tps dynamic inline JS,https://silika.jakarta.go.id/tps,Official SILIKA TPS coordinate layer. No explicit capacity field exposed.
497,73,KOTA ADM. JAKARTA BARAT,GROGOL PETAMBURAN,JELAMBAR,"RW 05,07, 10 ",-6.149722222,106.7877778,SILIKA DLH /tps dynamic inline JS,https://silika.jakarta.go.id/tps,Official SILIKA TPS coordinate layer. No explicit capacity field exposed.
498,73,KOTA ADM. JAKARTA BARAT,KALI DERES,SEMANAN,TPS RW 01 Semanan ,-6.156111111,106.7125,SILIKA DLH /tps dynamic inline JS,https://silika.jakarta.go.id/tps,Official SILIKA TPS coordinate layer. No explicit capacity field exposed.
499,73,KOTA ADM. JAKARTA BARAT,KALI DERES,SEMANAN,TPS RW 02 Semanan ,-6.1575,106.7038889,SILIKA DLH /tps dynamic inline JS,https://silika.jakarta.go.id/tps,Official SILIKA TPS coordinate layer. No explicit capacity field exposed.
500,73,KOTA ADM. JAKARTA BARAT,KALI DERES,SEMANAN,TPS RW 005 Semanan ,-6.156944444,106.7036111,SILIKA DLH /tps dynamic inline JS,https://silika.jakarta.go.id/tps,Official SILIKA TPS coordinate layer. No explicit capacity field exposed.
501,73,KOTA ADM. JAKARTA BARAT,KALI DERES,SEMANAN,TPS RW 009 Semanan ,-6.168611111,106.6936111,SILIKA DLH /tps dynamic inline JS,https://silika.jakarta.go.id/tps,Official SILIKA TPS coordinate layer. No explicit capacity field exposed.
502,73,KOTA ADM. JAKARTA BARAT,KALI DERES,SEMANAN,Dipo Kopti RW 11 Semanan ,-6.171944444,106.7013889,SILIKA DLH /tps dynamic inline JS,https://silika.jakarta.go.id/tps,Official SILIKA TPS coordinate layer. No explicit capacity field exposed.
503,73,KOTA ADM. JAKARTA BARAT,KALI DERES,KALIDERES,TPS Sumur bor ,-6.151666667,106.7183333,SILIKA DLH /tps dynamic inline JS,https://silika.jakarta.go.id/tps,Official SILIKA TPS coordinate layer. No explicit capacity field exposed.
504,73,KOTA ADM. JAKARTA BARAT,KALI DERES,KALIDERES,TPS kojan rw 06 ,-6.153675,106.689938,SILIKA DLH /tps dynamic inline JS,https://silika.jakarta.go.id/tps,Official SILIKA TPS coordinate layer. No explicit capacity field exposed.
505,73,KOTA ADM. JAKARTA BARAT,KALI DERES,KALIDERES,Dipo RW 009/010 Perum Citra 1,-6.143611111,106.6952778,SILIKA DLH /tps dynamic inline JS,https://silika.jakarta.go.id/tps,Official SILIKA TPS coordinate layer. No explicit capacity field exposed.
506,73,KOTA ADM. JAKARTA BARAT,KALI DERES,KALIDERES,TPS kodam kalideres ,-6.158611111,106.6977778,SILIKA DLH /tps dynamic inline JS,https://silika.jakarta.go.id/tps,Official SILIKA TPS coordinate layer. No explicit capacity field exposed.
507,73,KOTA ADM. JAKARTA BARAT,KALI DERES,KALIDERES,RW 014 Kalideres ,-6.150277778,106.7044444,SILIKA DLH /tps dynamic inline JS,https://silika.jakarta.go.id/tps,Official SILIKA TPS coordinate layer. No explicit capacity field exposed.
508,73,KOTA ADM. JAKARTA BARAT,KALI DERES,KALIDERES,RW 02 Komplek Brimob ,-6.156388889,106.7038889,SILIKA DLH /tps dynamic inline JS,https://silika.jakarta.go.id/tps,Official SILIKA TPS coordinate layer. No explicit capacity field exposed.
509,73,KOTA ADM. JAKARTA BARAT,KALI DERES,KALIDERES,RW 01 Komplek Pertamina ,-6.155277778,106.7083333,SILIKA DLH /tps dynamic inline JS,https://silika.jakarta.go.id/tps,Official SILIKA TPS coordinate layer. No explicit capacity field exposed.
510,73,KOTA ADM. JAKARTA BARAT,KALI DERES,KALIDERES,Bulak teko ,-6.150277778,106.7008333,SILIKA DLH /tps dynamic inline JS,https://silika.jakarta.go.id/tps,Official SILIKA TPS coordinate layer. No explicit capacity field exposed.
511,73,KOTA ADM. JAKARTA BARAT,KALI DERES,KALIDERES,RW 016 Kalideres ,-6.146666667,106.6933333,SILIKA DLH /tps dynamic inline JS,https://silika.jakarta.go.id/tps,Official SILIKA TPS coordinate layer. No explicit capacity field exposed.
512,73,KOTA ADM. JAKARTA BARAT,KALI DERES,KALIDERES,RW 15 Kalideres ,-6.143611111,106.6938889,SILIKA DLH /tps dynamic inline JS,https://silika.jakarta.go.id/tps,Official SILIKA TPS coordinate layer. No explicit capacity field exposed.
513,73,KOTA ADM. JAKARTA BARAT,KALI DERES,KALIDERES,RW 08 Kalideres ,-6.135,106.6997222,SILIKA DLH /tps dynamic inline JS,https://silika.jakarta.go.id/tps,Official SILIKA TPS coordinate layer. No explicit capacity field exposed.
514,73,KOTA ADM. JAKARTA BARAT,KALI DERES,PEGADUNGAN,Dipo RW 009 Pegadungan ,-6.140833333,106.7163889,SILIKA DLH /tps dynamic inline JS,https://silika.jakarta.go.id/tps,Official SILIKA TPS coordinate layer. No explicit capacity field exposed.
515,73,KOTA ADM. JAKARTA BARAT,KALI DERES,PEGADUNGAN,RW 015 Pegadungan ,-6.164444444,106.7802778,SILIKA DLH /tps dynamic inline JS,https://silika.jakarta.go.id/tps,Official SILIKA TPS coordinate layer. No explicit capacity field exposed.
516,73,KOTA ADM. JAKARTA BARAT,KALI DERES,PEGADUNGAN,RW 009 Pegadungan ,-6.139444444,106.7027778,SILIKA DLH /tps dynamic inline JS,https://silika.jakarta.go.id/tps,Official SILIKA TPS coordinate layer. No explicit capacity field exposed.
517,73,KOTA ADM. JAKARTA BARAT,KALI DERES,PEGADUNGAN,RW 01 Pegadungan ,-6.136111111,106.6927778,SILIKA DLH /tps dynamic inline JS,https://silika.jakarta.go.id/tps,Official SILIKA TPS coordinate layer. No explicit capacity field exposed.
518,73,KOTA ADM. JAKARTA BARAT,KALI DERES,PEGADUNGAN,Merpati RW 010 Pegadungan ,-6.137222222,106.7005556,SILIKA DLH /tps dynamic inline JS,https://silika.jakarta.go.id/tps,Official SILIKA TPS coordinate layer. No explicit capacity field exposed.
519,73,KOTA ADM. JAKARTA BARAT,KALI DERES,PEGADUNGAN,RW 007 Pegadungan ,-6.1475,106.7136111,SILIKA DLH /tps dynamic inline JS,https://silika.jakarta.go.id/tps,Official SILIKA TPS coordinate layer. No explicit capacity field exposed.
520,73,KOTA ADM. JAKARTA BARAT,KALI DERES,PEGADUNGAN,RW 003 Pegadungan ,-6.138055556,106.7169444,SILIKA DLH /tps dynamic inline JS,https://silika.jakarta.go.id/tps,Official SILIKA TPS coordinate layer. No explicit capacity field exposed.
521,73,KOTA ADM. JAKARTA BARAT,KALI DERES,PEGADUNGAN,RW 013 Pegadungan ,-6.125833333,106.705,SILIKA DLH /tps dynamic inline JS,https://silika.jakarta.go.id/tps,Official SILIKA TPS coordinate layer. No explicit capacity field exposed.
522,73,KOTA ADM. JAKARTA BARAT,KALI DERES,KAMAL,Dipo Komplek Citra 5 RW.10,-6.125277778,106.7127778,SILIKA DLH /tps dynamic inline JS,https://silika.jakarta.go.id/tps,Official SILIKA TPS coordinate layer. No explicit capacity field exposed.
523,73,KOTA ADM. JAKARTA BARAT,KALI DERES,KAMAL,TPS T RW 05 Kamal ,-6.102777778,106.7002778,SILIKA DLH /tps dynamic inline JS,https://silika.jakarta.go.id/tps,Official SILIKA TPS coordinate layer. No explicit capacity field exposed.
524,73,KOTA ADM. JAKARTA BARAT,KALI DERES,TEGAL ALUR,TPS RW 004 Tegal Alur ,-6.128055556,106.7191667,SILIKA DLH /tps dynamic inline JS,https://silika.jakarta.go.id/tps,Official SILIKA TPS coordinate layer. No explicit capacity field exposed.
525,73,KOTA ADM. JAKARTA BARAT,KALI DERES,TEGAL ALUR,TPS RW 011 Tegal Alur ,-6.121666667,106.7138889,SILIKA DLH /tps dynamic inline JS,https://silika.jakarta.go.id/tps,Official SILIKA TPS coordinate layer. No explicit capacity field exposed.
526,73,KOTA ADM. JAKARTA BARAT,KALI DERES,TEGAL ALUR,LPS RW 07 Tegal Alur ,-6.119166667,106.7175,SILIKA DLH /tps dynamic inline JS,https://silika.jakarta.go.id/tps,Official SILIKA TPS coordinate layer. No explicit capacity field exposed.
527,73,KOTA ADM. JAKARTA BARAT,KALI DERES,TEGAL ALUR,TPS RW 002 Tegal Alur ,-6.118333333,106.7175,SILIKA DLH /tps dynamic inline JS,https://silika.jakarta.go.id/tps,Official SILIKA TPS coordinate layer. No explicit capacity field exposed.
528,73,KOTA ADM. JAKARTA BARAT,KALI DERES,PEGADUNGAN,TPS RW 04 Pegadungan ,-6.1469484,106.710177,SILIKA DLH /tps dynamic inline JS,https://silika.jakarta.go.id/tps,Official SILIKA TPS coordinate layer. No explicit capacity field exposed.
529,73,KOTA ADM. JAKARTA BARAT,KALI DERES,TEGAL ALUR,TPS RW 03 Tegal Alur ,-6.112222222,106.7125,SILIKA DLH /tps dynamic inline JS,https://silika.jakarta.go.id/tps,Official SILIKA TPS coordinate layer. No explicit capacity field exposed.
530,73,KOTA ADM. JAKARTA BARAT,KALI DERES,TEGAL ALUR,TPS RW 08 Tegal Alur ,-6.111666667,106.7219444,SILIKA DLH /tps dynamic inline JS,https://silika.jakarta.go.id/tps,Official SILIKA TPS coordinate layer. No explicit capacity field exposed.
531,73,KOTA ADM. JAKARTA BARAT,KALI DERES,TEGAL ALUR,TPS RW 12 Tegal Alur ,-6.119722222,106.7294444,SILIKA DLH /tps dynamic inline JS,https://silika.jakarta.go.id/tps,Official SILIKA TPS coordinate layer. No explicit capacity field exposed.
532,73,KOTA ADM. JAKARTA BARAT,KEMBANGAN,JOGLO,RW 02 Damkar ,-6.200277778,106.7291667,SILIKA DLH /tps dynamic inline JS,https://silika.jakarta.go.id/tps,Official SILIKA TPS coordinate layer. No explicit capacity field exposed.
533,73,KOTA ADM. JAKARTA BARAT,KEMBANGAN,JOGLO,Komplek Damkar RW 02   ,-6.217222222,106.725,SILIKA DLH /tps dynamic inline JS,https://silika.jakarta.go.id/tps,Official SILIKA TPS coordinate layer. No explicit capacity field exposed.
534,73,KOTA ADM. JAKARTA BARAT,KEMBANGAN,JOGLO,LPS Copylas,-6.218611111,106.7316667,SILIKA DLH /tps dynamic inline JS,https://silika.jakarta.go.id/tps,Official SILIKA TPS coordinate layer. No explicit capacity field exposed.
535,73,KOTA ADM. JAKARTA BARAT,KEMBANGAN,JOGLO,TPS Taman Alfa Indah ,-6.219444444,106.7541667,SILIKA DLH /tps dynamic inline JS,https://silika.jakarta.go.id/tps,Official SILIKA TPS coordinate layer. No explicit capacity field exposed.
536,73,KOTA ADM. JAKARTA BARAT,KEMBANGAN,SRENGSENG,TPS Hutan Kota Srengseng ,-6.209722222,106.7636111,SILIKA DLH /tps dynamic inline JS,https://silika.jakarta.go.id/tps,Official SILIKA TPS coordinate layer. No explicit capacity field exposed.
537,73,KOTA ADM. JAKARTA BARAT,KEMBANGAN,SRENGSENG,TPS Abata  ,-6.209166667,106.7638889,SILIKA DLH /tps dynamic inline JS,https://silika.jakarta.go.id/tps,Official SILIKA TPS coordinate layer. No explicit capacity field exposed.
538,73,KOTA ADM. JAKARTA BARAT,KEMBANGAN,MERUYA SELATAN,LPS Mercubuana ,-6.203333333,106.7536111,SILIKA DLH /tps dynamic inline JS,https://silika.jakarta.go.id/tps,Official SILIKA TPS coordinate layer. No explicit capacity field exposed.
539,73,KOTA ADM. JAKARTA BARAT,KEMBANGAN,MERUYA UTARA,TPS Jl. Intan RW 07 ,-6.192222222,106.7372222,SILIKA DLH /tps dynamic inline JS,https://silika.jakarta.go.id/tps,Official SILIKA TPS coordinate layer. No explicit capacity field exposed.
540,73,KOTA ADM. JAKARTA BARAT,PALMERAH,KEMANGGISAN,TPS RW 09 Kel Kemanggisan ,-6.189166667,106.7830556,SILIKA DLH /tps dynamic inline JS,https://silika.jakarta.go.id/tps,Official SILIKA TPS coordinate layer. No explicit capacity field exposed.
541,73,KOTA ADM. JAKARTA BARAT,PALMERAH,KEMANGGISAN,RW 01 KBU ,-6.187222222,106.8069444,SILIKA DLH /tps dynamic inline JS,https://silika.jakarta.go.id/tps,Official SILIKA TPS coordinate layer. No explicit capacity field exposed.
542,73,KOTA ADM. JAKARTA BARAT,PALMERAH,JATIPULO,"RW 07,08 Kel Jatipulo ",-6.180555556,106.8069444,SILIKA DLH /tps dynamic inline JS,https://silika.jakarta.go.id/tps,Official SILIKA TPS coordinate layer. No explicit capacity field exposed.
543,73,KOTA ADM. JAKARTA BARAT,TAMBORA,ANGKE,Pool Gerobak Rw 01 Kel.Angke,-6.1432514,106.8005981,SILIKA DLH /tps dynamic inline JS,https://silika.jakarta.go.id/tps,Official SILIKA TPS coordinate layer. No explicit capacity field exposed.
544,73,KOTA ADM. JAKARTA BARAT,TAMBORA,DURI SELATAN,"Pool Gerobak Duri Selatan Rw 05,06 Kel.Duri Selatan",-6.15792,106.803317,SILIKA DLH /tps dynamic inline JS,https://silika.jakarta.go.id/tps,Official SILIKA TPS coordinate layer. No explicit capacity field exposed.
545,73,KOTA ADM. JAKARTA BARAT,TAMBORA,DURI SELATAN,Pool Gerobak RW 06 ,-6.158055556,106.8036111,SILIKA DLH /tps dynamic inline JS,https://silika.jakarta.go.id/tps,Official SILIKA TPS coordinate layer. No explicit capacity field exposed.
546,73,KOTA ADM. JAKARTA BARAT,TAMBORA,DURI SELATAN,TPS RW 04 Duri Selatan,-6.1531739,106.805252,SILIKA DLH /tps dynamic inline JS,https://silika.jakarta.go.id/tps,Official SILIKA TPS coordinate layer. No explicit capacity field exposed.
547,73,KOTA ADM. JAKARTA BARAT,TAMBORA,JEMBATAN BESI,"Kali Item RW. 01, 04, 05 ",-6.149166667,106.7961111,SILIKA DLH /tps dynamic inline JS,https://silika.jakarta.go.id/tps,Official SILIKA TPS coordinate layer. No explicit capacity field exposed.
548,73,KOTA ADM. JAKARTA BARAT,TAMBORA,JEMBATAN BESI,TPS RW 09 Jembatan Besi ,-6.1522474,106.800949,SILIKA DLH /tps dynamic inline JS,https://silika.jakarta.go.id/tps,Official SILIKA TPS coordinate layer. No explicit capacity field exposed.
549,73,KOTA ADM. JAKARTA BARAT,TAMBORA,JEMBATAN LIMA,TPS Gudang Bandung ,-6.1480507,106.8013,SILIKA DLH /tps dynamic inline JS,https://silika.jakarta.go.id/tps,Official SILIKA TPS coordinate layer. No explicit capacity field exposed.
550,73,KOTA ADM. JAKARTA BARAT,TAMBORA,KALI ANYAR,TPS BKB Kalianyar,-6.1563758,106.7964324,SILIKA DLH /tps dynamic inline JS,https://silika.jakarta.go.id/tps,Official SILIKA TPS coordinate layer. No explicit capacity field exposed.
551,73,KOTA ADM. JAKARTA BARAT,TAMBORA,PEKOJAN,Pool Gerobak Pekojan Rw 10 Kel. Pekojan,-6.1360454,106.8069076,SILIKA DLH /tps dynamic inline JS,https://silika.jakarta.go.id/tps,Official SILIKA TPS coordinate layer. No explicit capacity field exposed.
552,73,KOTA ADM. JAKARTA BARAT,TAMBORA,ROA MALAKA,Pool Gerobak Rw 01 dan 02 Kel.Roamalaka,-6.1409826,106.8076859,SILIKA DLH /tps dynamic inline JS,https://silika.jakarta.go.id/tps,Official SILIKA TPS coordinate layer. No explicit capacity field exposed.
553,73,KOTA ADM. JAKARTA BARAT,TAMBORA,TANAH SEREAL,TPS 3R / DIPO Hanura,-6.1579566,106.8109588,SILIKA DLH /tps dynamic inline JS,https://silika.jakarta.go.id/tps,Official SILIKA TPS coordinate layer. No explicit capacity field exposed.
554,73,KOTA ADM. JAKARTA BARAT,TAMBORA,DURI SELATAN,Pool Gerobak Duri Selatan Rw 01 Kel.Duri Selatan,-6.155522,106.801821,SILIKA DLH /tps dynamic inline JS,https://silika.jakarta.go.id/tps,Official SILIKA TPS coordinate layer. No explicit capacity field exposed.
555,73,KOTA ADM. JAKARTA BARAT,TAMBORA,ANGKE,Pool Gerobak Rw 08 Kel. Angke,-6.146944444,106.7922222,SILIKA DLH /tps dynamic inline JS,https://silika.jakarta.go.id/tps,Official SILIKA TPS coordinate layer. No explicit capacity field exposed.
556,73,KOTA ADM. JAKARTA BARAT,TAMBORA,DURI SELATAN,"Pool Gerobak RW 1,2,3 ",-6.158888889,106.804167,SILIKA DLH /tps dynamic inline JS,https://silika.jakarta.go.id/tps,Official SILIKA TPS coordinate layer. No explicit capacity field exposed.
557,73,KOTA ADM. JAKARTA BARAT,TAMAN SARI,GLODOK,RW. 01 Glodok,-6.141053,106.812073,SILIKA DLH /tps dynamic inline JS,https://silika.jakarta.go.id/tps,Official SILIKA TPS coordinate layer. No explicit capacity field exposed.
558,73,KOTA ADM. JAKARTA BARAT,TAMAN SARI,KRUKUT,"Pool Grobak Rw 07, 08 Krukut",-6.159166667,106.8183333,SILIKA DLH /tps dynamic inline JS,https://silika.jakarta.go.id/tps,Official SILIKA TPS coordinate layer. No explicit capacity field exposed.
559,73,KOTA ADM. JAKARTA BARAT,TAMAN SARI,GLODOK,Rw. 03 Glodok,-6.144158,106.810715,SILIKA DLH /tps dynamic inline JS,https://silika.jakarta.go.id/tps,Official SILIKA TPS coordinate layer. No explicit capacity field exposed.
560,73,KOTA ADM. JAKARTA BARAT,TAMAN SARI,GLODOK,Pool Grobak RW 03 ,-6.144444444,106.8108333,SILIKA DLH /tps dynamic inline JS,https://silika.jakarta.go.id/tps,Official SILIKA TPS coordinate layer. No explicit capacity field exposed.
561,73,KOTA ADM. JAKARTA BARAT,TAMAN SARI,GLODOK,Pool Grobak RW 05 ,-6.147777778,106.8113889,SILIKA DLH /tps dynamic inline JS,https://silika.jakarta.go.id/tps,Official SILIKA TPS coordinate layer. No explicit capacity field exposed.
562,73,KOTA ADM. JAKARTA BARAT,TAMAN SARI,PINANGSIA,pool kontainer rw 06 ,-6.136666667,106.8147222,SILIKA DLH /tps dynamic inline JS,https://silika.jakarta.go.id/tps,Official SILIKA TPS coordinate layer. No explicit capacity field exposed.
563,73,KOTA ADM. JAKARTA BARAT,TAMAN SARI,PINANGSIA,Pool Grobak RW 01 ,-6.1375,106.8186111,SILIKA DLH /tps dynamic inline JS,https://silika.jakarta.go.id/tps,Official SILIKA TPS coordinate layer. No explicit capacity field exposed.
564,73,KOTA ADM. JAKARTA BARAT,TAMAN SARI,PINANGSIA,Pool Grobak RW 05 ,-6.138333333,106.8172222,SILIKA DLH /tps dynamic inline JS,https://silika.jakarta.go.id/tps,Official SILIKA TPS coordinate layer. No explicit capacity field exposed.
565,73,KOTA ADM. JAKARTA BARAT,TAMAN SARI,PINANGSIA,Pool Kontainer RW 06 Gloria ,-6.14,106.8130556,SILIKA DLH /tps dynamic inline JS,https://silika.jakarta.go.id/tps,Official SILIKA TPS coordinate layer. No explicit capacity field exposed.
566,73,KOTA ADM. JAKARTA BARAT,TAMAN SARI,PINANGSIA,Pool Grobak RW 07 ,-6.1335135,106.813583,SILIKA DLH /tps dynamic inline JS,https://silika.jakarta.go.id/tps,Official SILIKA TPS coordinate layer. No explicit capacity field exposed.
567,73,KOTA ADM. JAKARTA BARAT,TAMAN SARI,PINANGSIA,TPS RW 07 ,-6.1333162,106.811266,SILIKA DLH /tps dynamic inline JS,https://silika.jakarta.go.id/tps,Official SILIKA TPS coordinate layer. No explicit capacity field exposed.
568,73,KOTA ADM. JAKARTA BARAT,TAMAN SARI,MANGGA BESAR,RW 01 mangga besar ,-6.14,106.8202778,SILIKA DLH /tps dynamic inline JS,https://silika.jakarta.go.id/tps,Official SILIKA TPS coordinate layer. No explicit capacity field exposed.
569,73,KOTA ADM. JAKARTA BARAT,TAMAN SARI,MANGGA BESAR,rw 02 mangga besar ,-6.1425,106.8208333,SILIKA DLH /tps dynamic inline JS,https://silika.jakarta.go.id/tps,Official SILIKA TPS coordinate layer. No explicit capacity field exposed.
570,73,KOTA ADM. JAKARTA BARAT,TAMAN SARI,MANGGA BESAR,RW 03 Mangga Besar ,-6.144444444,106.8205556,SILIKA DLH /tps dynamic inline JS,https://silika.jakarta.go.id/tps,Official SILIKA TPS coordinate layer. No explicit capacity field exposed.
571,73,KOTA ADM. JAKARTA BARAT,TAMAN SARI,MANGGA BESAR,"RW 04, 05 Mangga Besar ",-6.146111111,106.8202778,SILIKA DLH /tps dynamic inline JS,https://silika.jakarta.go.id/tps,Official SILIKA TPS coordinate layer. No explicit capacity field exposed.
572,73,KOTA ADM. JAKARTA BARAT,TAMAN SARI,MANGGA BESAR,RW 06 Mangga Besar,-6.149722222,106.8175,SILIKA DLH /tps dynamic inline JS,https://silika.jakarta.go.id/tps,Official SILIKA TPS coordinate layer. No explicit capacity field exposed.
573,73,KOTA ADM. JAKARTA BARAT,TAMAN SARI,TANGKI,RW 01 -07 Tangki ,-6.146111111,106.8225,SILIKA DLH /tps dynamic inline JS,https://silika.jakarta.go.id/tps,Official SILIKA TPS coordinate layer. No explicit capacity field exposed.
574,73,KOTA ADM. JAKARTA BARAT,TAMAN SARI,TAMAN SARI,"RW 02,03,05 Tamansari ",-6.152777778,106.8211111,SILIKA DLH /tps dynamic inline JS,https://silika.jakarta.go.id/tps,Official SILIKA TPS coordinate layer. No explicit capacity field exposed.
575,73,KOTA ADM. JAKARTA BARAT,TAMAN SARI,MAPHAR,RW 01 Maphar ,-6.159722222,106.8244444,SILIKA DLH /tps dynamic inline JS,https://silika.jakarta.go.id/tps,Official SILIKA TPS coordinate layer. No explicit capacity field exposed.
576,73,KOTA ADM. JAKARTA BARAT,TAMAN SARI,MAPHAR,RW 03 maphar ,-6.158888889,106.8269444,SILIKA DLH /tps dynamic inline JS,https://silika.jakarta.go.id/tps,Official SILIKA TPS coordinate layer. No explicit capacity field exposed.
577,73,KOTA ADM. JAKARTA BARAT,TAMAN SARI,MAPHAR,RW 04 - 07 maphar ,-6.156944444,106.8211111,SILIKA DLH /tps dynamic inline JS,https://silika.jakarta.go.id/tps,Official SILIKA TPS coordinate layer. No explicit capacity field exposed.
578,73,KOTA ADM. JAKARTA BARAT,TAMAN SARI,MAPHAR,RW 08 Maphar ,-6.1525,106.8183333,SILIKA DLH /tps dynamic inline JS,https://silika.jakarta.go.id/tps,Official SILIKA TPS coordinate layer. No explicit capacity field exposed.
579,73,KOTA ADM. JAKARTA BARAT,TAMAN SARI,MAPHAR,RW 09 maphar ,-6.151944444,106.8191667,SILIKA DLH /tps dynamic inline JS,https://silika.jakarta.go.id/tps,Official SILIKA TPS coordinate layer. No explicit capacity field exposed.
580,73,KOTA ADM. JAKARTA BARAT,TAMAN SARI,TAMAN SARI,RW 01 Tamansari ,-6.153055556,106.8258333,SILIKA DLH /tps dynamic inline JS,https://silika.jakarta.go.id/tps,Official SILIKA TPS coordinate layer. No explicit capacity field exposed.
581,73,KOTA ADM. JAKARTA BARAT,TAMAN SARI,TAMAN SARI,RW 04 Tamansari ,-6.154166667,106.8261111,SILIKA DLH /tps dynamic inline JS,https://silika.jakarta.go.id/tps,Official SILIKA TPS coordinate layer. No explicit capacity field exposed.
582,73,KOTA ADM. JAKARTA BARAT,TAMAN SARI,TAMAN SARI,RW 06 07 Tamansari ,-6.155833333,106.8269444,SILIKA DLH /tps dynamic inline JS,https://silika.jakarta.go.id/tps,Official SILIKA TPS coordinate layer. No explicit capacity field exposed.
583,73,KOTA ADM. JAKARTA BARAT,TAMAN SARI,TAMAN SARI,RW 08 tamansari ,-6.158888889,106.8238889,SILIKA DLH /tps dynamic inline JS,https://silika.jakarta.go.id/tps,Official SILIKA TPS coordinate layer. No explicit capacity field exposed.
584,73,KOTA ADM. JAKARTA BARAT,TAMAN SARI,KEAGUNGAN,RW 01 KEAGUNGAN ,-6.149195,106.812158,SILIKA DLH /tps dynamic inline JS,https://silika.jakarta.go.id/tps,Official SILIKA TPS coordinate layer. No explicit capacity field exposed.
585,73,KOTA ADM. JAKARTA BARAT,TAMAN SARI,KEAGUNGAN,Rw 10 Keagungan ,-6.153611111,106.8111111,SILIKA DLH /tps dynamic inline JS,https://silika.jakarta.go.id/tps,Official SILIKA TPS coordinate layer. No explicit capacity field exposed.
586,73,KOTA ADM. JAKARTA BARAT,PALMERAH,PALMERAH,Dipo Hankam RW 02 ,-6.199722222,106.7933333,SILIKA DLH /tps dynamic inline JS,https://silika.jakarta.go.id/tps,Official SILIKA TPS coordinate layer. No explicit capacity field exposed.
587,73,KOTA ADM. JAKARTA BARAT,PALMERAH,PALMERAH,RW 03 Palmerah ,-6.204166667,106.7925,SILIKA DLH /tps dynamic inline JS,https://silika.jakarta.go.id/tps,Official SILIKA TPS coordinate layer. No explicit capacity field exposed.
588,73,KOTA ADM. JAKARTA BARAT,PALMERAH,KEMANGGISAN,TPS RW 03 Kemanggisan ,-6.196111111,106.7941667,SILIKA DLH /tps dynamic inline JS,https://silika.jakarta.go.id/tps,Official SILIKA TPS coordinate layer. No explicit capacity field exposed.
589,73,KOTA ADM. JAKARTA BARAT,PALMERAH,KEMANGGISAN,TPS RW 01 Kemanggisan ,-6.195833333,106.7938889,SILIKA DLH /tps dynamic inline JS,https://silika.jakarta.go.id/tps,Official SILIKA TPS coordinate layer. No explicit capacity field exposed.
590,73,KOTA ADM. JAKARTA BARAT,PALMERAH,KEMANGGISAN,TPS RW 01 Kemaggisan ,-6.184166667,106.7930556,SILIKA DLH /tps dynamic inline JS,https://silika.jakarta.go.id/tps,Official SILIKA TPS coordinate layer. No explicit capacity field exposed.
591,73,KOTA ADM. JAKARTA BARAT,PALMERAH,KEMANGGISAN,TPS RW 10 Kel Jatipulo ,-6.181388889,106.81,SILIKA DLH /tps dynamic inline JS,https://silika.jakarta.go.id/tps,Official SILIKA TPS coordinate layer. No explicit capacity field exposed.
592,73,KOTA ADM. JAKARTA BARAT,PALMERAH,SLIPI,TPS RW 02 Slipi ,-6.193611111,106.8005556,SILIKA DLH /tps dynamic inline JS,https://silika.jakarta.go.id/tps,Official SILIKA TPS coordinate layer. No explicit capacity field exposed.
593,73,KOTA ADM. JAKARTA BARAT,PALMERAH,JATIPULO,TPS RW 04 Jatipulo,-6.174166667,106.8052778,SILIKA DLH /tps dynamic inline JS,https://silika.jakarta.go.id/tps,Official SILIKA TPS coordinate layer. No explicit capacity field exposed.
594,73,KOTA ADM. JAKARTA BARAT,PALMERAH,JATIPULO,"TPS RW 5,6,7 Kel. Jatipulo ",-6.174166667,106.8055556,SILIKA DLH /tps dynamic inline JS,https://silika.jakarta.go.id/tps,Official SILIKA TPS coordinate layer. No explicit capacity field exposed.
595,73,KOTA ADM. JAKARTA BARAT,PALMERAH,KOTA BAMBU SELATAN,TPS RW 09 Kota Bambu Selatan ,-6.186973,106.798845,SILIKA DLH /tps dynamic inline JS,https://silika.jakarta.go.id/tps,Official SILIKA TPS coordinate layer. No explicit capacity field exposed.
596,73,KOTA ADM. JAKARTA BARAT,PALMERAH,KOTA BAMBU SELATAN,TPS RW 01 Kota bambu Selatan ,-6.1875,106.81,SILIKA DLH /tps dynamic inline JS,https://silika.jakarta.go.id/tps,Official SILIKA TPS coordinate layer. No explicit capacity field exposed.
597,73,KOTA ADM. JAKARTA BARAT,PALMERAH,SLIPI,TPS RW 01 Slipi ,-6.190555556,106.8052778,SILIKA DLH /tps dynamic inline JS,https://silika.jakarta.go.id/tps,Official SILIKA TPS coordinate layer. No explicit capacity field exposed.
598,73,KOTA ADM. JAKARTA BARAT,PALMERAH,SLIPI,TPS RW 06 Slipi Bak Beton ,-6.195277778,106.8022222,SILIKA DLH /tps dynamic inline JS,https://silika.jakarta.go.id/tps,Official SILIKA TPS coordinate layer. No explicit capacity field exposed.
599,73,KOTA ADM. JAKARTA BARAT,PALMERAH,SLIPI,TPS RW 06 Slipi Bak conteiner ,-6.195,106.8022222,SILIKA DLH /tps dynamic inline JS,https://silika.jakarta.go.id/tps,Official SILIKA TPS coordinate layer. No explicit capacity field exposed.
600,73,KOTA ADM. JAKARTA BARAT,PALMERAH,KOTA BAMBU SELATAN,TPS RW 02 kota bambu selatan ,-6.186666667,106.8080556,SILIKA DLH /tps dynamic inline JS,https://silika.jakarta.go.id/tps,Official SILIKA TPS coordinate layer. No explicit capacity field exposed.
601,73,KOTA ADM. JAKARTA BARAT,PALMERAH,KOTA BAMBU SELATAN,TPS RW 03 KBU ,-6.186666667,106.8025,SILIKA DLH /tps dynamic inline JS,https://silika.jakarta.go.id/tps,Official SILIKA TPS coordinate layer. No explicit capacity field exposed.
602,73,KOTA ADM. JAKARTA BARAT,PALMERAH,KOTA BAMBU SELATAN,TPS RW 08 KBU ,-6.18,106.8013889,SILIKA DLH /tps dynamic inline JS,https://silika.jakarta.go.id/tps,Official SILIKA TPS coordinate layer. No explicit capacity field exposed.
603,73,KOTA ADM. JAKARTA BARAT,PALMERAH,KOTA BAMBU SELATAN,TPS RW 07 KBU ,-6.170833333,106.8025,SILIKA DLH /tps dynamic inline JS,https://silika.jakarta.go.id/tps,Official SILIKA TPS coordinate layer. No explicit capacity field exposed.
604,73,KOTA ADM. JAKARTA BARAT,PALMERAH,KEMANGGISAN,TPS RW 05 Kel Kemanggisan ,-6.198611111,106.7883333,SILIKA DLH /tps dynamic inline JS,https://silika.jakarta.go.id/tps,Official SILIKA TPS coordinate layer. No explicit capacity field exposed.
605,73,KOTA ADM. JAKARTA BARAT,KEMBANGAN,KEMBANGAN SELATAN,LPS Pasar Minggu ,-6.190833333,106.7375,SILIKA DLH /tps dynamic inline JS,https://silika.jakarta.go.id/tps,Official SILIKA TPS coordinate layer. No explicit capacity field exposed.
606,73,KOTA ADM. JAKARTA BARAT,KEMBANGAN,KEMBANGAN UTARA,RPTRA Kembangan Utara ,-6.174166667,106.7319444,SILIKA DLH /tps dynamic inline JS,https://silika.jakarta.go.id/tps,Official SILIKA TPS coordinate layer. No explicit capacity field exposed.
607,73,KOTA ADM. JAKARTA BARAT,KEMBANGAN,KEMBANGAN SELATAN,TPS Walikota JB ,-6.186388889,106.7363889,SILIKA DLH /tps dynamic inline JS,https://silika.jakarta.go.id/tps,Official SILIKA TPS coordinate layer. No explicit capacity field exposed.
608,73,KOTA ADM. JAKARTA BARAT,KEMBANGAN,KEMBANGAN UTARA,BPN ,-6.177777778,106.7425,SILIKA DLH /tps dynamic inline JS,https://silika.jakarta.go.id/tps,Official SILIKA TPS coordinate layer. No explicit capacity field exposed.
609,73,KOTA ADM. JAKARTA BARAT,KEMBANGAN,KEMBANGAN SELATAN,Blok D ,-6.181564,106.74654,SILIKA DLH /tps dynamic inline JS,https://silika.jakarta.go.id/tps,Official SILIKA TPS coordinate layer. No explicit capacity field exposed.
610,73,KOTA ADM. JAKARTA BARAT,KEMBANGAN,KEMBANGAN SELATAN,RPTRA Kembangan Selatan ,-6.184166667,106.7522222,SILIKA DLH /tps dynamic inline JS,https://silika.jakarta.go.id/tps,Official SILIKA TPS coordinate layer. No explicit capacity field exposed.
611,73,KOTA ADM. JAKARTA BARAT,KEMBANGAN,KEMBANGAN SELATAN,Kembangan Baru RW 03 ,-6.175555556,106.7422222,SILIKA DLH /tps dynamic inline JS,https://silika.jakarta.go.id/tps,Official SILIKA TPS coordinate layer. No explicit capacity field exposed.
612,73,KOTA ADM. JAKARTA BARAT,KEMBANGAN,KEMBANGAN UTARA,RW 10 Tanggul,-6.175555556,106.7486111,SILIKA DLH /tps dynamic inline JS,https://silika.jakarta.go.id/tps,Official SILIKA TPS coordinate layer. No explicit capacity field exposed.
613,73,KOTA ADM. JAKARTA BARAT,KEMBANGAN,KEMBANGAN UTARA,RW 06 Basmol ,-6.16,106.7472222,SILIKA DLH /tps dynamic inline JS,https://silika.jakarta.go.id/tps,Official SILIKA TPS coordinate layer. No explicit capacity field exposed.
614,73,KOTA ADM. JAKARTA BARAT,KEMBANGAN,KEMBANGAN UTARA,Taman Kota      ,-6.1590401,106.754705,SILIKA DLH /tps dynamic inline JS,https://silika.jakarta.go.id/tps,Official SILIKA TPS coordinate layer. No explicit capacity field exposed.
615,73,KOTA ADM. JAKARTA BARAT,KEMBANGAN,KEMBANGAN UTARA,Pintu Tol Taman Aries RW 02 ,-6.1907106,106.747011,SILIKA DLH /tps dynamic inline JS,https://silika.jakarta.go.id/tps,Official SILIKA TPS coordinate layer. No explicit capacity field exposed.
616,73,KOTA ADM. JAKARTA BARAT,KEBON JERUK,KEBON JERUK,TPS RW 02 Komplek DPR ,-6.200267,106.776003,SILIKA DLH /tps dynamic inline JS,https://silika.jakarta.go.id/tps,Official SILIKA TPS coordinate layer. No explicit capacity field exposed.
617,73,KOTA ADM. JAKARTA BARAT,KEBON JERUK,KEBON JERUK,TPS RW 07 Perumahan Kedoya Permai ,-6.194024,106.758361,SILIKA DLH /tps dynamic inline JS,https://silika.jakarta.go.id/tps,Official SILIKA TPS coordinate layer. No explicit capacity field exposed.
618,73,KOTA ADM. JAKARTA BARAT,KEBON JERUK,SUKABUMI UTARA,TPS RW 04 Hankam  ,-6.215218,106.777521,SILIKA DLH /tps dynamic inline JS,https://silika.jakarta.go.id/tps,Official SILIKA TPS coordinate layer. No explicit capacity field exposed.
619,73,KOTA ADM. JAKARTA BARAT,KEBON JERUK,KELAPA DUA,TPS RW 02  Jl. Arteri Kelapa Dua ,-6.2119753,106.7716848,SILIKA DLH /tps dynamic inline JS,https://silika.jakarta.go.id/tps,Official SILIKA TPS coordinate layer. No explicit capacity field exposed.
620,73,KOTA ADM. JAKARTA BARAT,KEBON JERUK,KELAPA DUA,TPS RW. 05 Perum Pertambangan ,-6.2165363,106.7705691,SILIKA DLH /tps dynamic inline JS,https://silika.jakarta.go.id/tps,Official SILIKA TPS coordinate layer. No explicit capacity field exposed.
621,73,KOTA ADM. JAKARTA BARAT,KEBON JERUK,KEDOYA UTARA,TPS RW 07  kedoya utara ,-6.1710031,106.7601185,SILIKA DLH /tps dynamic inline JS,https://silika.jakarta.go.id/tps,Official SILIKA TPS coordinate layer. No explicit capacity field exposed.
622,73,KOTA ADM. JAKARTA BARAT,KEBON JERUK,KEDOYA SELATAN,TPS RW 04 perum taman kedoya utara ,-6.1844625,106.7643462,SILIKA DLH /tps dynamic inline JS,https://silika.jakarta.go.id/tps,Official SILIKA TPS coordinate layer. No explicit capacity field exposed.
623,73,KOTA ADM. JAKARTA BARAT,KEBON JERUK,KEDOYA SELATAN,TPS RW 01 perumahan depag ,-6.182339,106.76445,SILIKA DLH /tps dynamic inline JS,https://silika.jakarta.go.id/tps,Official SILIKA TPS coordinate layer. No explicit capacity field exposed.
624,73,KOTA ADM. JAKARTA BARAT,KEBON JERUK,KEDOYA SELATAN,TPS RW 03 Kedoya selatan,-6.18304,106.757926,SILIKA DLH /tps dynamic inline JS,https://silika.jakarta.go.id/tps,Official SILIKA TPS coordinate layer. No explicit capacity field exposed.
625,73,KOTA ADM. JAKARTA BARAT,KEBON JERUK,KEDOYA UTARA,TPS RW. 02 Rel kereta api pesing ,-6.15991,106.7617757,SILIKA DLH /tps dynamic inline JS,https://silika.jakarta.go.id/tps,Official SILIKA TPS coordinate layer. No explicit capacity field exposed.
626,73,KOTA ADM. JAKARTA BARAT,KEBON JERUK,KEDOYA UTARA,TPS RW. 03 Green Garden  ,-6.1718591,106.7764088,SILIKA DLH /tps dynamic inline JS,https://silika.jakarta.go.id/tps,Official SILIKA TPS coordinate layer. No explicit capacity field exposed.
627,73,KOTA ADM. JAKARTA BARAT,KEBON JERUK,KEDOYA UTARA,TPS Rusun Kejaksaan ,-6.169444444,106.7652778,SILIKA DLH /tps dynamic inline JS,https://silika.jakarta.go.id/tps,Official SILIKA TPS coordinate layer. No explicit capacity field exposed.
628,73,KOTA ADM. JAKARTA BARAT,KEBON JERUK,KEDOYA UTARA,TPS RW 05 Sunrise Garden ,-6.164734,106.757128,SILIKA DLH /tps dynamic inline JS,https://silika.jakarta.go.id/tps,Official SILIKA TPS coordinate layer. No explicit capacity field exposed.
629,73,KOTA ADM. JAKARTA BARAT,KEBON JERUK,KEDOYA UTARA,TPS RW. 11 Samping kantor kelurahan ,-6.176944444,106.7663889,SILIKA DLH /tps dynamic inline JS,https://silika.jakarta.go.id/tps,Official SILIKA TPS coordinate layer. No explicit capacity field exposed.
630,73,KOTA ADM. JAKARTA BARAT,TAMAN SARI,KRUKUT,Pool Grobak RW 04 ,-6.1575,106.8138889,SILIKA DLH /tps dynamic inline JS,https://silika.jakarta.go.id/tps,Official SILIKA TPS coordinate layer. No explicit capacity field exposed.
631,73,KOTA ADM. JAKARTA BARAT,TAMAN SARI,KRUKUT,Pool Container rw 06 ,-6.158888889,106.8138889,SILIKA DLH /tps dynamic inline JS,https://silika.jakarta.go.id/tps,Official SILIKA TPS coordinate layer. No explicit capacity field exposed.
632,73,KOTA ADM. JAKARTA BARAT,TAMAN SARI,KRUKUT,Pool Grobak RW 01 ,-6.155,106.8175,SILIKA DLH /tps dynamic inline JS,https://silika.jakarta.go.id/tps,Official SILIKA TPS coordinate layer. No explicit capacity field exposed.
633,73,KOTA ADM. JAKARTA BARAT,TAMAN SARI,KRUKUT,pool kontainer rw 02 ,-6.154722222,106.8138889,SILIKA DLH /tps dynamic inline JS,https://silika.jakarta.go.id/tps,Official SILIKA TPS coordinate layer. No explicit capacity field exposed.
634,73,KOTA ADM. JAKARTA BARAT,TAMAN SARI,KRUKUT,Pool Grobak RW 03 ,-6.156111111,106.8108333,SILIKA DLH /tps dynamic inline JS,https://silika.jakarta.go.id/tps,Official SILIKA TPS coordinate layer. No explicit capacity field exposed.
635,73,KOTA ADM. JAKARTA BARAT,KEBON JERUK,KELAPA DUA,TPS RW 07 Villa kelapa dua ,-6.2163474,106.7673677,SILIKA DLH /tps dynamic inline JS,https://silika.jakarta.go.id/tps,Official SILIKA TPS coordinate layer. No explicit capacity field exposed.
636,73,KOTA ADM. JAKARTA BARAT,KEBON JERUK,KELAPA DUA,TPS RW 06 Pinggir kali pesanggerahan ,-6.2147891,106.7641565,SILIKA DLH /tps dynamic inline JS,https://silika.jakarta.go.id/tps,Official SILIKA TPS coordinate layer. No explicit capacity field exposed.
637,73,KOTA ADM. JAKARTA BARAT,KEBON JERUK,SUKABUMI SELATAN,TPS RW 05 Jl. Pahlawan ,-6.21718,106.767296,SILIKA DLH /tps dynamic inline JS,https://silika.jakarta.go.id/tps,Official SILIKA TPS coordinate layer. No explicit capacity field exposed.
638,73,KOTA ADM. JAKARTA BARAT,KEBON JERUK,DURI KEPA,TPS RW. 02 Jl. Patra ,-6.1823314,106.7801459,SILIKA DLH /tps dynamic inline JS,https://silika.jakarta.go.id/tps,Official SILIKA TPS coordinate layer. No explicit capacity field exposed.
639,73,KOTA ADM. JAKARTA BARAT,KEBON JERUK,DURI KEPA,TPS RW.10 Jl. Mangga ,-6.177083,106.7694959,SILIKA DLH /tps dynamic inline JS,https://silika.jakarta.go.id/tps,Official SILIKA TPS coordinate layer. No explicit capacity field exposed.
640,73,KOTA ADM. JAKARTA BARAT,KEBON JERUK,DURI KEPA,TPS RW. 13 Sungai Yordan ,-6.1672507,106.7697952,SILIKA DLH /tps dynamic inline JS,https://silika.jakarta.go.id/tps,Official SILIKA TPS coordinate layer. No explicit capacity field exposed.
641,73,KOTA ADM. JAKARTA BARAT,KEBON JERUK,DURI KEPA,TPS RW 01 Duri Kepa ,-6.1875777,106.7752313,SILIKA DLH /tps dynamic inline JS,https://silika.jakarta.go.id/tps,Official SILIKA TPS coordinate layer. No explicit capacity field exposed.
642,73,KOTA ADM. JAKARTA BARAT,KEBON JERUK,DURI KEPA,TPS RW 06 Duri kepa ,-6.1854825,106.7773679,SILIKA DLH /tps dynamic inline JS,https://silika.jakarta.go.id/tps,Official SILIKA TPS coordinate layer. No explicit capacity field exposed.
643,73,KOTA ADM. JAKARTA BARAT,KEBON JERUK,DURI KEPA,TPS RW 09 Duri kepa ,-6.168888889,106.7794444,SILIKA DLH /tps dynamic inline JS,https://silika.jakarta.go.id/tps,Official SILIKA TPS coordinate layer. No explicit capacity field exposed.
859,73,KOTA ADM. JAKARTA BARAT,KALI DERES,PEGADUNGAN,RW 014 pegadungan,-6.14,106.6980556,SILIKA DLH /tps dynamic inline JS,https://silika.jakarta.go.id/tps,Official SILIKA TPS coordinate layer. No explicit capacity field exposed.
860,73,KOTA ADM. JAKARTA BARAT,KEBON JERUK,KEBON JERUK,Dipo RW.08 Kebon Jeruk,-6.190277778,106.7725,SILIKA DLH /tps dynamic inline JS,https://silika.jakarta.go.id/tps,Official SILIKA TPS coordinate layer. No explicit capacity field exposed.
861,73,KOTA ADM. JAKARTA BARAT,KEBON JERUK,KEBON JERUK,TPS RW 11 Komplek BPK,-6.195833333,106.7697222,SILIKA DLH /tps dynamic inline JS,https://silika.jakarta.go.id/tps,Official SILIKA TPS coordinate layer. No explicit capacity field exposed.
862,73,KOTA ADM. JAKARTA BARAT,KEBON JERUK,KEBON JERUK,TPS RW 10 Jl. Lapangan Bola,-6.2000529,106.760641,SILIKA DLH /tps dynamic inline JS,https://silika.jakarta.go.id/tps,Official SILIKA TPS coordinate layer. No explicit capacity field exposed.
863,73,KOTA ADM. JAKARTA BARAT,KEBON JERUK,SUKABUMI SELATAN,TPS RW 1 Peruri,-6.216944444,106.7669444,SILIKA DLH /tps dynamic inline JS,https://silika.jakarta.go.id/tps,Official SILIKA TPS coordinate layer. No explicit capacity field exposed.
864,73,KOTA ADM. JAKARTA BARAT,KEBON JERUK,SUKABUMI SELATAN,TPS RW. 06 Perumahan Bulog,-6.216388889,106.7730556,SILIKA DLH /tps dynamic inline JS,https://silika.jakarta.go.id/tps,Official SILIKA TPS coordinate layer. No explicit capacity field exposed.
865,73,KOTA ADM. JAKARTA BARAT,KEBON JERUK,DURI KEPA,TPS RW. 007 Duri Kepa ,-6.182222222,106.7738889,SILIKA DLH /tps dynamic inline JS,https://silika.jakarta.go.id/tps,Official SILIKA TPS coordinate layer. No explicit capacity field exposed.
866,73,KOTA ADM. JAKARTA BARAT,KEBON JERUK,DURI KEPA,TPS RW.02 Jl. Duri intan raya,-6.177222222,106.7733333,SILIKA DLH /tps dynamic inline JS,https://silika.jakarta.go.id/tps,Official SILIKA TPS coordinate layer. No explicit capacity field exposed.
867,73,KOTA ADM. JAKARTA BARAT,KEBON JERUK,DURI KEPA,TPS RW. 13 Kali sekretaris,-6.163055556,106.7672222,SILIKA DLH /tps dynamic inline JS,https://silika.jakarta.go.id/tps,Official SILIKA TPS coordinate layer. No explicit capacity field exposed.
868,73,KOTA ADM. JAKARTA BARAT,KEBON JERUK,DURI KEPA,TPS RW. 14 green ville raya dewi sartika,-6.1675,106.7744444,SILIKA DLH /tps dynamic inline JS,https://silika.jakarta.go.id/tps,Official SILIKA TPS coordinate layer. No explicit capacity field exposed.
869,73,KOTA ADM. JAKARTA BARAT,KEBON JERUK,DURI KEPA,TPS RW. 03 green ville ,-6.172222222,106.7761111,SILIKA DLH /tps dynamic inline JS,https://silika.jakarta.go.id/tps,Official SILIKA TPS coordinate layer. No explicit capacity field exposed.
870,73,KOTA ADM. JAKARTA BARAT,KEBON JERUK,KEDOYA SELATAN,TPS Jl. Adhi karya  ,-6.176111111,106.7544444,SILIKA DLH /tps dynamic inline JS,https://silika.jakarta.go.id/tps,Official SILIKA TPS coordinate layer. No explicit capacity field exposed.
871,73,KOTA ADM. JAKARTA BARAT,KEBON JERUK,KEDOYA UTARA,TPS RW. 01 Bohlam,-6.163055556,106.7686111,SILIKA DLH /tps dynamic inline JS,https://silika.jakarta.go.id/tps,Official SILIKA TPS coordinate layer. No explicit capacity field exposed.
872,73,KOTA ADM. JAKARTA BARAT,KEBON JERUK,KEDOYA UTARA,TPS RW. 03 Green Garden,-6.170277778,106.7569444,SILIKA DLH /tps dynamic inline JS,https://silika.jakarta.go.id/tps,Official SILIKA TPS coordinate layer. No explicit capacity field exposed.
873,73,KOTA ADM. JAKARTA BARAT,KEMBANGAN,MERUYA UTARA,Dipo Kebo,-6.195833333,106.7341667,SILIKA DLH /tps dynamic inline JS,https://silika.jakarta.go.id/tps,Official SILIKA TPS coordinate layer. No explicit capacity field exposed.
877,73,KOTA ADM. JAKARTA BARAT,TAMBORA,JEMBATAN BESI,Pool Gerobak Pelbak Rw 05 Kel.Jembatan Besi,-6.151944444,106.7955556,SILIKA DLH /tps dynamic inline JS,https://silika.jakarta.go.id/tps,Official SILIKA TPS coordinate layer. No explicit capacity field exposed.
878,73,KOTA ADM. JAKARTA BARAT,TAMBORA,DURI UTARA,TPS Duri Utara,-6.1531739,106.805252,SILIKA DLH /tps dynamic inline JS,https://silika.jakarta.go.id/tps,Official SILIKA TPS coordinate layer. No explicit capacity field exposed.
910,73,KOTA ADM. JAKARTA BARAT,KALI DERES,KALIDERES,TPS RW 13 Gempol paya,-6.133797,106.687628,SILIKA DLH /tps dynamic inline JS,https://silika.jakarta.go.id/tps,Official SILIKA TPS coordinate layer. No explicit capacity field exposed.
911,73,KOTA ADM. JAKARTA BARAT,KALI DERES,PEGADUNGAN,TPS RW 17  Pegadungan ,-6.120801,106.718188,SILIKA DLH /tps dynamic inline JS,https://silika.jakarta.go.id/tps,Official SILIKA TPS coordinate layer. No explicit capacity field exposed.
912,73,KOTA ADM. JAKARTA BARAT,KALI DERES,KAMAL,TPS RW 02  Kamal ,-6.103426,106.706256,SILIKA DLH /tps dynamic inline JS,https://silika.jakarta.go.id/tps,Official SILIKA TPS coordinate layer. No explicit capacity field exposed.
913,73,KOTA ADM. JAKARTA BARAT,KALI DERES,TEGAL ALUR,TPS RW 01 Tegal Alur ,-6.1004152,106.7149894,SILIKA DLH /tps dynamic inline JS,https://silika.jakarta.go.id/tps,Official SILIKA TPS coordinate layer. No explicit capacity field exposed.
917,73,KOTA ADM. JAKARTA BARAT,KEMBANGAN,SRENGSENG,TPS Buni RW 07 Srengseng,-6.2137906,106.725233,SILIKA DLH /tps dynamic inline JS,https://silika.jakarta.go.id/tps,Official SILIKA TPS coordinate layer. No explicit capacity field exposed.
1022,73,KOTA ADM. JAKARTA BARAT,TAMAN SARI,KRUKUT,Rw. 01 Krukut,-6.155157,106.817174,SILIKA DLH /tps dynamic inline JS,https://silika.jakarta.go.id/tps,Official SILIKA TPS coordinate layer. No explicit capacity field exposed.
1023,73,KOTA ADM. JAKARTA BARAT,TAMAN SARI,TANGKI,Rw. 02 Tangki (loka Indah),-6.145878,106.823884,SILIKA DLH /tps dynamic inline JS,https://silika.jakarta.go.id/tps,Official SILIKA TPS coordinate layer. No explicit capacity field exposed.
1024,73,KOTA ADM. JAKARTA BARAT,TAMAN SARI,KRUKUT,Rw. 03 Krukut,-6.15622,106.811088,SILIKA DLH /tps dynamic inline JS,https://silika.jakarta.go.id/tps,Official SILIKA TPS coordinate layer. No explicit capacity field exposed.
1029,73,KOTA ADM. JAKARTA BARAT,TAMAN SARI,PINANGSIA,TPS RW. 06 PINANGSIA,-6.135198,106.816239,SILIKA DLH /tps dynamic inline JS,https://silika.jakarta.go.id/tps,Official SILIKA TPS coordinate layer. No explicit capacity field exposed.
1030,73,KOTA ADM. JAKARTA BARAT,TAMAN SARI,PINANGSIA,TPS RW.04 PINANGSIA,-6.137568,106.818459,SILIKA DLH /tps dynamic inline JS,https://silika.jakarta.go.id/tps,Official SILIKA TPS coordinate layer. No explicit capacity field exposed.
1071,73,KOTA ADM. JAKARTA BARAT,CENGKARENG,CENGKARENG BARAT,TPS LB3 Asrama Dinas Lingkungan Hidup Bambu Larangan Cengkar,-6.1413772,106.7197876,SILIKA DLH /tps dynamic inline JS,https://silika.jakarta.go.id/tps,Official SILIKA TPS coordinate layer. No explicit capacity field exposed.
1073,73,KOTA ADM. JAKARTA BARAT,GROGOL PETAMBURAN,GROGOL,PD Pasar Grogol,-6.1626563,106.7962693,SILIKA DLH /tps dynamic inline JS,https://silika.jakarta.go.id/tps,Official SILIKA TPS coordinate layer. No explicit capacity field exposed.
1076,73,KOTA ADM. JAKARTA BARAT,GROGOL PETAMBURAN,WIJAYA KUSUMAH,Pasar Impres Wijaya Kusuma,-6.1610907,106.7765464,SILIKA DLH /tps dynamic inline JS,https://silika.jakarta.go.id/tps,Official SILIKA TPS coordinate layer. No explicit capacity field exposed.
1080,73,KOTA ADM. JAKARTA BARAT,GROGOL PETAMBURAN,TOMANG,RW. 013 Tomang,-6.1817391,106.8028959,SILIKA DLH /tps dynamic inline JS,https://silika.jakarta.go.id/tps,Official SILIKA TPS coordinate layer. No explicit capacity field exposed.
1081,73,KOTA ADM. JAKARTA BARAT,GROGOL PETAMBURAN,TOMANG,RW. 04 Tomang,-6.1740147,106.7969337,SILIKA DLH /tps dynamic inline JS,https://silika.jakarta.go.id/tps,Official SILIKA TPS coordinate layer. No explicit capacity field exposed.
1082,73,KOTA ADM. JAKARTA BARAT,GROGOL PETAMBURAN,TANJUNG DUREN SELATAN,PD Pasar Kopro,-6.1761311,106.7823745,SILIKA DLH /tps dynamic inline JS,https://silika.jakarta.go.id/tps,Official SILIKA TPS coordinate layer. No explicit capacity field exposed.
1083,73,KOTA ADM. JAKARTA BARAT,GROGOL PETAMBURAN,TOMANG,PD Pasar Timbul Tomang,-6.1724963,106.7930657,SILIKA DLH /tps dynamic inline JS,https://silika.jakarta.go.id/tps,Official SILIKA TPS coordinate layer. No explicit capacity field exposed.
1084,73,KOTA ADM. JAKARTA BARAT,GROGOL PETAMBURAN,TANJUNG DUREN UTARA,TPS RW.07 TDU,-6.1849871,106.7823252,SILIKA DLH /tps dynamic inline JS,https://silika.jakarta.go.id/tps,Official SILIKA TPS coordinate layer. No explicit capacity field exposed.
1085,73,KOTA ADM. JAKARTA BARAT,GROGOL PETAMBURAN,TANJUNG DUREN SELATAN,Lintas TDS,-6.1807357,106.7819432,SILIKA DLH /tps dynamic inline JS,https://silika.jakarta.go.id/tps,Official SILIKA TPS coordinate layer. No explicit capacity field exposed.
1086,73,KOTA ADM. JAKARTA BARAT,KALI DERES,SEMANAN,TPS RW 07 Semanan,-6.156715,106.707552,SILIKA DLH /tps dynamic inline JS,https://silika.jakarta.go.id/tps,Official SILIKA TPS coordinate layer. No explicit capacity field exposed.
1091,73,KOTA ADM. JAKARTA BARAT,KALI DERES,KALIDERES,TPS Rw 01 Kalideres,-6.154385,106.709414,SILIKA DLH /tps dynamic inline JS,https://silika.jakarta.go.id/tps,Official SILIKA TPS coordinate layer. No explicit capacity field exposed.
1095,73,KOTA ADM. JAKARTA BARAT,GROGOL PETAMBURAN,TOMANG,RW 07 ARJUNA,-6.170489478614446,106.79583227522035,SILIKA DLH /tps dynamic inline JS,https://silika.jakarta.go.id/tps,Official SILIKA TPS coordinate layer. No explicit capacity field exposed.
1096,73,KOTA ADM. JAKARTA BARAT,GROGOL PETAMBURAN,GROGOL,RW 01 daan mogot,-6.155959095537641,106.70959274320847,SILIKA DLH /tps dynamic inline JS,https://silika.jakarta.go.id/tps,Official SILIKA TPS coordinate layer. No explicit capacity field exposed.
1097,73,KOTA ADM. JAKARTA BARAT,GROGOL PETAMBURAN,TOMANG,Rawa Kepa II RW.15,-6.173112796308694,106.80323876224787,SILIKA DLH /tps dynamic inline JS,https://silika.jakarta.go.id/tps,Official SILIKA TPS coordinate layer. No explicit capacity field exposed.
1105,73,KOTA ADM. JAKARTA BARAT,TAMBORA,ROA MALAKA,Pool Gerobak Rw 03 Kel.Roamalaka,-6.1357827,106.8079646,SILIKA DLH /tps dynamic inline JS,https://silika.jakarta.go.id/tps,Official SILIKA TPS coordinate layer. No explicit capacity field exposed.
1106,73,KOTA ADM. JAKARTA BARAT,TAMBORA,TAMBORA,Pool Gerobak Rw 01 Kel.Tambora,-6.1432614,106.8099079,SILIKA DLH /tps dynamic inline JS,https://silika.jakarta.go.id/tps,Official SILIKA TPS coordinate layer. No explicit capacity field exposed.
279,74,KOTA ADM. JAKARTA SELATAN,JAGAKARSA,JAGAKARSA,LPS Kampung Kandang,-6.321799361,106.8092722,SILIKA DLH /tps dynamic inline JS,https://silika.jakarta.go.id/tps,Official SILIKA TPS coordinate layer. No explicit capacity field exposed.
280,74,KOTA ADM. JAKARTA SELATAN,JAGAKARSA,CIGANJUR,LPS Manggis ,-6.321750139,106.8072811,SILIKA DLH /tps dynamic inline JS,https://silika.jakarta.go.id/tps,Official SILIKA TPS coordinate layer. No explicit capacity field exposed.
281,74,KOTA ADM. JAKARTA SELATAN,JAGAKARSA,CIGANJUR,Pool Container Jl. Sadar,-6.3423373,106.8123249,SILIKA DLH /tps dynamic inline JS,https://silika.jakarta.go.id/tps,Official SILIKA TPS coordinate layer. No explicit capacity field exposed.
282,74,KOTA ADM. JAKARTA SELATAN,JAGAKARSA,SRENGSENG SAWAH,Pool Container RW. 04 Srengseng Sawah ,-6.334174439,106.8352552,SILIKA DLH /tps dynamic inline JS,https://silika.jakarta.go.id/tps,Official SILIKA TPS coordinate layer. No explicit capacity field exposed.
283,74,KOTA ADM. JAKARTA SELATAN,PESANGGRAHAN,PESANGGRAHAN,TPS RT 009/002 Pesanggrahan ,-6.261111111,106.76,SILIKA DLH /tps dynamic inline JS,https://silika.jakarta.go.id/tps,Official SILIKA TPS coordinate layer. No explicit capacity field exposed.
284,74,KOTA ADM. JAKARTA SELATAN,PESANGGRAHAN,PESANGGRAHAN,TPS RW 08 Jalan Bintaro Puspita,-6.265,106.7544444,SILIKA DLH /tps dynamic inline JS,https://silika.jakarta.go.id/tps,Official SILIKA TPS coordinate layer. No explicit capacity field exposed.
285,74,KOTA ADM. JAKARTA SELATAN,PESANGGRAHAN,PESANGGRAHAN,TPS RW 003 H. GARI ,-6.255555556,106.7594444,SILIKA DLH /tps dynamic inline JS,https://silika.jakarta.go.id/tps,Official SILIKA TPS coordinate layer. No explicit capacity field exposed.
286,74,KOTA ADM. JAKARTA SELATAN,PESANGGRAHAN,PESANGGRAHAN,TPS RW 002 PESANGGRAHAN ,-6.255555556,106.7594444,SILIKA DLH /tps dynamic inline JS,https://silika.jakarta.go.id/tps,Official SILIKA TPS coordinate layer. No explicit capacity field exposed.
287,74,KOTA ADM. JAKARTA SELATAN,PESANGGRAHAN,PESANGGRAHAN,TPS RW 001 PESANGGRAHAN ,-6.25,106.7633333,SILIKA DLH /tps dynamic inline JS,https://silika.jakarta.go.id/tps,Official SILIKA TPS coordinate layer. No explicit capacity field exposed.
288,74,KOTA ADM. JAKARTA SELATAN,PESANGGRAHAN,PESANGGRAHAN,TPS RW 007 DEPEN ,-6.250833333,106.7561111,SILIKA DLH /tps dynamic inline JS,https://silika.jakarta.go.id/tps,Official SILIKA TPS coordinate layer. No explicit capacity field exposed.
289,74,KOTA ADM. JAKARTA SELATAN,PESANGGRAHAN,PESANGGRAHAN,TPS RW 05 komp. KODAM ,-6.255555556,106.7538889,SILIKA DLH /tps dynamic inline JS,https://silika.jakarta.go.id/tps,Official SILIKA TPS coordinate layer. No explicit capacity field exposed.
290,74,KOTA ADM. JAKARTA SELATAN,PESANGGRAHAN,ULUJAMI,TPS RW 006 KOMP. POLRI ,-6.249722222,106.7630556,SILIKA DLH /tps dynamic inline JS,https://silika.jakarta.go.id/tps,Official SILIKA TPS coordinate layer. No explicit capacity field exposed.
291,74,KOTA ADM. JAKARTA SELATAN,PESANGGRAHAN,ULUJAMI,TPS RW 007 ULUJAMI ,-6.24853,106.76641,SILIKA DLH /tps dynamic inline JS,https://silika.jakarta.go.id/tps,Official SILIKA TPS coordinate layer. No explicit capacity field exposed.
292,74,KOTA ADM. JAKARTA SELATAN,PESANGGRAHAN,ULUJAMI,TPS RW 004 ULUJAMI ,-6.24553,106.76208,SILIKA DLH /tps dynamic inline JS,https://silika.jakarta.go.id/tps,Official SILIKA TPS coordinate layer. No explicit capacity field exposed.
293,74,KOTA ADM. JAKARTA SELATAN,PESANGGRAHAN,ULUJAMI,TPS RW 003 ULUJAMI ,-6.231666667,106.7613889,SILIKA DLH /tps dynamic inline JS,https://silika.jakarta.go.id/tps,Official SILIKA TPS coordinate layer. No explicit capacity field exposed.
294,74,KOTA ADM. JAKARTA SELATAN,PESANGGRAHAN,PETUKANGAN UTARA,TPS RW 007 PETUKANGAN UTARA ,-6.226111111,106.7561111,SILIKA DLH /tps dynamic inline JS,https://silika.jakarta.go.id/tps,Official SILIKA TPS coordinate layer. No explicit capacity field exposed.
295,74,KOTA ADM. JAKARTA SELATAN,PESANGGRAHAN,PETUKANGAN UTARA,TPS RW 010 PETUKANGAN UTARA ,-6.225833333,106.7505556,SILIKA DLH /tps dynamic inline JS,https://silika.jakarta.go.id/tps,Official SILIKA TPS coordinate layer. No explicit capacity field exposed.
296,74,KOTA ADM. JAKARTA SELATAN,PESANGGRAHAN,PETUKANGAN UTARA,TPS RW 001 PETUKANGAN UTARA ,-6.229722222,106.7486111,SILIKA DLH /tps dynamic inline JS,https://silika.jakarta.go.id/tps,Official SILIKA TPS coordinate layer. No explicit capacity field exposed.
297,74,KOTA ADM. JAKARTA SELATAN,PESANGGRAHAN,BINTARO,Lintas Truck Jalan RC Veteran Raya,-6.269943717,106.7662629,SILIKA DLH /tps dynamic inline JS,https://silika.jakarta.go.id/tps,Official SILIKA TPS coordinate layer. No explicit capacity field exposed.
298,74,KOTA ADM. JAKARTA SELATAN,JAGAKARSA,TANJUNG BARAT,Tanjung Mas Raya ,-6.307049592,106.8438484,SILIKA DLH /tps dynamic inline JS,https://silika.jakarta.go.id/tps,Official SILIKA TPS coordinate layer. No explicit capacity field exposed.
299,74,KOTA ADM. JAKARTA SELATAN,JAGAKARSA,LENTENG AGUNG,Dipo RW 08 Lenteng Agung,-6.334601456,106.8354784,SILIKA DLH /tps dynamic inline JS,https://silika.jakarta.go.id/tps,Official SILIKA TPS coordinate layer. No explicit capacity field exposed.
300,74,KOTA ADM. JAKARTA SELATAN,JAGAKARSA,SRENGSENG SAWAH,Pool Gerobak Setu Babakan,-6.34558575,106.819032,SILIKA DLH /tps dynamic inline JS,https://silika.jakarta.go.id/tps,Official SILIKA TPS coordinate layer. No explicit capacity field exposed.
301,74,KOTA ADM. JAKARTA SELATAN,JAGAKARSA,JAGAKARSA,Pool Container Pasar Lenteng Agung,-6.331424,106.833238,SILIKA DLH /tps dynamic inline JS,https://silika.jakarta.go.id/tps,Official SILIKA TPS coordinate layer. No explicit capacity field exposed.
302,74,KOTA ADM. JAKARTA SELATAN,JAGAKARSA,TANJUNG BARAT,Pool Gerobak Jalan Gintung,-6.31433855,106.8463158,SILIKA DLH /tps dynamic inline JS,https://silika.jakarta.go.id/tps,Official SILIKA TPS coordinate layer. No explicit capacity field exposed.
303,74,KOTA ADM. JAKARTA SELATAN,JAGAKARSA,LENTENG AGUNG,LPS Jalan Joe Lenteng Agung ,-6.318522,106.835048,SILIKA DLH /tps dynamic inline JS,https://silika.jakarta.go.id/tps,Official SILIKA TPS coordinate layer. No explicit capacity field exposed.
304,74,KOTA ADM. JAKARTA SELATAN,PASAR MINGGU,PEJATEN BARAT,Dipo Siaga ,-6.269630311,106.8373417,SILIKA DLH /tps dynamic inline JS,https://silika.jakarta.go.id/tps,Official SILIKA TPS coordinate layer. No explicit capacity field exposed.
305,74,KOTA ADM. JAKARTA SELATAN,PASAR MINGGU,PEJATEN BARAT,Dipo Brimob ,-6.271057061,106.8461682,SILIKA DLH /tps dynamic inline JS,https://silika.jakarta.go.id/tps,Official SILIKA TPS coordinate layer. No explicit capacity field exposed.
306,74,KOTA ADM. JAKARTA SELATAN,PASAR MINGGU,KEBAGUSAN,Kober ,-6.3005931,106.8278696,SILIKA DLH /tps dynamic inline JS,https://silika.jakarta.go.id/tps,Official SILIKA TPS coordinate layer. No explicit capacity field exposed.
307,74,KOTA ADM. JAKARTA SELATAN,PANCORAN,KALIBATA,Pool gerobak Wisma Yakib ,-6.265988369,106.8306207,SILIKA DLH /tps dynamic inline JS,https://silika.jakarta.go.id/tps,Official SILIKA TPS coordinate layer. No explicit capacity field exposed.
308,74,KOTA ADM. JAKARTA SELATAN,PANCORAN,KALIBATA,Pool Gerobak Imigrasi ,-6.282655036,106.8310685,SILIKA DLH /tps dynamic inline JS,https://silika.jakarta.go.id/tps,Official SILIKA TPS coordinate layer. No explicit capacity field exposed.
309,74,KOTA ADM. JAKARTA SELATAN,PANCORAN,KALIBATA,Pool Gerobak Kober ,-6.257729619,106.8281311,SILIKA DLH /tps dynamic inline JS,https://silika.jakarta.go.id/tps,Official SILIKA TPS coordinate layer. No explicit capacity field exposed.
310,74,KOTA ADM. JAKARTA SELATAN,TEBET,TEBET BARAT,Dipo Sentral Tebet Barat ,-6.236504769,106.852723,SILIKA DLH /tps dynamic inline JS,https://silika.jakarta.go.id/tps,Official SILIKA TPS coordinate layer. No explicit capacity field exposed.
311,74,KOTA ADM. JAKARTA SELATAN,TEBET,BUKIT DURI,TPS Pasar Bukit Duri,-6.225295161,106.8564533,SILIKA DLH /tps dynamic inline JS,https://silika.jakarta.go.id/tps,Official SILIKA TPS coordinate layer. No explicit capacity field exposed.
312,74,KOTA ADM. JAKARTA SELATAN,TEBET,KEBON BARU,Dipo Ciliwung ,-6.242243525,106.8621163,SILIKA DLH /tps dynamic inline JS,https://silika.jakarta.go.id/tps,Official SILIKA TPS coordinate layer. No explicit capacity field exposed.
313,74,KOTA ADM. JAKARTA SELATAN,TEBET,MANGGARAI,Dipo Manggarai ,-6.211967769,106.8534079,SILIKA DLH /tps dynamic inline JS,https://silika.jakarta.go.id/tps,Official SILIKA TPS coordinate layer. No explicit capacity field exposed.
314,74,KOTA ADM. JAKARTA SELATAN,TEBET,BUKIT DURI,Pool Gerobak Abdullah Syafei ,-6.224810389,106.8633377,SILIKA DLH /tps dynamic inline JS,https://silika.jakarta.go.id/tps,Official SILIKA TPS coordinate layer. No explicit capacity field exposed.
315,74,KOTA ADM. JAKARTA SELATAN,TEBET,BUKIT DURI,RW 12 BUKIT DURI,-6.21785635,106.8618394,SILIKA DLH /tps dynamic inline JS,https://silika.jakarta.go.id/tps,Official SILIKA TPS coordinate layer. No explicit capacity field exposed.
316,74,KOTA ADM. JAKARTA SELATAN,TEBET,MANGGARAI,RW 04 Kelurahan Manggarai ,-6.2090017,106.8495602,SILIKA DLH /tps dynamic inline JS,https://silika.jakarta.go.id/tps,Official SILIKA TPS coordinate layer. No explicit capacity field exposed.
317,74,KOTA ADM. JAKARTA SELATAN,TEBET,MANGGARAI,RW 05 Kelurahan Manggarai ,-6.209053572,106.8471471,SILIKA DLH /tps dynamic inline JS,https://silika.jakarta.go.id/tps,Official SILIKA TPS coordinate layer. No explicit capacity field exposed.
318,74,KOTA ADM. JAKARTA SELATAN,TEBET,MANGGARAI,RW 08 Kelurahan Manggarai ,-6.209053572,106.8471471,SILIKA DLH /tps dynamic inline JS,https://silika.jakarta.go.id/tps,Official SILIKA TPS coordinate layer. No explicit capacity field exposed.
319,74,KOTA ADM. JAKARTA SELATAN,PESANGGRAHAN,BINTARO,TPS RW 004 IKPN ,-6.261378922,106.7712428,SILIKA DLH /tps dynamic inline JS,https://silika.jakarta.go.id/tps,Official SILIKA TPS coordinate layer. No explicit capacity field exposed.
320,74,KOTA ADM. JAKARTA SELATAN,PESANGGRAHAN,BINTARO,TPS Deplu RW 003,-6.2743,106.7669,SILIKA DLH /tps dynamic inline JS,https://silika.jakarta.go.id/tps,Official SILIKA TPS coordinate layer. No explicit capacity field exposed.
321,74,KOTA ADM. JAKARTA SELATAN,PESANGGRAHAN,BINTARO,TPS RW 011 RENGAS ,-6.274033264,106.757656,SILIKA DLH /tps dynamic inline JS,https://silika.jakarta.go.id/tps,Official SILIKA TPS coordinate layer. No explicit capacity field exposed.
322,74,KOTA ADM. JAKARTA SELATAN,PESANGGRAHAN,PETUKANGAN SELATAN,DIPO KKN ,-6.240882042,106.7554459,SILIKA DLH /tps dynamic inline JS,https://silika.jakarta.go.id/tps,Official SILIKA TPS coordinate layer. No explicit capacity field exposed.
323,74,KOTA ADM. JAKARTA SELATAN,PESANGGRAHAN,PETUKANGAN SELATAN,TPS RW 008 PETUKANGAN SELATAN ,-6.247492911,106.7479911,SILIKA DLH /tps dynamic inline JS,https://silika.jakarta.go.id/tps,Official SILIKA TPS coordinate layer. No explicit capacity field exposed.
324,74,KOTA ADM. JAKARTA SELATAN,PESANGGRAHAN,BINTARO,TPS RW 002 BINTARO ,-6.26382,106.76187,SILIKA DLH /tps dynamic inline JS,https://silika.jakarta.go.id/tps,Official SILIKA TPS coordinate layer. No explicit capacity field exposed.
325,74,KOTA ADM. JAKARTA SELATAN,PESANGGRAHAN,BINTARO,TPS RW 008 Jalan Bintaro Utama,-6.271240136,106.7558657,SILIKA DLH /tps dynamic inline JS,https://silika.jakarta.go.id/tps,Official SILIKA TPS coordinate layer. No explicit capacity field exposed.
326,74,KOTA ADM. JAKARTA SELATAN,PESANGGRAHAN,BINTARO,TPS RW 010 BINTARO ,-6.2572432,106.7623867,SILIKA DLH /tps dynamic inline JS,https://silika.jakarta.go.id/tps,Official SILIKA TPS coordinate layer. No explicit capacity field exposed.
327,74,KOTA ADM. JAKARTA SELATAN,TEBET,KEBON BARU,RW 01 Kebon Baru ,-6.225323889,106.8633669,SILIKA DLH /tps dynamic inline JS,https://silika.jakarta.go.id/tps,Official SILIKA TPS coordinate layer. No explicit capacity field exposed.
328,74,KOTA ADM. JAKARTA SELATAN,TEBET,BUKIT DURI,Lintas Truck Jalan KH Abdullah Syafei,-6.2250102,106.8554106,SILIKA DLH /tps dynamic inline JS,https://silika.jakarta.go.id/tps,Official SILIKA TPS coordinate layer. No explicit capacity field exposed.
329,74,KOTA ADM. JAKARTA SELATAN,SETIABUDI,KUNINGAN TIMUR,RW. 04 Kuningan Timur ,-6.227845272,106.8357881,SILIKA DLH /tps dynamic inline JS,https://silika.jakarta.go.id/tps,Official SILIKA TPS coordinate layer. No explicit capacity field exposed.
330,74,KOTA ADM. JAKARTA SELATAN,SETIABUDI,KARET SEMANGGI,RW 04 Karet Semanggi ,-6.219232797,106.8173597,SILIKA DLH /tps dynamic inline JS,https://silika.jakarta.go.id/tps,Official SILIKA TPS coordinate layer. No explicit capacity field exposed.
331,74,KOTA ADM. JAKARTA SELATAN,SETIABUDI,MENTENG ATAS,Tps menteng atas ,-6.220679994,106.838302,SILIKA DLH /tps dynamic inline JS,https://silika.jakarta.go.id/tps,Official SILIKA TPS coordinate layer. No explicit capacity field exposed.
332,74,KOTA ADM. JAKARTA SELATAN,SETIABUDI,GUNTUR,Jalan Kawi ,-6.211087939,106.8347671,SILIKA DLH /tps dynamic inline JS,https://silika.jakarta.go.id/tps,Official SILIKA TPS coordinate layer. No explicit capacity field exposed.
333,74,KOTA ADM. JAKARTA SELATAN,SETIABUDI,SETIABUDI,RW 02 Setia Budi ,-6.210206542,106.8291682,SILIKA DLH /tps dynamic inline JS,https://silika.jakarta.go.id/tps,Official SILIKA TPS coordinate layer. No explicit capacity field exposed.
334,74,KOTA ADM. JAKARTA SELATAN,SETIABUDI,KARET,RW 05 Karet ,-6.21315465,106.8285394,SILIKA DLH /tps dynamic inline JS,https://silika.jakarta.go.id/tps,Official SILIKA TPS coordinate layer. No explicit capacity field exposed.
335,74,KOTA ADM. JAKARTA SELATAN,SETIABUDI,KUNINGAN TIMUR,RW 01 Kuningan Timur ,-6.226870289,106.8235818,SILIKA DLH /tps dynamic inline JS,https://silika.jakarta.go.id/tps,Official SILIKA TPS coordinate layer. No explicit capacity field exposed.
336,74,KOTA ADM. JAKARTA SELATAN,SETIABUDI,KUNINGAN TIMUR,RW 03 Kuningan Timur ,-6.231456206,106.8253932,SILIKA DLH /tps dynamic inline JS,https://silika.jakarta.go.id/tps,Official SILIKA TPS coordinate layer. No explicit capacity field exposed.
337,74,KOTA ADM. JAKARTA SELATAN,SETIABUDI,KARET,Lintas Truck Jalan Denpasar,-6.22295035,106.8313381,SILIKA DLH /tps dynamic inline JS,https://silika.jakarta.go.id/tps,Official SILIKA TPS coordinate layer. No explicit capacity field exposed.
338,74,KOTA ADM. JAKARTA SELATAN,PASAR MINGGU,PEJATEN TIMUR,Kemuning ,-6.274248989,106.8504843,SILIKA DLH /tps dynamic inline JS,https://silika.jakarta.go.id/tps,Official SILIKA TPS coordinate layer. No explicit capacity field exposed.
339,74,KOTA ADM. JAKARTA SELATAN,PASAR MINGGU,PEJATEN TIMUR,Dipo RW 08 ,-6.285879319,106.8444467,SILIKA DLH /tps dynamic inline JS,https://silika.jakarta.go.id/tps,Official SILIKA TPS coordinate layer. No explicit capacity field exposed.
340,74,KOTA ADM. JAKARTA SELATAN,PASAR MINGGU,PASAR MINGGU,Jalan Buntu ,-6.282657619,106.8432946,SILIKA DLH /tps dynamic inline JS,https://silika.jakarta.go.id/tps,Official SILIKA TPS coordinate layer. No explicit capacity field exposed.
341,74,KOTA ADM. JAKARTA SELATAN,PASAR MINGGU,RAGUNAN,RW 08 SACO ,-6.309349719,106.8157663,SILIKA DLH /tps dynamic inline JS,https://silika.jakarta.go.id/tps,Official SILIKA TPS coordinate layer. No explicit capacity field exposed.
342,74,KOTA ADM. JAKARTA SELATAN,PASAR MINGGU,PEJATEN BARAT,Pool Gerobak RS Hewan ,-6.29801865,106.8193607,SILIKA DLH /tps dynamic inline JS,https://silika.jakarta.go.id/tps,Official SILIKA TPS coordinate layer. No explicit capacity field exposed.
343,74,KOTA ADM. JAKARTA SELATAN,CILANDAK,CIPETE SELATAN,Jln. P. Antasari ,-6.2728956,106.8088041,SILIKA DLH /tps dynamic inline JS,https://silika.jakarta.go.id/tps,Official SILIKA TPS coordinate layer. No explicit capacity field exposed.
344,74,KOTA ADM. JAKARTA SELATAN,CILANDAK,GANDARIA SELATAN,Poncol ,-6.275074083,106.7944248,SILIKA DLH /tps dynamic inline JS,https://silika.jakarta.go.id/tps,Official SILIKA TPS coordinate layer. No explicit capacity field exposed.
345,74,KOTA ADM. JAKARTA SELATAN,CILANDAK,LEBAK BULUS,Gunung Balong ,-6.301045281,106.7891457,SILIKA DLH /tps dynamic inline JS,https://silika.jakarta.go.id/tps,Official SILIKA TPS coordinate layer. No explicit capacity field exposed.
346,74,KOTA ADM. JAKARTA SELATAN,CILANDAK,LEBAK BULUS,TPS Pertanian ,-6.307316411,106.7794038,SILIKA DLH /tps dynamic inline JS,https://silika.jakarta.go.id/tps,Official SILIKA TPS coordinate layer. No explicit capacity field exposed.
347,74,KOTA ADM. JAKARTA SELATAN,MAMPANG PRAPATAN,BANGKA,Dipo Kober ,-6.267822989,106.815038,SILIKA DLH /tps dynamic inline JS,https://silika.jakarta.go.id/tps,Official SILIKA TPS coordinate layer. No explicit capacity field exposed.
348,74,KOTA ADM. JAKARTA SELATAN,MAMPANG PRAPATAN,KUNINGAN BARAT,Pool Gerobak Suharti ,-6.239448972,106.8187708,SILIKA DLH /tps dynamic inline JS,https://silika.jakarta.go.id/tps,Official SILIKA TPS coordinate layer. No explicit capacity field exposed.
349,74,KOTA ADM. JAKARTA SELATAN,MAMPANG PRAPATAN,PELA MAMPANG,Pool Gerobak Pela Mampang ,-6.252654081,106.8113661,SILIKA DLH /tps dynamic inline JS,https://silika.jakarta.go.id/tps,Official SILIKA TPS coordinate layer. No explicit capacity field exposed.
350,74,KOTA ADM. JAKARTA SELATAN,MAMPANG PRAPATAN,MAMPANG PRAPATAN,Pool Gerobak Lepin ,-6.2401735,106.8315257,SILIKA DLH /tps dynamic inline JS,https://silika.jakarta.go.id/tps,Official SILIKA TPS coordinate layer. No explicit capacity field exposed.
351,74,KOTA ADM. JAKARTA SELATAN,MAMPANG PRAPATAN,BANGKA,Pool Gerobak Kratingdaeng ,-6.2401735,106.8315257,SILIKA DLH /tps dynamic inline JS,https://silika.jakarta.go.id/tps,Official SILIKA TPS coordinate layer. No explicit capacity field exposed.
352,74,KOTA ADM. JAKARTA SELATAN,MAMPANG PRAPATAN,MAMPANG PRAPATAN,Lintas Truck Jalan Mampang Prapatan,-6.242995422,106.825869,SILIKA DLH /tps dynamic inline JS,https://silika.jakarta.go.id/tps,Official SILIKA TPS coordinate layer. No explicit capacity field exposed.
353,74,KOTA ADM. JAKARTA SELATAN,KEBAYORAN LAMA,PONDOK PINANG,TPS Komplek PU ,-6.286678881,106.772691,SILIKA DLH /tps dynamic inline JS,https://silika.jakarta.go.id/tps,Official SILIKA TPS coordinate layer. No explicit capacity field exposed.
354,74,KOTA ADM. JAKARTA SELATAN,KEBAYORAN LAMA,KEBAYORAN LAMA SELATAN,TPS Kodim ,-6.254207661,106.7806784,SILIKA DLH /tps dynamic inline JS,https://silika.jakarta.go.id/tps,Official SILIKA TPS coordinate layer. No explicit capacity field exposed.
355,74,KOTA ADM. JAKARTA SELATAN,KEBAYORAN LAMA,PONDOK PINANG,TPS Sespima Polri ,-6.288034,106.7692159,SILIKA DLH /tps dynamic inline JS,https://silika.jakarta.go.id/tps,Official SILIKA TPS coordinate layer. No explicit capacity field exposed.
356,74,KOTA ADM. JAKARTA SELATAN,KEBAYORAN LAMA,PONDOK PINANG,Pool Container Jati Indah ,-6.259709139,106.7727763,SILIKA DLH /tps dynamic inline JS,https://silika.jakarta.go.id/tps,Official SILIKA TPS coordinate layer. No explicit capacity field exposed.
357,74,KOTA ADM. JAKARTA SELATAN,KEBAYORAN LAMA,KEBAYORAN LAMA SELATAN,TPS Kostrad ,-6.2513451,106.7859502,SILIKA DLH /tps dynamic inline JS,https://silika.jakarta.go.id/tps,Official SILIKA TPS coordinate layer. No explicit capacity field exposed.
358,74,KOTA ADM. JAKARTA SELATAN,KEBAYORAN LAMA,PONDOK PINANG,TPS Dipo Pondok Pinang ,-6.26314395,106.7764188,SILIKA DLH /tps dynamic inline JS,https://silika.jakarta.go.id/tps,Official SILIKA TPS coordinate layer. No explicit capacity field exposed.
359,74,KOTA ADM. JAKARTA SELATAN,KEBAYORAN LAMA,GROGOL UTARA,TPS Komp TVRI ,-6.214573181,106.7870689,SILIKA DLH /tps dynamic inline JS,https://silika.jakarta.go.id/tps,Official SILIKA TPS coordinate layer. No explicit capacity field exposed.
360,74,KOTA ADM. JAKARTA SELATAN,KEBAYORAN LAMA,GROGOL UTARA,Pool Container RW 03 Grogol Utara ,-6.208001189,106.787429,SILIKA DLH /tps dynamic inline JS,https://silika.jakarta.go.id/tps,Official SILIKA TPS coordinate layer. No explicit capacity field exposed.
361,74,KOTA ADM. JAKARTA SELATAN,KEBAYORAN LAMA,GROGOL UTARA,Pool Gerobak RW 14 Grogol Utara ,-6.213444292,106.7934139,SILIKA DLH /tps dynamic inline JS,https://silika.jakarta.go.id/tps,Official SILIKA TPS coordinate layer. No explicit capacity field exposed.
362,74,KOTA ADM. JAKARTA SELATAN,KEBAYORAN LAMA,GROGOL SELATAN,TPS RW 09 Grogol Selatan (SAUNG) ,-6.230485789,106.7858799,SILIKA DLH /tps dynamic inline JS,https://silika.jakarta.go.id/tps,Official SILIKA TPS coordinate layer. No explicit capacity field exposed.
363,74,KOTA ADM. JAKARTA SELATAN,KEBAYORAN LAMA,GROGOL SELATAN,Pool Gerobak  Bata Putih ,-6.232783219,106.7847768,SILIKA DLH /tps dynamic inline JS,https://silika.jakarta.go.id/tps,Official SILIKA TPS coordinate layer. No explicit capacity field exposed.
364,74,KOTA ADM. JAKARTA SELATAN,KEBAYORAN LAMA,KEBAYORAN LAMA UTARA,Pool Gerobak Jl. Toji ,-6.239338819,106.7828068,SILIKA DLH /tps dynamic inline JS,https://silika.jakarta.go.id/tps,Official SILIKA TPS coordinate layer. No explicit capacity field exposed.
365,74,KOTA ADM. JAKARTA SELATAN,KEBAYORAN LAMA,CIPULIR,Pool Container RW 09 Cipulir ,-6.234166667,106.7716667,SILIKA DLH /tps dynamic inline JS,https://silika.jakarta.go.id/tps,Official SILIKA TPS coordinate layer. No explicit capacity field exposed.
366,74,KOTA ADM. JAKARTA SELATAN,KEBAYORAN LAMA,GROGOL UTARA,Pool Container RW 13 Grogol Utara ,-6.211666667,106.7825,SILIKA DLH /tps dynamic inline JS,https://silika.jakarta.go.id/tps,Official SILIKA TPS coordinate layer. No explicit capacity field exposed.
367,74,KOTA ADM. JAKARTA SELATAN,KEBAYORAN LAMA,GROGOL UTARA,Pool Container RW 07 Grogol Utara ,-6.211666667,106.7866667,SILIKA DLH /tps dynamic inline JS,https://silika.jakarta.go.id/tps,Official SILIKA TPS coordinate layer. No explicit capacity field exposed.
368,74,KOTA ADM. JAKARTA SELATAN,KEBAYORAN LAMA,GROGOL SELATAN,Pool Countainer RW 08 Grogol Selatan ,-6.23656,106.7905556,SILIKA DLH /tps dynamic inline JS,https://silika.jakarta.go.id/tps,Official SILIKA TPS coordinate layer. No explicit capacity field exposed.
369,74,KOTA ADM. JAKARTA SELATAN,KEBAYORAN LAMA,GROGOL UTARA,Pool Countainer RW 12 Grogol Utara ,-6.221666667,106.7872222,SILIKA DLH /tps dynamic inline JS,https://silika.jakarta.go.id/tps,Official SILIKA TPS coordinate layer. No explicit capacity field exposed.
370,74,KOTA ADM. JAKARTA SELATAN,KEBAYORAN LAMA,GROGOL UTARA,Pool Gerobak RW 08 Grogol Utara ,-6.23,106.7797222,SILIKA DLH /tps dynamic inline JS,https://silika.jakarta.go.id/tps,Official SILIKA TPS coordinate layer. No explicit capacity field exposed.
371,74,KOTA ADM. JAKARTA SELATAN,KEBAYORAN LAMA,PONDOK PINANG,Pool Container RW 08 Pondok Pinang ,-6.283888889,106.7661111,SILIKA DLH /tps dynamic inline JS,https://silika.jakarta.go.id/tps,Official SILIKA TPS coordinate layer. No explicit capacity field exposed.
372,74,KOTA ADM. JAKARTA SELATAN,KEBAYORAN LAMA,GROGOL SELATAN,Pool Gerobak Jl. Seha ,-6.234166667,106.7713889,SILIKA DLH /tps dynamic inline JS,https://silika.jakarta.go.id/tps,Official SILIKA TPS coordinate layer. No explicit capacity field exposed.
373,74,KOTA ADM. JAKARTA SELATAN,KEBAYORAN BARU,KRAMAT PELA,Dipo Kramat Pela ,-6.249929097,106.7952646,SILIKA DLH /tps dynamic inline JS,https://silika.jakarta.go.id/tps,Official SILIKA TPS coordinate layer. No explicit capacity field exposed.
374,74,KOTA ADM. JAKARTA SELATAN,KEBAYORAN BARU,RAWA BARAT,DIPO RAWA BARAT ,-6.233207611,106.8128083,SILIKA DLH /tps dynamic inline JS,https://silika.jakarta.go.id/tps,Official SILIKA TPS coordinate layer. No explicit capacity field exposed.
375,74,KOTA ADM. JAKARTA SELATAN,KEBAYORAN BARU,GUNUNG,Pool Gerobak Dempo,-6.2460204,106.8091067,SILIKA DLH /tps dynamic inline JS,https://silika.jakarta.go.id/tps,Official SILIKA TPS coordinate layer. No explicit capacity field exposed.
376,74,KOTA ADM. JAKARTA SELATAN,KEBAYORAN BARU,CIPETE UTARA,Pool Gerobak Jl. Damai,-6.25981,106.801179,SILIKA DLH /tps dynamic inline JS,https://silika.jakarta.go.id/tps,Official SILIKA TPS coordinate layer. No explicit capacity field exposed.
377,74,KOTA ADM. JAKARTA SELATAN,PANCORAN,RAWAJATI,Dipo DPR ,-6.251928461,106.8565531,SILIKA DLH /tps dynamic inline JS,https://silika.jakarta.go.id/tps,Official SILIKA TPS coordinate layer. No explicit capacity field exposed.
378,74,KOTA ADM. JAKARTA SELATAN,PANCORAN,RAWAJATI,DIPO KBI ,-6.263001,106.854242,SILIKA DLH /tps dynamic inline JS,https://silika.jakarta.go.id/tps,Official SILIKA TPS coordinate layer. No explicit capacity field exposed.
656,74,KOTA ADM. JAKARTA SELATAN,KEBAYORAN BARU,GANDARIA UTARA,Dipo Gandaria Utara ,-6.257927419,106.7907031,SILIKA DLH /tps dynamic inline JS,https://silika.jakarta.go.id/tps,Official SILIKA TPS coordinate layer. No explicit capacity field exposed.
750,74,KOTA ADM. JAKARTA SELATAN,PASAR MINGGU,PEJATEN BARAT,Pool Container Buncit Indah,-6.271038961,106.8323412,SILIKA DLH /tps dynamic inline JS,https://silika.jakarta.go.id/tps,Official SILIKA TPS coordinate layer. No explicit capacity field exposed.
752,74,KOTA ADM. JAKARTA SELATAN,MAMPANG PRAPATAN,BANGKA,TPS 3R KEMANG,-6.25548,106.82475,SILIKA DLH /tps dynamic inline JS,https://silika.jakarta.go.id/tps,Official SILIKA TPS coordinate layer. No explicit capacity field exposed.
753,74,KOTA ADM. JAKARTA SELATAN,KEBAYORAN LAMA,GROGOL SELATAN,TPS Dipo Permata Hijau II,-6.229362775,106.766507,SILIKA DLH /tps dynamic inline JS,https://silika.jakarta.go.id/tps,Official SILIKA TPS coordinate layer. No explicit capacity field exposed.
754,74,KOTA ADM. JAKARTA SELATAN,KEBAYORAN LAMA,GROGOL UTARA,Pool Gerobak  RW 011 Grogol Utara,-6.212623,106.786413,SILIKA DLH /tps dynamic inline JS,https://silika.jakarta.go.id/tps,Official SILIKA TPS coordinate layer. No explicit capacity field exposed.
755,74,KOTA ADM. JAKARTA SELATAN,KEBAYORAN LAMA,KEBAYORAN LAMA SELATAN,Lintas Truck Jalan Sutan Iskandar Muda,-6.2505622,106.7815347,SILIKA DLH /tps dynamic inline JS,https://silika.jakarta.go.id/tps,Official SILIKA TPS coordinate layer. No explicit capacity field exposed.
756,74,KOTA ADM. JAKARTA SELATAN,SETIABUDI,PASAR MANGGIS,Pool Gerobak RW 01 Pasar Manggis,-6.2112071,106.8444802,SILIKA DLH /tps dynamic inline JS,https://silika.jakarta.go.id/tps,Official SILIKA TPS coordinate layer. No explicit capacity field exposed.
757,74,KOTA ADM. JAKARTA SELATAN,CILANDAK,CILANDAK BARAT,Gaharu I,-6.2796755,106.7970056,SILIKA DLH /tps dynamic inline JS,https://silika.jakarta.go.id/tps,Official SILIKA TPS coordinate layer. No explicit capacity field exposed.
758,74,KOTA ADM. JAKARTA SELATAN,KEBAYORAN BARU,PETOGOGAN,TPS RW 03 PETOGOGAN,-6.246891311,106.8103771,SILIKA DLH /tps dynamic inline JS,https://silika.jakarta.go.id/tps,Official SILIKA TPS coordinate layer. No explicit capacity field exposed.
759,74,KOTA ADM. JAKARTA SELATAN,KEBAYORAN BARU,GUNUNG,RW 05 GUNUNG,-6.231111111,106.7927778,SILIKA DLH /tps dynamic inline JS,https://silika.jakarta.go.id/tps,Official SILIKA TPS coordinate layer. No explicit capacity field exposed.
760,74,KOTA ADM. JAKARTA SELATAN,PANCORAN,PANCORAN,Triloka,-6.245937911,106.8391059,SILIKA DLH /tps dynamic inline JS,https://silika.jakarta.go.id/tps,Official SILIKA TPS coordinate layer. No explicit capacity field exposed.
761,74,KOTA ADM. JAKARTA SELATAN,PANCORAN,RAWAJATI,Kampung Argo Wisata Rajawati Tiga,-6.260720911,106.8575246,SILIKA DLH /tps dynamic inline JS,https://silika.jakarta.go.id/tps,Official SILIKA TPS coordinate layer. No explicit capacity field exposed.
766,74,KOTA ADM. JAKARTA SELATAN,PESANGGRAHAN,BINTARO,RW 12 BINTARO,-6.258830689,106.7720753,SILIKA DLH /tps dynamic inline JS,https://silika.jakarta.go.id/tps,Official SILIKA TPS coordinate layer. No explicit capacity field exposed.
939,74,KOTA ADM. JAKARTA SELATAN,KEBAYORAN LAMA,CIPULIR,Pool Gerobak RW. 04 Cipulir,-6.2377779,106.772074,SILIKA DLH /tps dynamic inline JS,https://silika.jakarta.go.id/tps,Official SILIKA TPS coordinate layer. No explicit capacity field exposed.
940,74,KOTA ADM. JAKARTA SELATAN,JAGAKARSA,SRENGSENG SAWAH,LPS Kabeda,-6.358947,106.813425,SILIKA DLH /tps dynamic inline JS,https://silika.jakarta.go.id/tps,Official SILIKA TPS coordinate layer. No explicit capacity field exposed.
941,74,KOTA ADM. JAKARTA SELATAN,KEBAYORAN BARU,SENAYAN,TPS POLDA,-6.2227481,106.8111282,SILIKA DLH /tps dynamic inline JS,https://silika.jakarta.go.id/tps,Official SILIKA TPS coordinate layer. No explicit capacity field exposed.
943,74,KOTA ADM. JAKARTA SELATAN,JAGAKARSA,SRENGSENG SAWAH,Pool Container Zona A Setu Babakan,-6.338223,106.825304,SILIKA DLH /tps dynamic inline JS,https://silika.jakarta.go.id/tps,Official SILIKA TPS coordinate layer. No explicit capacity field exposed.
944,74,KOTA ADM. JAKARTA SELATAN,KEBAYORAN LAMA,KEBAYORAN LAMA UTARA,TPS Pasar Kelapa,-6.236662,106.7817,SILIKA DLH /tps dynamic inline JS,https://silika.jakarta.go.id/tps,Official SILIKA TPS coordinate layer. No explicit capacity field exposed.
945,74,KOTA ADM. JAKARTA SELATAN,KEBAYORAN LAMA,GROGOL SELATAN,Lintas Area Pasar Kebayoran Lama (Dasim),-6.236266,106.7809,SILIKA DLH /tps dynamic inline JS,https://silika.jakarta.go.id/tps,Official SILIKA TPS coordinate layer. No explicit capacity field exposed.
946,74,KOTA ADM. JAKARTA SELATAN,KEBAYORAN LAMA,CIPULIR,Lintas Area Pasar Kebayoran Lama (Rahmat),-6.238638,106.7803,SILIKA DLH /tps dynamic inline JS,https://silika.jakarta.go.id/tps,Official SILIKA TPS coordinate layer. No explicit capacity field exposed.
947,74,KOTA ADM. JAKARTA SELATAN,KEBAYORAN LAMA,KEBAYORAN LAMA UTARA,Lintas Area Pasar Kebayoran Lama (Asep Maman),-6.238507,106.7808,SILIKA DLH /tps dynamic inline JS,https://silika.jakarta.go.id/tps,Official SILIKA TPS coordinate layer. No explicit capacity field exposed.
948,74,KOTA ADM. JAKARTA SELATAN,KEBAYORAN LAMA,CIPULIR,Lintas Area Pasar Kebayoran Lama (Yelpius),-6.238265,106.7806,SILIKA DLH /tps dynamic inline JS,https://silika.jakarta.go.id/tps,Official SILIKA TPS coordinate layer. No explicit capacity field exposed.
949,74,KOTA ADM. JAKARTA SELATAN,KEBAYORAN LAMA,KEBAYORAN LAMA SELATAN,Pool Gerobak RW. 011 Kebayoran Lama Selatan,-6.26091101,106.78216326,SILIKA DLH /tps dynamic inline JS,https://silika.jakarta.go.id/tps,Official SILIKA TPS coordinate layer. No explicit capacity field exposed.
950,74,KOTA ADM. JAKARTA SELATAN,KEBAYORAN LAMA,KEBAYORAN LAMA UTARA,Pool Countener PD Pasar KebayoranLama,-6.2377779,106.772074,SILIKA DLH /tps dynamic inline JS,https://silika.jakarta.go.id/tps,Official SILIKA TPS coordinate layer. No explicit capacity field exposed.
951,74,KOTA ADM. JAKARTA SELATAN,KEBAYORAN LAMA,CIPULIR,Lintas  RW. 02  dan 01 Cipulir,-6.2383041,106.77889981,SILIKA DLH /tps dynamic inline JS,https://silika.jakarta.go.id/tps,Official SILIKA TPS coordinate layer. No explicit capacity field exposed.
952,74,KOTA ADM. JAKARTA SELATAN,KEBAYORAN LAMA,CIPULIR,Lintas Komplek Seskoal,-6.240304,106.773565,SILIKA DLH /tps dynamic inline JS,https://silika.jakarta.go.id/tps,Official SILIKA TPS coordinate layer. No explicit capacity field exposed.
953,74,KOTA ADM. JAKARTA SELATAN,KEBAYORAN LAMA,PONDOK PINANG,TPS Carefour Lebak Bulus,-6.287358,106.776501,SILIKA DLH /tps dynamic inline JS,https://silika.jakarta.go.id/tps,Official SILIKA TPS coordinate layer. No explicit capacity field exposed.
954,74,KOTA ADM. JAKARTA SELATAN,KEBAYORAN LAMA,CIPULIR,Lintas Jl. Samudra RW. 06 Cipulir,-6.239079,106.776405,SILIKA DLH /tps dynamic inline JS,https://silika.jakarta.go.id/tps,Official SILIKA TPS coordinate layer. No explicit capacity field exposed.
955,74,KOTA ADM. JAKARTA SELATAN,KEBAYORAN LAMA,KEBAYORAN LAMA SELATAN,Pool Gerobak KMC,-6.232857,106.765867,SILIKA DLH /tps dynamic inline JS,https://silika.jakarta.go.id/tps,Official SILIKA TPS coordinate layer. No explicit capacity field exposed.
956,74,KOTA ADM. JAKARTA SELATAN,KEBAYORAN LAMA,GROGOL UTARA,Pool Countener Graha Pena,-6.215385,106.777854,SILIKA DLH /tps dynamic inline JS,https://silika.jakarta.go.id/tps,Official SILIKA TPS coordinate layer. No explicit capacity field exposed.
957,74,KOTA ADM. JAKARTA SELATAN,KEBAYORAN LAMA,GROGOL SELATAN,Pool Countener PD Pasar Cidodol,-6.23379345,106.77128211,SILIKA DLH /tps dynamic inline JS,https://silika.jakarta.go.id/tps,Official SILIKA TPS coordinate layer. No explicit capacity field exposed.
958,74,KOTA ADM. JAKARTA SELATAN,KEBAYORAN LAMA,CIPULIR,Pool Countener PD Pasar Sayur Cipulir,-6.23539396,106.76746709,SILIKA DLH /tps dynamic inline JS,https://silika.jakarta.go.id/tps,Official SILIKA TPS coordinate layer. No explicit capacity field exposed.
959,74,KOTA ADM. JAKARTA SELATAN,KEBAYORAN LAMA,CIPULIR,Pool Countener PD Pasar Cipulir,-6.2380638,106.7653844,SILIKA DLH /tps dynamic inline JS,https://silika.jakarta.go.id/tps,Official SILIKA TPS coordinate layer. No explicit capacity field exposed.
960,74,KOTA ADM. JAKARTA SELATAN,KEBAYORAN LAMA,CIPULIR,Pool Countener Lemigas,-6.2384915,106.7664064,SILIKA DLH /tps dynamic inline JS,https://silika.jakarta.go.id/tps,Official SILIKA TPS coordinate layer. No explicit capacity field exposed.
961,74,KOTA ADM. JAKARTA SELATAN,KEBAYORAN LAMA,GROGOL UTARA,Lintas RW. 10 Grogol Utara,-6.217169,106.787366,SILIKA DLH /tps dynamic inline JS,https://silika.jakarta.go.id/tps,Official SILIKA TPS coordinate layer. No explicit capacity field exposed.
962,74,KOTA ADM. JAKARTA SELATAN,KEBAYORAN LAMA,GROGOL UTARA,Pool Countener RW. 08 Grogol Utara,-6.2377779,106.772074,SILIKA DLH /tps dynamic inline JS,https://silika.jakarta.go.id/tps,Official SILIKA TPS coordinate layer. No explicit capacity field exposed.
963,74,KOTA ADM. JAKARTA SELATAN,KEBAYORAN LAMA,GROGOL SELATAN,Pool Container PD Pasar Bata Putih,-6.23524786,106.78360408,SILIKA DLH /tps dynamic inline JS,https://silika.jakarta.go.id/tps,Official SILIKA TPS coordinate layer. No explicit capacity field exposed.
964,74,KOTA ADM. JAKARTA SELATAN,KEBAYORAN LAMA,KEBAYORAN LAMA UTARA,TPS Pasar Kebayoran Lama Belakang,-6.23750793,106.78160259,SILIKA DLH /tps dynamic inline JS,https://silika.jakarta.go.id/tps,Official SILIKA TPS coordinate layer. No explicit capacity field exposed.
965,74,KOTA ADM. JAKARTA SELATAN,JAGAKARSA,SRENGSENG SAWAH,LPS Doeras,-6.354734,106.817805,SILIKA DLH /tps dynamic inline JS,https://silika.jakarta.go.id/tps,Official SILIKA TPS coordinate layer. No explicit capacity field exposed.
966,74,KOTA ADM. JAKARTA SELATAN,PASAR MINGGU,PEJATEN TIMUR,Rukun Ujung Rw.05,-6.2714897,106.8525331,SILIKA DLH /tps dynamic inline JS,https://silika.jakarta.go.id/tps,Official SILIKA TPS coordinate layer. No explicit capacity field exposed.
967,74,KOTA ADM. JAKARTA SELATAN,PASAR MINGGU,PEJATEN TIMUR,Pool Gerobak LP3I,-6.2875474,106.8437248,SILIKA DLH /tps dynamic inline JS,https://silika.jakarta.go.id/tps,Official SILIKA TPS coordinate layer. No explicit capacity field exposed.
968,74,KOTA ADM. JAKARTA SELATAN,PASAR MINGGU,PASAR MINGGU,Rw.02 Sentiong,-6.2809176,106.8402723,SILIKA DLH /tps dynamic inline JS,https://silika.jakarta.go.id/tps,Official SILIKA TPS coordinate layer. No explicit capacity field exposed.
970,74,KOTA ADM. JAKARTA SELATAN,PASAR MINGGU,RAGUNAN,Pool Gerobak SMK 57,-6.290989,106.823605,SILIKA DLH /tps dynamic inline JS,https://silika.jakarta.go.id/tps,Official SILIKA TPS coordinate layer. No explicit capacity field exposed.
971,74,KOTA ADM. JAKARTA SELATAN,PASAR MINGGU,CILANDAK TIMUR,Pool Gerobak Jeruk Purut,-6.279235,106.814662,SILIKA DLH /tps dynamic inline JS,https://silika.jakarta.go.id/tps,Official SILIKA TPS coordinate layer. No explicit capacity field exposed.
986,74,KOTA ADM. JAKARTA SELATAN,PASAR MINGGU,PASAR MINGGU,PD Pasar Jaya,-6.2836981,106.8420338,SILIKA DLH /tps dynamic inline JS,https://silika.jakarta.go.id/tps,Official SILIKA TPS coordinate layer. No explicit capacity field exposed.
1025,74,KOTA ADM. JAKARTA SELATAN,PASAR MINGGU,PASAR MINGGU,sari sakti,-6.2894109,106.8413963,SILIKA DLH /tps dynamic inline JS,https://silika.jakarta.go.id/tps,Official SILIKA TPS coordinate layer. No explicit capacity field exposed.
1068,74,KOTA ADM. JAKARTA SELATAN,MAMPANG PRAPATAN,PELA MAMPANG,Pool Gerobak Bangka I,-6.240706,106.820673,SILIKA DLH /tps dynamic inline JS,https://silika.jakarta.go.id/tps,Official SILIKA TPS coordinate layer. No explicit capacity field exposed.
1069,74,KOTA ADM. JAKARTA SELATAN,MAMPANG PRAPATAN,MAMPANG PRAPATAN,Pool Gerobak Gang Jati,-6.240419,106.822651,SILIKA DLH /tps dynamic inline JS,https://silika.jakarta.go.id/tps,Official SILIKA TPS coordinate layer. No explicit capacity field exposed.
1070,74,KOTA ADM. JAKARTA SELATAN,MAMPANG PRAPATAN,MAMPANG PRAPATAN,Pool Gerobak Al Falah,-6.243802,106.825696,SILIKA DLH /tps dynamic inline JS,https://silika.jakarta.go.id/tps,Official SILIKA TPS coordinate layer. No explicit capacity field exposed.
1072,74,KOTA ADM. JAKARTA SELATAN,JAGAKARSA,LENTENG AGUNG,TPS LB3 Asrama Dinas Lingkungan Hidup Lenteng Agung ,-6.34177,106.839274,SILIKA DLH /tps dynamic inline JS,https://silika.jakarta.go.id/tps,Official SILIKA TPS coordinate layer. No explicit capacity field exposed.
1088,74,KOTA ADM. JAKARTA SELATAN,JAGAKARSA,SRENGSENG SAWAH,Pool Gerobak RW. 03 Gardu,-6.344836,106.828963,SILIKA DLH /tps dynamic inline JS,https://silika.jakarta.go.id/tps,Official SILIKA TPS coordinate layer. No explicit capacity field exposed.
1089,74,KOTA ADM. JAKARTA SELATAN,JAGAKARSA,LENTENG AGUNG,RW. 04 Lenteng Agung,-6.328907,106.839722,SILIKA DLH /tps dynamic inline JS,https://silika.jakarta.go.id/tps,Official SILIKA TPS coordinate layer. No explicit capacity field exposed.
1090,74,KOTA ADM. JAKARTA SELATAN,JAGAKARSA,JAGAKARSA,LPS Gandaria,-6.3289886,106.8147365,SILIKA DLH /tps dynamic inline JS,https://silika.jakarta.go.id/tps,Official SILIKA TPS coordinate layer. No explicit capacity field exposed.
1092,74,KOTA ADM. JAKARTA SELATAN,JAGAKARSA,JAGAKARSA,Pool Gerobak Sirsak Gg. Usman,-6.3374,106.8177,SILIKA DLH /tps dynamic inline JS,https://silika.jakarta.go.id/tps,Official SILIKA TPS coordinate layer. No explicit capacity field exposed.
36,75,KOTA ADM. JAKARTA TIMUR,CIRACAS,KELAPA DUA WETAN,pool Gerobak rw 08,-6.345555556,106.8825,SILIKA DLH /tps dynamic inline JS,https://silika.jakarta.go.id/tps,Official SILIKA TPS coordinate layer. No explicit capacity field exposed.
37,75,KOTA ADM. JAKARTA TIMUR,CIRACAS,KELAPA DUA WETAN,pool container manunggal,-6.332777778,106.8788889,SILIKA DLH /tps dynamic inline JS,https://silika.jakarta.go.id/tps,Official SILIKA TPS coordinate layer. No explicit capacity field exposed.
38,75,KOTA ADM. JAKARTA TIMUR,CIRACAS,KELAPA DUA WETAN,bak beton komplek HANKAM,-6.346666667,106.88,SILIKA DLH /tps dynamic inline JS,https://silika.jakarta.go.id/tps,Official SILIKA TPS coordinate layer. No explicit capacity field exposed.
39,75,KOTA ADM. JAKARTA TIMUR,CIRACAS,CIBUBUR,pool Gerobak RW 02,-6.348333333,106.8758333,SILIKA DLH /tps dynamic inline JS,https://silika.jakarta.go.id/tps,Official SILIKA TPS coordinate layer. No explicit capacity field exposed.
40,75,KOTA ADM. JAKARTA TIMUR,CIRACAS,CIBUBUR,Bak panti jompo bakti mandiri ,-6.351944444,106.8905556,SILIKA DLH /tps dynamic inline JS,https://silika.jakarta.go.id/tps,Official SILIKA TPS coordinate layer. No explicit capacity field exposed.
41,75,KOTA ADM. JAKARTA TIMUR,CIRACAS,CIBUBUR,Dipo Bukit Permai,-6.3554722,106.8891947,SILIKA DLH /tps dynamic inline JS,https://silika.jakarta.go.id/tps,Official SILIKA TPS coordinate layer. No explicit capacity field exposed.
42,75,KOTA ADM. JAKARTA TIMUR,CIRACAS,CIBUBUR,Transito Komplek Kodam,-6.355555556,106.8888889,SILIKA DLH /tps dynamic inline JS,https://silika.jakarta.go.id/tps,Official SILIKA TPS coordinate layer. No explicit capacity field exposed.
43,75,KOTA ADM. JAKARTA TIMUR,CIRACAS,CIBUBUR,pool Gerobak rw 08,-6.362777778,106.8875,SILIKA DLH /tps dynamic inline JS,https://silika.jakarta.go.id/tps,Official SILIKA TPS coordinate layer. No explicit capacity field exposed.
44,75,KOTA ADM. JAKARTA TIMUR,CIRACAS,CIBUBUR,Container komplek DPRD,-6.365277778,106.8916667,SILIKA DLH /tps dynamic inline JS,https://silika.jakarta.go.id/tps,Official SILIKA TPS coordinate layer. No explicit capacity field exposed.
45,75,KOTA ADM. JAKARTA TIMUR,CIRACAS,CIBUBUR,bak GOR cibubur,-6.368333333,106.8897222,SILIKA DLH /tps dynamic inline JS,https://silika.jakarta.go.id/tps,Official SILIKA TPS coordinate layer. No explicit capacity field exposed.
46,75,KOTA ADM. JAKARTA TIMUR,CIRACAS,CIBUBUR,TPS RW 14,-6.372222222,106.8847222,SILIKA DLH /tps dynamic inline JS,https://silika.jakarta.go.id/tps,Official SILIKA TPS coordinate layer. No explicit capacity field exposed.
47,75,KOTA ADM. JAKARTA TIMUR,CIRACAS,CIRACAS,Bak komplek POLRI,-6.334924,106.871323,SILIKA DLH /tps dynamic inline JS,https://silika.jakarta.go.id/tps,Official SILIKA TPS coordinate layer. No explicit capacity field exposed.
48,75,KOTA ADM. JAKARTA TIMUR,CIRACAS,CIRACAS,pool Gerobak RW 04,-6.332222222,106.8727778,SILIKA DLH /tps dynamic inline JS,https://silika.jakarta.go.id/tps,Official SILIKA TPS coordinate layer. No explicit capacity field exposed.
49,75,KOTA ADM. JAKARTA TIMUR,CIRACAS,CIRACAS,pool Gerobak rw 04,-6.334166667,106.8758333,SILIKA DLH /tps dynamic inline JS,https://silika.jakarta.go.id/tps,Official SILIKA TPS coordinate layer. No explicit capacity field exposed.
50,75,KOTA ADM. JAKARTA TIMUR,CIRACAS,KELAPA DUA WETAN,Pool Gerobak rumah betawi,-6.346111111,106.8888889,SILIKA DLH /tps dynamic inline JS,https://silika.jakarta.go.id/tps,Official SILIKA TPS coordinate layer. No explicit capacity field exposed.
51,75,KOTA ADM. JAKARTA TIMUR,CIRACAS,CIRACAS,TPS rw 03,-6.3175,106.8794444,SILIKA DLH /tps dynamic inline JS,https://silika.jakarta.go.id/tps,Official SILIKA TPS coordinate layer. No explicit capacity field exposed.
52,75,KOTA ADM. JAKARTA TIMUR,CIRACAS,CIRACAS,pool Gerobak rw 03,-6.319722222,106.8775,SILIKA DLH /tps dynamic inline JS,https://silika.jakarta.go.id/tps,Official SILIKA TPS coordinate layer. No explicit capacity field exposed.
53,75,KOTA ADM. JAKARTA TIMUR,CIRACAS,CIRACAS,Bak rusun pemadam,-6.324166667,106.8677778,SILIKA DLH /tps dynamic inline JS,https://silika.jakarta.go.id/tps,Official SILIKA TPS coordinate layer. No explicit capacity field exposed.
54,75,KOTA ADM. JAKARTA TIMUR,CIRACAS,SUSUKAN,Bak Madrasah,-6.305022,106.866164,SILIKA DLH /tps dynamic inline JS,https://silika.jakarta.go.id/tps,Official SILIKA TPS coordinate layer. No explicit capacity field exposed.
55,75,KOTA ADM. JAKARTA TIMUR,CIRACAS,SUSUKAN,bak buah,-6.306666667,106.8663889,SILIKA DLH /tps dynamic inline JS,https://silika.jakarta.go.id/tps,Official SILIKA TPS coordinate layer. No explicit capacity field exposed.
56,75,KOTA ADM. JAKARTA TIMUR,CIRACAS,SUSUKAN,Bak JPO Susukan,-6.308055556,106.8691667,SILIKA DLH /tps dynamic inline JS,https://silika.jakarta.go.id/tps,Official SILIKA TPS coordinate layer. No explicit capacity field exposed.
57,75,KOTA ADM. JAKARTA TIMUR,CIRACAS,SUSUKAN,Bak RT Susukan Ciracas,-6.306931,106.865477,SILIKA DLH /tps dynamic inline JS,https://silika.jakarta.go.id/tps,Official SILIKA TPS coordinate layer. No explicit capacity field exposed.
58,75,KOTA ADM. JAKARTA TIMUR,CIRACAS,SUSUKAN,DIPO Susukan,-6.312341,106.874978,SILIKA DLH /tps dynamic inline JS,https://silika.jakarta.go.id/tps,Official SILIKA TPS coordinate layer. No explicit capacity field exposed.
59,75,KOTA ADM. JAKARTA TIMUR,CIRACAS,SUSUKAN,TPS  kuburan Cina Sentiong,-6.304166667,106.8683333,SILIKA DLH /tps dynamic inline JS,https://silika.jakarta.go.id/tps,Official SILIKA TPS coordinate layer. No explicit capacity field exposed.
60,75,KOTA ADM. JAKARTA TIMUR,CIRACAS,RAMBUTAN,Lintas Jl raya Bogor,-6.301944444,106.8677778,SILIKA DLH /tps dynamic inline JS,https://silika.jakarta.go.id/tps,Official SILIKA TPS coordinate layer. No explicit capacity field exposed.
61,75,KOTA ADM. JAKARTA TIMUR,CIRACAS,RAMBUTAN,Bak Polsek Ciracas,-6.290277778,106.8716667,SILIKA DLH /tps dynamic inline JS,https://silika.jakarta.go.id/tps,Official SILIKA TPS coordinate layer. No explicit capacity field exposed.
62,75,KOTA ADM. JAKARTA TIMUR,CIRACAS,RAMBUTAN,TPS RW 01 Rambutan,-6.297222222,106.8733333,SILIKA DLH /tps dynamic inline JS,https://silika.jakarta.go.id/tps,Official SILIKA TPS coordinate layer. No explicit capacity field exposed.
63,75,KOTA ADM. JAKARTA TIMUR,CIRACAS,RAMBUTAN,Pool Gerobak RW 02 Rambutan,-6.300277778,106.8727778,SILIKA DLH /tps dynamic inline JS,https://silika.jakarta.go.id/tps,Official SILIKA TPS coordinate layer. No explicit capacity field exposed.
64,75,KOTA ADM. JAKARTA TIMUR,CIRACAS,RAMBUTAN,Bak Kavling 3 Rambutan,-6.301111111,106.8713889,SILIKA DLH /tps dynamic inline JS,https://silika.jakarta.go.id/tps,Official SILIKA TPS coordinate layer. No explicit capacity field exposed.
65,75,KOTA ADM. JAKARTA TIMUR,CIRACAS,RAMBUTAN,Bak Kavling 2 Rambutan,-6.3025,106.8744444,SILIKA DLH /tps dynamic inline JS,https://silika.jakarta.go.id/tps,Official SILIKA TPS coordinate layer. No explicit capacity field exposed.
66,75,KOTA ADM. JAKARTA TIMUR,CIRACAS,CIBUBUR,Bak kavling 1 Rambutan,-6.304166667,106.8758333,SILIKA DLH /tps dynamic inline JS,https://silika.jakarta.go.id/tps,Official SILIKA TPS coordinate layer. No explicit capacity field exposed.
67,75,KOTA ADM. JAKARTA TIMUR,CIRACAS,RAMBUTAN,Bak kampus UHAMKA,-6.304166667,106.8716667,SILIKA DLH /tps dynamic inline JS,https://silika.jakarta.go.id/tps,Official SILIKA TPS coordinate layer. No explicit capacity field exposed.
68,75,KOTA ADM. JAKARTA TIMUR,DUREN SAWIT,PONDOK KELAPA,Dipo H Naman RW 02,-6.2375,106.9419444,SILIKA DLH /tps dynamic inline JS,https://silika.jakarta.go.id/tps,Official SILIKA TPS coordinate layer. No explicit capacity field exposed.
69,75,KOTA ADM. JAKARTA TIMUR,DUREN SAWIT,PONDOK KELAPA,Pool Gerobak RW 08 Curug,-6.248055556,106.9233333,SILIKA DLH /tps dynamic inline JS,https://silika.jakarta.go.id/tps,Official SILIKA TPS coordinate layer. No explicit capacity field exposed.
70,75,KOTA ADM. JAKARTA TIMUR,DUREN SAWIT,PONDOK KELAPA,TPS Billymoon RW 10,-6.239444444,106.9316667,SILIKA DLH /tps dynamic inline JS,https://silika.jakarta.go.id/tps,Official SILIKA TPS coordinate layer. No explicit capacity field exposed.
71,75,KOTA ADM. JAKARTA TIMUR,DUREN SAWIT,DUREN SAWIT,TPS RW 06 Abadi,-6.226944444,106.9080556,SILIKA DLH /tps dynamic inline JS,https://silika.jakarta.go.id/tps,Official SILIKA TPS coordinate layer. No explicit capacity field exposed.
72,75,KOTA ADM. JAKARTA TIMUR,DUREN SAWIT,DUREN SAWIT,TPS PPSU RW 11 Duren Sawit,-6.233888889,106.9108333,SILIKA DLH /tps dynamic inline JS,https://silika.jakarta.go.id/tps,Official SILIKA TPS coordinate layer. No explicit capacity field exposed.
73,75,KOTA ADM. JAKARTA TIMUR,DUREN SAWIT,DUREN SAWIT,RW 17 Duren Sawit,-6.240555556,106.9125,SILIKA DLH /tps dynamic inline JS,https://silika.jakarta.go.id/tps,Official SILIKA TPS coordinate layer. No explicit capacity field exposed.
74,75,KOTA ADM. JAKARTA TIMUR,DUREN SAWIT,PONDOK KELAPA,Pool Gerobak RW 12 Pondok Kelapa,-6.248328,106.931167,SILIKA DLH /tps dynamic inline JS,https://silika.jakarta.go.id/tps,Official SILIKA TPS coordinate layer. No explicit capacity field exposed.
75,75,KOTA ADM. JAKARTA TIMUR,DUREN SAWIT,MALAKA SARI,TPS RW 10 Malaka Sari,-6.220277778,106.9241667,SILIKA DLH /tps dynamic inline JS,https://silika.jakarta.go.id/tps,Official SILIKA TPS coordinate layer. No explicit capacity field exposed.
76,75,KOTA ADM. JAKARTA TIMUR,DUREN SAWIT,PONDOK KELAPA,Dipo Tipar RW 04 Pondok Kelapa,-6.239444444,106.9319444,SILIKA DLH /tps dynamic inline JS,https://silika.jakarta.go.id/tps,Official SILIKA TPS coordinate layer. No explicit capacity field exposed.
77,75,KOTA ADM. JAKARTA TIMUR,DUREN SAWIT,KLENDER,Pool Gerobak RW 11,-6.220833333,106.9111111,SILIKA DLH /tps dynamic inline JS,https://silika.jakarta.go.id/tps,Official SILIKA TPS coordinate layer. No explicit capacity field exposed.
78,75,KOTA ADM. JAKARTA TIMUR,DUREN SAWIT,PONDOK KELAPA,Dipo RW 09 Malaka Selatan,-6.231111111,106.9280556,SILIKA DLH /tps dynamic inline JS,https://silika.jakarta.go.id/tps,Official SILIKA TPS coordinate layer. No explicit capacity field exposed.
79,75,KOTA ADM. JAKARTA TIMUR,DUREN SAWIT,PONDOK KELAPA,TPS H Ammar RW 08,-6.253333333,106.9269444,SILIKA DLH /tps dynamic inline JS,https://silika.jakarta.go.id/tps,Official SILIKA TPS coordinate layer. No explicit capacity field exposed.
80,75,KOTA ADM. JAKARTA TIMUR,DUREN SAWIT,PONDOK KELAPA,Pool Gerobak Perumahan Permata Timur RW 08,-6.252222222,106.925,SILIKA DLH /tps dynamic inline JS,https://silika.jakarta.go.id/tps,Official SILIKA TPS coordinate layer. No explicit capacity field exposed.
81,75,KOTA ADM. JAKARTA TIMUR,DUREN SAWIT,PONDOK KELAPA,Dipo Manggar RW 011 Pondok Kelapa,-6.245833333,106.9375,SILIKA DLH /tps dynamic inline JS,https://silika.jakarta.go.id/tps,Official SILIKA TPS coordinate layer. No explicit capacity field exposed.
82,75,KOTA ADM. JAKARTA TIMUR,DUREN SAWIT,PONDOK KELAPA,Dipo Marinir  RW 013,-6.237777778,106.9227778,SILIKA DLH /tps dynamic inline JS,https://silika.jakarta.go.id/tps,Official SILIKA TPS coordinate layer. No explicit capacity field exposed.
83,75,KOTA ADM. JAKARTA TIMUR,DUREN SAWIT,KLENDER,Pool Gerobak RW 013 Klender,-6.215555556,106.9205556,SILIKA DLH /tps dynamic inline JS,https://silika.jakarta.go.id/tps,Official SILIKA TPS coordinate layer. No explicit capacity field exposed.
84,75,KOTA ADM. JAKARTA TIMUR,DUREN SAWIT,KLENDER,TPS Pertanian RW 02,-6.213611111,106.8991667,SILIKA DLH /tps dynamic inline JS,https://silika.jakarta.go.id/tps,Official SILIKA TPS coordinate layer. No explicit capacity field exposed.
85,75,KOTA ADM. JAKARTA TIMUR,DUREN SAWIT,DUREN SAWIT,Pool Gerobak RW 09,-6.229166667,106.9047222,SILIKA DLH /tps dynamic inline JS,https://silika.jakarta.go.id/tps,Official SILIKA TPS coordinate layer. No explicit capacity field exposed.
86,75,KOTA ADM. JAKARTA TIMUR,DUREN SAWIT,DUREN SAWIT,TPS Stasiun Pengendali Sampah RW. 001 (SPS 01),-6.232777778,106.9183333,SILIKA DLH /tps dynamic inline JS,https://silika.jakarta.go.id/tps,Official SILIKA TPS coordinate layer. No explicit capacity field exposed.
87,75,KOTA ADM. JAKARTA TIMUR,DUREN SAWIT,PONDOK BAMBU,Bak Konteiner  RW 05,-6.234166667,106.8988889,SILIKA DLH /tps dynamic inline JS,https://silika.jakarta.go.id/tps,Official SILIKA TPS coordinate layer. No explicit capacity field exposed.
88,75,KOTA ADM. JAKARTA TIMUR,DUREN SAWIT,KLENDER,Dipo RW 10 KEL.KLENDER,-6.220277778,106.9127778,SILIKA DLH /tps dynamic inline JS,https://silika.jakarta.go.id/tps,Official SILIKA TPS coordinate layer. No explicit capacity field exposed.
89,75,KOTA ADM. JAKARTA TIMUR,DUREN SAWIT,KLENDER,Pool Gerobak RW 014 Kel Klender,-6.216388889,106.9222222,SILIKA DLH /tps dynamic inline JS,https://silika.jakarta.go.id/tps,Official SILIKA TPS coordinate layer. No explicit capacity field exposed.
90,75,KOTA ADM. JAKARTA TIMUR,DUREN SAWIT,PONDOK KOPI,TPS RW 03 Pondok Kopi,-6.228888889,106.9369444,SILIKA DLH /tps dynamic inline JS,https://silika.jakarta.go.id/tps,Official SILIKA TPS coordinate layer. No explicit capacity field exposed.
91,75,KOTA ADM. JAKARTA TIMUR,DUREN SAWIT,PONDOK KOPI,Dipo RW 04 Pondok Kopi,-6.233888889,106.9430556,SILIKA DLH /tps dynamic inline JS,https://silika.jakarta.go.id/tps,Official SILIKA TPS coordinate layer. No explicit capacity field exposed.
92,75,KOTA ADM. JAKARTA TIMUR,DUREN SAWIT,PONDOK KOPI,TPS RW 11 Pondok Kopi,-6.219166667,106.9480556,SILIKA DLH /tps dynamic inline JS,https://silika.jakarta.go.id/tps,Official SILIKA TPS coordinate layer. No explicit capacity field exposed.
93,75,KOTA ADM. JAKARTA TIMUR,DUREN SAWIT,KLENDER,TPS RW 06 ,-6.214722222,106.9011111,SILIKA DLH /tps dynamic inline JS,https://silika.jakarta.go.id/tps,Official SILIKA TPS coordinate layer. No explicit capacity field exposed.
94,75,KOTA ADM. JAKARTA TIMUR,DUREN SAWIT,DUREN SAWIT,Pool Gerobak RW 16,-6.240555556,106.9122222,SILIKA DLH /tps dynamic inline JS,https://silika.jakarta.go.id/tps,Official SILIKA TPS coordinate layer. No explicit capacity field exposed.
95,75,KOTA ADM. JAKARTA TIMUR,DUREN SAWIT,DUREN SAWIT,Dipo PTB RW 08,-6.225555556,106.9144444,SILIKA DLH /tps dynamic inline JS,https://silika.jakarta.go.id/tps,Official SILIKA TPS coordinate layer. No explicit capacity field exposed.
96,75,KOTA ADM. JAKARTA TIMUR,DUREN SAWIT,MALAKA JAYA,TPS Wika RW 01 Malaka Jaya,-6.217222222,106.9347222,SILIKA DLH /tps dynamic inline JS,https://silika.jakarta.go.id/tps,Official SILIKA TPS coordinate layer. No explicit capacity field exposed.
97,75,KOTA ADM. JAKARTA TIMUR,DUREN SAWIT,PONDOK KOPI,TPS RW 09 Pondok Kopi,-6.218055556,106.9402778,SILIKA DLH /tps dynamic inline JS,https://silika.jakarta.go.id/tps,Official SILIKA TPS coordinate layer. No explicit capacity field exposed.
98,75,KOTA ADM. JAKARTA TIMUR,DUREN SAWIT,DUREN SAWIT,Pool Gerobak RW 11 Duren Sawit,-6.230277778,106.9130556,SILIKA DLH /tps dynamic inline JS,https://silika.jakarta.go.id/tps,Official SILIKA TPS coordinate layer. No explicit capacity field exposed.
99,75,KOTA ADM. JAKARTA TIMUR,DUREN SAWIT,DUREN SAWIT,Pool Gerobak RW 05 & RW 07,-6.240555556,106.9166667,SILIKA DLH /tps dynamic inline JS,https://silika.jakarta.go.id/tps,Official SILIKA TPS coordinate layer. No explicit capacity field exposed.
100,75,KOTA ADM. JAKARTA TIMUR,DUREN SAWIT,PONDOK KELAPA,TPS Aetra RW 05 Pondok Kelapa,-6.249166667,106.9338889,SILIKA DLH /tps dynamic inline JS,https://silika.jakarta.go.id/tps,Official SILIKA TPS coordinate layer. No explicit capacity field exposed.
101,75,KOTA ADM. JAKARTA TIMUR,PULO GADUNG,JATI,"Lintas RW 01, 02 Jati",-6.191111111,106.8930556,SILIKA DLH /tps dynamic inline JS,https://silika.jakarta.go.id/tps,Official SILIKA TPS coordinate layer. No explicit capacity field exposed.
102,75,KOTA ADM. JAKARTA TIMUR,PASAR REBO,KALISARI,Jl. Kalisari 2,-6.340277778,106.855,SILIKA DLH /tps dynamic inline JS,https://silika.jakarta.go.id/tps,Official SILIKA TPS coordinate layer. No explicit capacity field exposed.
103,75,KOTA ADM. JAKARTA TIMUR,PASAR REBO,GEDONG,Rindam jaya,-6.309722222,106.8622222,SILIKA DLH /tps dynamic inline JS,https://silika.jakarta.go.id/tps,Official SILIKA TPS coordinate layer. No explicit capacity field exposed.
104,75,KOTA ADM. JAKARTA TIMUR,PASAR REBO,PEKAYON,Komplek Telsa Lapan,-6.343611111,106.8591667,SILIKA DLH /tps dynamic inline JS,https://silika.jakarta.go.id/tps,Official SILIKA TPS coordinate layer. No explicit capacity field exposed.
105,75,KOTA ADM. JAKARTA TIMUR,PASAR REBO,GEDONG,Dipo Beringin,-6.31,106.8622222,SILIKA DLH /tps dynamic inline JS,https://silika.jakarta.go.id/tps,Official SILIKA TPS coordinate layer. No explicit capacity field exposed.
106,75,KOTA ADM. JAKARTA TIMUR,PASAR REBO,GEDONG,RS Kesdam,-6.308055556,106.8591667,SILIKA DLH /tps dynamic inline JS,https://silika.jakarta.go.id/tps,Official SILIKA TPS coordinate layer. No explicit capacity field exposed.
107,75,KOTA ADM. JAKARTA TIMUR,PASAR REBO,GEDONG,Koramil Belakang ,-6.305833333,106.8613889,SILIKA DLH /tps dynamic inline JS,https://silika.jakarta.go.id/tps,Official SILIKA TPS coordinate layer. No explicit capacity field exposed.
108,75,KOTA ADM. JAKARTA TIMUR,PASAR REBO,BARU,Yonkav VII Barak,-6.327777778,106.8425,SILIKA DLH /tps dynamic inline JS,https://silika.jakarta.go.id/tps,Official SILIKA TPS coordinate layer. No explicit capacity field exposed.
109,75,KOTA ADM. JAKARTA TIMUR,PULO GADUNG,PULOGADUNG,Rw. 009 Kayu Mas Utara,-6.1807889,106.9012552,SILIKA DLH /tps dynamic inline JS,https://silika.jakarta.go.id/tps,Official SILIKA TPS coordinate layer. No explicit capacity field exposed.
110,75,KOTA ADM. JAKARTA TIMUR,PULO GADUNG,JATI,"Rw.003,004 Jati",-6.192777778,106.9013889,SILIKA DLH /tps dynamic inline JS,https://silika.jakarta.go.id/tps,Official SILIKA TPS coordinate layer. No explicit capacity field exposed.
111,75,KOTA ADM. JAKARTA TIMUR,PULO GADUNG,JATI,Rw.005 pos giro,-6.193611111,106.9013889,SILIKA DLH /tps dynamic inline JS,https://silika.jakarta.go.id/tps,Official SILIKA TPS coordinate layer. No explicit capacity field exposed.
112,75,KOTA ADM. JAKARTA TIMUR,PULO GADUNG,KAYU PUTIH,Rw. 016 Pled Kayu Putih,-6.177777778,106.8916667,SILIKA DLH /tps dynamic inline JS,https://silika.jakarta.go.id/tps,Official SILIKA TPS coordinate layer. No explicit capacity field exposed.
113,75,KOTA ADM. JAKARTA TIMUR,PULO GADUNG,PISANGAN TIMUR,"Rw. 013,014 pisangan timur",-6.202222222,106.8833333,SILIKA DLH /tps dynamic inline JS,https://silika.jakarta.go.id/tps,Official SILIKA TPS coordinate layer. No explicit capacity field exposed.
114,75,KOTA ADM. JAKARTA TIMUR,PULO GADUNG,CIPINANG,Rw. 006 musik cipinang,-6.2075,106.8902778,SILIKA DLH /tps dynamic inline JS,https://silika.jakarta.go.id/tps,Official SILIKA TPS coordinate layer. No explicit capacity field exposed.
115,75,KOTA ADM. JAKARTA TIMUR,PULO GADUNG,CIPINANG,RW. 005 Brimob Cipinang,-6.209722222,106.8925,SILIKA DLH /tps dynamic inline JS,https://silika.jakarta.go.id/tps,Official SILIKA TPS coordinate layer. No explicit capacity field exposed.
116,75,KOTA ADM. JAKARTA TIMUR,PULO GADUNG,PULOGADUNG,RW. 010 Pulogadung,-6.180277778,106.8758333,SILIKA DLH /tps dynamic inline JS,https://silika.jakarta.go.id/tps,Official SILIKA TPS coordinate layer. No explicit capacity field exposed.
117,75,KOTA ADM. JAKARTA TIMUR,PULO GADUNG,PULOGADUNG,RW. 007 Pulogadung,-6.1837851,106.8946477,SILIKA DLH /tps dynamic inline JS,https://silika.jakarta.go.id/tps,Official SILIKA TPS coordinate layer. No explicit capacity field exposed.
118,75,KOTA ADM. JAKARTA TIMUR,PULO GADUNG,PULOGADUNG,RW. 008 Pulogadung,-6.186666667,106.8844444,SILIKA DLH /tps dynamic inline JS,https://silika.jakarta.go.id/tps,Official SILIKA TPS coordinate layer. No explicit capacity field exposed.
119,75,KOTA ADM. JAKARTA TIMUR,PULO GADUNG,CIPINANG,RW. 016 Jagal Cipinang,-6.209722222,106.8927778,SILIKA DLH /tps dynamic inline JS,https://silika.jakarta.go.id/tps,Official SILIKA TPS coordinate layer. No explicit capacity field exposed.
120,75,KOTA ADM. JAKARTA TIMUR,PULO GADUNG,JATINEGARA KAUM,RW. 001 Rusun Jatinegara Kaum,-6.1975,106.8805556,SILIKA DLH /tps dynamic inline JS,https://silika.jakarta.go.id/tps,Official SILIKA TPS coordinate layer. No explicit capacity field exposed.
121,75,KOTA ADM. JAKARTA TIMUR,PULO GADUNG,PULOGADUNG,RW. 003 Taruna Pulogadung,-6.186388889,106.8983333,SILIKA DLH /tps dynamic inline JS,https://silika.jakarta.go.id/tps,Official SILIKA TPS coordinate layer. No explicit capacity field exposed.
122,75,KOTA ADM. JAKARTA TIMUR,PULO GADUNG,PISANGAN TIMUR,Pool Container RW 06 Pisangan Timur,-6.202222222,106.8833333,SILIKA DLH /tps dynamic inline JS,https://silika.jakarta.go.id/tps,Official SILIKA TPS coordinate layer. No explicit capacity field exposed.
123,75,KOTA ADM. JAKARTA TIMUR,PULO GADUNG,PISANGAN TIMUR,Bak Beton RW 06 Cipinang,-6.207222222,106.8763889,SILIKA DLH /tps dynamic inline JS,https://silika.jakarta.go.id/tps,Official SILIKA TPS coordinate layer. No explicit capacity field exposed.
124,75,KOTA ADM. JAKARTA TIMUR,PULO GADUNG,KAYU PUTIH,Dipo Indor Kayu Putih,-6.171388889,106.88,SILIKA DLH /tps dynamic inline JS,https://silika.jakarta.go.id/tps,Official SILIKA TPS coordinate layer. No explicit capacity field exposed.
125,75,KOTA ADM. JAKARTA TIMUR,PULO GADUNG,CIPINANG,RW 08 Cipinang,-6.210555556,106.8933333,SILIKA DLH /tps dynamic inline JS,https://silika.jakarta.go.id/tps,Official SILIKA TPS coordinate layer. No explicit capacity field exposed.
126,75,KOTA ADM. JAKARTA TIMUR,PULO GADUNG,CIPINANG,RW 12 Rawamangun,-6.210555556,106.8933333,SILIKA DLH /tps dynamic inline JS,https://silika.jakarta.go.id/tps,Official SILIKA TPS coordinate layer. No explicit capacity field exposed.
127,75,KOTA ADM. JAKARTA TIMUR,PULO GADUNG,CIPINANG,RW 14 Cipinang,-6.194722222,106.8886111,SILIKA DLH /tps dynamic inline JS,https://silika.jakarta.go.id/tps,Official SILIKA TPS coordinate layer. No explicit capacity field exposed.
128,75,KOTA ADM. JAKARTA TIMUR,PASAR REBO,GEDONG,PT Gamya Pool Bis,-6.303961,106.8598866,SILIKA DLH /tps dynamic inline JS,https://silika.jakarta.go.id/tps,Official SILIKA TPS coordinate layer. No explicit capacity field exposed.
129,75,KOTA ADM. JAKARTA TIMUR,PASAR REBO,GEDONG,Pool Taksi Condet,-6.302351,106.856393,SILIKA DLH /tps dynamic inline JS,https://silika.jakarta.go.id/tps,Official SILIKA TPS coordinate layer. No explicit capacity field exposed.
130,75,KOTA ADM. JAKARTA TIMUR,MATRAMAN,PISANGAN BARU,Dipo Pisangan Baru,-6.211111111,106.8727778,SILIKA DLH /tps dynamic inline JS,https://silika.jakarta.go.id/tps,Official SILIKA TPS coordinate layer. No explicit capacity field exposed.
131,75,KOTA ADM. JAKARTA TIMUR,MATRAMAN,PALMERIAM,TPS Rw.  10 kel. Palmeriam,-6.1975,106.8577778,SILIKA DLH /tps dynamic inline JS,https://silika.jakarta.go.id/tps,Official SILIKA TPS coordinate layer. No explicit capacity field exposed.
132,75,KOTA ADM. JAKARTA TIMUR,MATRAMAN,KEBON MANGGIS,Bak beton Rt 23/03 berlan,-6.208333333,106.8552778,SILIKA DLH /tps dynamic inline JS,https://silika.jakarta.go.id/tps,Official SILIKA TPS coordinate layer. No explicit capacity field exposed.
133,75,KOTA ADM. JAKARTA TIMUR,MATRAMAN,KEBON MANGGIS,Bak beton rt 26/03 berland,-6.208055556,106.855,SILIKA DLH /tps dynamic inline JS,https://silika.jakarta.go.id/tps,Official SILIKA TPS coordinate layer. No explicit capacity field exposed.
134,75,KOTA ADM. JAKARTA TIMUR,MATRAMAN,KEBON MANGGIS,Bak beton rt 28/03 berland,-6.207222222,106.8525,SILIKA DLH /tps dynamic inline JS,https://silika.jakarta.go.id/tps,Official SILIKA TPS coordinate layer. No explicit capacity field exposed.
135,75,KOTA ADM. JAKARTA TIMUR,MATRAMAN,KEBON MANGGIS,Bak beton rt 22/03 berland,-6.208611111,106.8541667,SILIKA DLH /tps dynamic inline JS,https://silika.jakarta.go.id/tps,Official SILIKA TPS coordinate layer. No explicit capacity field exposed.
136,75,KOTA ADM. JAKARTA TIMUR,MATRAMAN,KEBON MANGGIS,Bak beton rt 15/03 berlan,-6.208055556,106.8538889,SILIKA DLH /tps dynamic inline JS,https://silika.jakarta.go.id/tps,Official SILIKA TPS coordinate layer. No explicit capacity field exposed.
137,75,KOTA ADM. JAKARTA TIMUR,MATRAMAN,KEBON MANGGIS,Bak beton rt 19/20 rw 03,-6.209166667,106.8536111,SILIKA DLH /tps dynamic inline JS,https://silika.jakarta.go.id/tps,Official SILIKA TPS coordinate layer. No explicit capacity field exposed.
138,75,KOTA ADM. JAKARTA TIMUR,PASAR REBO,KALISARI,RW 09 Kalisari,-6.339444444,106.8622222,SILIKA DLH /tps dynamic inline JS,https://silika.jakarta.go.id/tps,Official SILIKA TPS coordinate layer. No explicit capacity field exposed.
139,75,KOTA ADM. JAKARTA TIMUR,PASAR REBO,KALISARI,Kalisari Raya Samping Alfa,-6.331944444,106.8602778,SILIKA DLH /tps dynamic inline JS,https://silika.jakarta.go.id/tps,Official SILIKA TPS coordinate layer. No explicit capacity field exposed.
140,75,KOTA ADM. JAKARTA TIMUR,MATRAMAN,KEBON MANGGIS,Bak beton rt 25/03 berland,-6.208888889,106.8525,SILIKA DLH /tps dynamic inline JS,https://silika.jakarta.go.id/tps,Official SILIKA TPS coordinate layer. No explicit capacity field exposed.
141,75,KOTA ADM. JAKARTA TIMUR,MATRAMAN,KEBON MANGGIS,Bak beton rt 21 berland,-6.208333333,106.8527778,SILIKA DLH /tps dynamic inline JS,https://silika.jakarta.go.id/tps,Official SILIKA TPS coordinate layer. No explicit capacity field exposed.
142,75,KOTA ADM. JAKARTA TIMUR,MATRAMAN,UTAN KAYU SELATAN,Dipo utan kayu selatan,-6.198333333,106.8686111,SILIKA DLH /tps dynamic inline JS,https://silika.jakarta.go.id/tps,Official SILIKA TPS coordinate layer. No explicit capacity field exposed.
143,75,KOTA ADM. JAKARTA TIMUR,MATRAMAN,UTAN KAYU SELATAN,RW 04/05 Asem Gede,-6.201666667,106.8716667,SILIKA DLH /tps dynamic inline JS,https://silika.jakarta.go.id/tps,Official SILIKA TPS coordinate layer. No explicit capacity field exposed.
144,75,KOTA ADM. JAKARTA TIMUR,MATRAMAN,KEBON MANGGIS,Transit/pool Gerobak slamet riyadi,-6.2125,106.8577778,SILIKA DLH /tps dynamic inline JS,https://silika.jakarta.go.id/tps,Official SILIKA TPS coordinate layer. No explicit capacity field exposed.
145,75,KOTA ADM. JAKARTA TIMUR,MATRAMAN,KEBON MANGGIS,Bak beton Rt 12/03 berland,-6.205833333,106.8519444,SILIKA DLH /tps dynamic inline JS,https://silika.jakarta.go.id/tps,Official SILIKA TPS coordinate layer. No explicit capacity field exposed.
146,75,KOTA ADM. JAKARTA TIMUR,MATRAMAN,KEBON MANGGIS,Transit/pool Gerobak padel rw 01,-6.201944444,106.8544444,SILIKA DLH /tps dynamic inline JS,https://silika.jakarta.go.id/tps,Official SILIKA TPS coordinate layer. No explicit capacity field exposed.
147,75,KOTA ADM. JAKARTA TIMUR,MATRAMAN,PISANGAN BARU,Tps RW 002 Pisangan Baru ,-6.223888889,106.8741667,SILIKA DLH /tps dynamic inline JS,https://silika.jakarta.go.id/tps,Official SILIKA TPS coordinate layer. No explicit capacity field exposed.
148,75,KOTA ADM. JAKARTA TIMUR,MATRAMAN,KAYU MANIS,Dipo kayu manis,-6.217222222,106.8727778,SILIKA DLH /tps dynamic inline JS,https://silika.jakarta.go.id/tps,Official SILIKA TPS coordinate layer. No explicit capacity field exposed.
149,75,KOTA ADM. JAKARTA TIMUR,MATRAMAN,KEBON MANGGIS,Bak beton rt 18/03 berlan,-6.209166667,106.8533333,SILIKA DLH /tps dynamic inline JS,https://silika.jakarta.go.id/tps,Official SILIKA TPS coordinate layer. No explicit capacity field exposed.
150,75,KOTA ADM. JAKARTA TIMUR,MATRAMAN,KEBON MANGGIS,Bak beton rt17/03 berlan,-6.206666667,106.8533333,SILIKA DLH /tps dynamic inline JS,https://silika.jakarta.go.id/tps,Official SILIKA TPS coordinate layer. No explicit capacity field exposed.
151,75,KOTA ADM. JAKARTA TIMUR,MATRAMAN,KEBON MANGGIS,Bak beton rt 11/03 berlan,-6.205833333,106.8488889,SILIKA DLH /tps dynamic inline JS,https://silika.jakarta.go.id/tps,Official SILIKA TPS coordinate layer. No explicit capacity field exposed.
152,75,KOTA ADM. JAKARTA TIMUR,MATRAMAN,KEBON MANGGIS,Bak beton rt 14/10 rw 03 berlan,-6.205833333,106.8513889,SILIKA DLH /tps dynamic inline JS,https://silika.jakarta.go.id/tps,Official SILIKA TPS coordinate layer. No explicit capacity field exposed.
153,75,KOTA ADM. JAKARTA TIMUR,PASAR REBO,CIJANTUNG,Jl. Lebak Sari di bawah SMPN 103 Cijantung,-6.315,106.86,SILIKA DLH /tps dynamic inline JS,https://silika.jakarta.go.id/tps,Official SILIKA TPS coordinate layer. No explicit capacity field exposed.
154,75,KOTA ADM. JAKARTA TIMUR,CAKUNG,UJUNG MENTENG,Container RW  Pertamina,-6.194722222,106.9580556,SILIKA DLH /tps dynamic inline JS,https://silika.jakarta.go.id/tps,Official SILIKA TPS coordinate layer. No explicit capacity field exposed.
155,75,KOTA ADM. JAKARTA TIMUR,PASAR REBO,KALISARI,Jalan Kalisari 3 Sawit,-6.331111111,106.8530556,SILIKA DLH /tps dynamic inline JS,https://silika.jakarta.go.id/tps,Official SILIKA TPS coordinate layer. No explicit capacity field exposed.
156,75,KOTA ADM. JAKARTA TIMUR,CAKUNG,UJUNG MENTENG,Container Perum Taman Modern,-6.193333333,106.9541667,SILIKA DLH /tps dynamic inline JS,https://silika.jakarta.go.id/tps,Official SILIKA TPS coordinate layer. No explicit capacity field exposed.
157,75,KOTA ADM. JAKARTA TIMUR,PASAR REBO,PEKAYON,DIPO TIPAR,-6.353333333,106.8683333,SILIKA DLH /tps dynamic inline JS,https://silika.jakarta.go.id/tps,Official SILIKA TPS coordinate layer. No explicit capacity field exposed.
158,75,KOTA ADM. JAKARTA TIMUR,CAKUNG,UJUNG MENTENG,Bak RW 01 Ujung Menteng,-6.188333333,106.9625,SILIKA DLH /tps dynamic inline JS,https://silika.jakarta.go.id/tps,Official SILIKA TPS coordinate layer. No explicit capacity field exposed.
159,75,KOTA ADM. JAKARTA TIMUR,PASAR REBO,PEKAYON,Jl. Lapan RW 01 Pekayon,-6.3410535,106.8611654,SILIKA DLH /tps dynamic inline JS,https://silika.jakarta.go.id/tps,Official SILIKA TPS coordinate layer. No explicit capacity field exposed.
160,75,KOTA ADM. JAKARTA TIMUR,PASAR REBO,PEKAYON,Jl. Raya Bogor RW 01 (CIBA),-6.3425,106.8688889,SILIKA DLH /tps dynamic inline JS,https://silika.jakarta.go.id/tps,Official SILIKA TPS coordinate layer. No explicit capacity field exposed.
161,75,KOTA ADM. JAKARTA TIMUR,PASAR REBO,PEKAYON,Jl. Buah RW 04 Pekayon,-6.341111111,106.8702778,SILIKA DLH /tps dynamic inline JS,https://silika.jakarta.go.id/tps,Official SILIKA TPS coordinate layer. No explicit capacity field exposed.
162,75,KOTA ADM. JAKARTA TIMUR,PASAR REBO,PEKAYON,Komplek LAPAN,-6.341388889,106.8625,SILIKA DLH /tps dynamic inline JS,https://silika.jakarta.go.id/tps,Official SILIKA TPS coordinate layer. No explicit capacity field exposed.
163,75,KOTA ADM. JAKARTA TIMUR,PASAR REBO,PEKAYON,Jl. GANDARIA RW 02 Pekayon,-6.3475,106.8638889,SILIKA DLH /tps dynamic inline JS,https://silika.jakarta.go.id/tps,Official SILIKA TPS coordinate layer. No explicit capacity field exposed.
164,75,KOTA ADM. JAKARTA TIMUR,PASAR REBO,PEKAYON,"JL. GANDARIA I,II,III",-6.344722222,106.8666667,SILIKA DLH /tps dynamic inline JS,https://silika.jakarta.go.id/tps,Official SILIKA TPS coordinate layer. No explicit capacity field exposed.
165,75,KOTA ADM. JAKARTA TIMUR,PASAR REBO,PEKAYON,Komplek Zeni,-6.338333333,106.8677778,SILIKA DLH /tps dynamic inline JS,https://silika.jakarta.go.id/tps,Official SILIKA TPS coordinate layer. No explicit capacity field exposed.
166,75,KOTA ADM. JAKARTA TIMUR,PASAR REBO,PEKAYON,Kantor Polsek Pasar Rebo,-6.346306,106.867398,SILIKA DLH /tps dynamic inline JS,https://silika.jakarta.go.id/tps,Official SILIKA TPS coordinate layer. No explicit capacity field exposed.
167,75,KOTA ADM. JAKARTA TIMUR,PASAR REBO,CIJANTUNG,Komplek Bengrah,-6.313888889,106.8602778,SILIKA DLH /tps dynamic inline JS,https://silika.jakarta.go.id/tps,Official SILIKA TPS coordinate layer. No explicit capacity field exposed.
168,75,KOTA ADM. JAKARTA TIMUR,PASAR REBO,CIJANTUNG,Komplek Denzibank,-6.314166667,106.8602778,SILIKA DLH /tps dynamic inline JS,https://silika.jakarta.go.id/tps,Official SILIKA TPS coordinate layer. No explicit capacity field exposed.
169,75,KOTA ADM. JAKARTA TIMUR,PASAR REBO,CIJANTUNG,Dipo Pendidikan,-6.313303,106.861864,SILIKA DLH /tps dynamic inline JS,https://silika.jakarta.go.id/tps,Official SILIKA TPS coordinate layer. No explicit capacity field exposed.
170,75,KOTA ADM. JAKARTA TIMUR,PASAR REBO,GEDONG,Asrama Polri,-6.302777778,106.8580556,SILIKA DLH /tps dynamic inline JS,https://silika.jakarta.go.id/tps,Official SILIKA TPS coordinate layer. No explicit capacity field exposed.
171,75,KOTA ADM. JAKARTA TIMUR,PASAR REBO,GEDONG,Trikora Gedong,-6.304722222,106.8652778,SILIKA DLH /tps dynamic inline JS,https://silika.jakarta.go.id/tps,Official SILIKA TPS coordinate layer. No explicit capacity field exposed.
172,75,KOTA ADM. JAKARTA TIMUR,PASAR REBO,GEDONG,Samping Pom Bensin,-6.302777778,106.8580556,SILIKA DLH /tps dynamic inline JS,https://silika.jakarta.go.id/tps,Official SILIKA TPS coordinate layer. No explicit capacity field exposed.
173,75,KOTA ADM. JAKARTA TIMUR,PASAR REBO,BARU,Dipo Moong,-6.3258394,106.8486602,SILIKA DLH /tps dynamic inline JS,https://silika.jakarta.go.id/tps,Official SILIKA TPS coordinate layer. No explicit capacity field exposed.
174,75,KOTA ADM. JAKARTA TIMUR,PASAR REBO,BARU,TPS KOPASSUS,-6.321729,106.848606,SILIKA DLH /tps dynamic inline JS,https://silika.jakarta.go.id/tps,Official SILIKA TPS coordinate layer. No explicit capacity field exposed.
175,75,KOTA ADM. JAKARTA TIMUR,PASAR REBO,GEDONG,RW 01 Gedong,-6.301666667,106.8591667,SILIKA DLH /tps dynamic inline JS,https://silika.jakarta.go.id/tps,Official SILIKA TPS coordinate layer. No explicit capacity field exposed.
176,75,KOTA ADM. JAKARTA TIMUR,PASAR REBO,KALISARI,Jl. Puskesmas Kartini Kalisari,-6.333888889,106.8508333,SILIKA DLH /tps dynamic inline JS,https://silika.jakarta.go.id/tps,Official SILIKA TPS coordinate layer. No explicit capacity field exposed.
177,75,KOTA ADM. JAKARTA TIMUR,PASAR REBO,KALISARI,GOR Kalisari,-6.331943,106.85364,SILIKA DLH /tps dynamic inline JS,https://silika.jakarta.go.id/tps,Official SILIKA TPS coordinate layer. No explicit capacity field exposed.
178,75,KOTA ADM. JAKARTA TIMUR,CAKUNG,UJUNG MENTENG,"Pool Gerobak Rw 02,03,08",-6.186944444,106.9713889,SILIKA DLH /tps dynamic inline JS,https://silika.jakarta.go.id/tps,Official SILIKA TPS coordinate layer. No explicit capacity field exposed.
179,75,KOTA ADM. JAKARTA TIMUR,CAKUNG,UJUNG MENTENG,Pool Gerobak Perum Metland,-6.173611111,106.9672222,SILIKA DLH /tps dynamic inline JS,https://silika.jakarta.go.id/tps,Official SILIKA TPS coordinate layer. No explicit capacity field exposed.
180,75,KOTA ADM. JAKARTA TIMUR,CAKUNG,UJUNG MENTENG,Bak RW 05 Ujung Menteng,-6.191111111,106.9666667,SILIKA DLH /tps dynamic inline JS,https://silika.jakarta.go.id/tps,Official SILIKA TPS coordinate layer. No explicit capacity field exposed.
181,75,KOTA ADM. JAKARTA TIMUR,CAKUNG,CAKUNG BARAT,Bak RW 003,-6.189722222,106.9427778,SILIKA DLH /tps dynamic inline JS,https://silika.jakarta.go.id/tps,Official SILIKA TPS coordinate layer. No explicit capacity field exposed.
182,75,KOTA ADM. JAKARTA TIMUR,CAKUNG,CAKUNG BARAT,Bak RW 003,-6.188055556,106.9425,SILIKA DLH /tps dynamic inline JS,https://silika.jakarta.go.id/tps,Official SILIKA TPS coordinate layer. No explicit capacity field exposed.
183,75,KOTA ADM. JAKARTA TIMUR,CAKUNG,CAKUNG BARAT,Bak RW 003,-6.189444444,106.9425,SILIKA DLH /tps dynamic inline JS,https://silika.jakarta.go.id/tps,Official SILIKA TPS coordinate layer. No explicit capacity field exposed.
184,75,KOTA ADM. JAKARTA TIMUR,CAKUNG,CAKUNG BARAT,Bak RW 003,-6.186944444,106.9425,SILIKA DLH /tps dynamic inline JS,https://silika.jakarta.go.id/tps,Official SILIKA TPS coordinate layer. No explicit capacity field exposed.
185,75,KOTA ADM. JAKARTA TIMUR,CAKUNG,CAKUNG BARAT,Bak RW 003,-6.186388889,106.9425,SILIKA DLH /tps dynamic inline JS,https://silika.jakarta.go.id/tps,Official SILIKA TPS coordinate layer. No explicit capacity field exposed.
186,75,KOTA ADM. JAKARTA TIMUR,CAKUNG,CAKUNG BARAT,Bak RW 003,-6.185555556,106.9425,SILIKA DLH /tps dynamic inline JS,https://silika.jakarta.go.id/tps,Official SILIKA TPS coordinate layer. No explicit capacity field exposed.
187,75,KOTA ADM. JAKARTA TIMUR,CAKUNG,CAKUNG BARAT,Container RW 04 Cakung Barat,-6.181944444,106.9425,SILIKA DLH /tps dynamic inline JS,https://silika.jakarta.go.id/tps,Official SILIKA TPS coordinate layer. No explicit capacity field exposed.
188,75,KOTA ADM. JAKARTA TIMUR,CAKUNG,CAKUNG BARAT,Container RW 07 Cakung Barat,-6.178055556,106.9405556,SILIKA DLH /tps dynamic inline JS,https://silika.jakarta.go.id/tps,Official SILIKA TPS coordinate layer. No explicit capacity field exposed.
189,75,KOTA ADM. JAKARTA TIMUR,CAKUNG,CAKUNG TIMUR,Pool Gerobak RW 08 Cakung Barat,-6.167777778,106.9313889,SILIKA DLH /tps dynamic inline JS,https://silika.jakarta.go.id/tps,Official SILIKA TPS coordinate layer. No explicit capacity field exposed.
190,75,KOTA ADM. JAKARTA TIMUR,CAKUNG,CAKUNG BARAT,Bak Rusun Albo,-6.166944444,106.9322222,SILIKA DLH /tps dynamic inline JS,https://silika.jakarta.go.id/tps,Official SILIKA TPS coordinate layer. No explicit capacity field exposed.
191,75,KOTA ADM. JAKARTA TIMUR,CAKUNG,CAKUNG BARAT,Pool Gerobak RW 09 Cakung Barat,-6.162777778,106.9327778,SILIKA DLH /tps dynamic inline JS,https://silika.jakarta.go.id/tps,Official SILIKA TPS coordinate layer. No explicit capacity field exposed.
192,75,KOTA ADM. JAKARTA TIMUR,CAKUNG,CAKUNG BARAT,Bak Rusun Tipar,-6.171111111,106.9369444,SILIKA DLH /tps dynamic inline JS,https://silika.jakarta.go.id/tps,Official SILIKA TPS coordinate layer. No explicit capacity field exposed.
193,75,KOTA ADM. JAKARTA TIMUR,CAKUNG,CAKUNG BARAT,Bak Rusun KM2,-6.185,106.9355556,SILIKA DLH /tps dynamic inline JS,https://silika.jakarta.go.id/tps,Official SILIKA TPS coordinate layer. No explicit capacity field exposed.
194,75,KOTA ADM. JAKARTA TIMUR,CAKUNG,CAKUNG BARAT,Bak Palad Cakung Barat,-6.181388889,106.9327778,SILIKA DLH /tps dynamic inline JS,https://silika.jakarta.go.id/tps,Official SILIKA TPS coordinate layer. No explicit capacity field exposed.
195,75,KOTA ADM. JAKARTA TIMUR,CAKUNG,CAKUNG BARAT,Bak Palad Cakung Barat,-6.179444444,106.9333333,SILIKA DLH /tps dynamic inline JS,https://silika.jakarta.go.id/tps,Official SILIKA TPS coordinate layer. No explicit capacity field exposed.
196,75,KOTA ADM. JAKARTA TIMUR,CAKUNG,RAWATERATE,"Container RW 01,02,03 Rawaterate",-6.185277778,106.9125,SILIKA DLH /tps dynamic inline JS,https://silika.jakarta.go.id/tps,Official SILIKA TPS coordinate layer. No explicit capacity field exposed.
197,75,KOTA ADM. JAKARTA TIMUR,CAKUNG,RAWATERATE,Bak RT 014 Rawaterate,-6.191666667,106.9225,SILIKA DLH /tps dynamic inline JS,https://silika.jakarta.go.id/tps,Official SILIKA TPS coordinate layer. No explicit capacity field exposed.
198,75,KOTA ADM. JAKARTA TIMUR,CAKUNG,RAWATERATE,Bak Beton Indomaret Rawaterate,-6.193333333,106.9227778,SILIKA DLH /tps dynamic inline JS,https://silika.jakarta.go.id/tps,Official SILIKA TPS coordinate layer. No explicit capacity field exposed.
199,75,KOTA ADM. JAKARTA TIMUR,CAKUNG,RAWATERATE,Bak RT 006 Rawaterate,-6.189722222,106.9233333,SILIKA DLH /tps dynamic inline JS,https://silika.jakarta.go.id/tps,Official SILIKA TPS coordinate layer. No explicit capacity field exposed.
200,75,KOTA ADM. JAKARTA TIMUR,CAKUNG,RAWATERATE,Bak RT 002 Rawaterate,-6.187222222,106.9230556,SILIKA DLH /tps dynamic inline JS,https://silika.jakarta.go.id/tps,Official SILIKA TPS coordinate layer. No explicit capacity field exposed.
201,75,KOTA ADM. JAKARTA TIMUR,CAKUNG,RAWATERATE,Bak RT 002 Rawaterate,-6.191666667,106.9227778,SILIKA DLH /tps dynamic inline JS,https://silika.jakarta.go.id/tps,Official SILIKA TPS coordinate layer. No explicit capacity field exposed.
202,75,KOTA ADM. JAKARTA TIMUR,CAKUNG,RAWATERATE,Bak RT 009 Rawaterate,-6.191111111,106.9227778,SILIKA DLH /tps dynamic inline JS,https://silika.jakarta.go.id/tps,Official SILIKA TPS coordinate layer. No explicit capacity field exposed.
203,75,KOTA ADM. JAKARTA TIMUR,CAKUNG,RAWATERATE,Bak RW 001,-6.189722222,106.9230556,SILIKA DLH /tps dynamic inline JS,https://silika.jakarta.go.id/tps,Official SILIKA TPS coordinate layer. No explicit capacity field exposed.
204,75,KOTA ADM. JAKARTA TIMUR,CAKUNG,RAWATERATE,Bak RT 11 Rawaterate,-6.189444444,106.9230556,SILIKA DLH /tps dynamic inline JS,https://silika.jakarta.go.id/tps,Official SILIKA TPS coordinate layer. No explicit capacity field exposed.
205,75,KOTA ADM. JAKARTA TIMUR,CAKUNG,RAWATERATE,Bak RT 005 Rawaterate,-6.192777778,106.9227778,SILIKA DLH /tps dynamic inline JS,https://silika.jakarta.go.id/tps,Official SILIKA TPS coordinate layer. No explicit capacity field exposed.
206,75,KOTA ADM. JAKARTA TIMUR,CAKUNG,RAWATERATE,Bak RT 005 Rawaterate,-6.1925,106.9225,SILIKA DLH /tps dynamic inline JS,https://silika.jakarta.go.id/tps,Official SILIKA TPS coordinate layer. No explicit capacity field exposed.
207,75,KOTA ADM. JAKARTA TIMUR,CAKUNG,RAWATERATE,Bak RT 005 Rawaterate,-6.191111111,106.9227778,SILIKA DLH /tps dynamic inline JS,https://silika.jakarta.go.id/tps,Official SILIKA TPS coordinate layer. No explicit capacity field exposed.
208,75,KOTA ADM. JAKARTA TIMUR,CAKUNG,RAWATERATE,Bak RT 005 Rawaterate,-6.190555556,106.9230556,SILIKA DLH /tps dynamic inline JS,https://silika.jakarta.go.id/tps,Official SILIKA TPS coordinate layer. No explicit capacity field exposed.
209,75,KOTA ADM. JAKARTA TIMUR,CAKUNG,RAWATERATE,Bak RT 011 Rawaterate,-6.188888889,106.9230556,SILIKA DLH /tps dynamic inline JS,https://silika.jakarta.go.id/tps,Official SILIKA TPS coordinate layer. No explicit capacity field exposed.
210,75,KOTA ADM. JAKARTA TIMUR,CAKUNG,RAWATERATE,Bak RT 005 Rawaterate,-6.188611111,106.9230556,SILIKA DLH /tps dynamic inline JS,https://silika.jakarta.go.id/tps,Official SILIKA TPS coordinate layer. No explicit capacity field exposed.
211,75,KOTA ADM. JAKARTA TIMUR,CAKUNG,RAWATERATE,Bak Damri Rawaterate,-6.185833333,106.9233333,SILIKA DLH /tps dynamic inline JS,https://silika.jakarta.go.id/tps,Official SILIKA TPS coordinate layer. No explicit capacity field exposed.
212,75,KOTA ADM. JAKARTA TIMUR,CAKUNG,RAWATERATE,Bak RT 010 Rawaterate,-6.190277778,106.9230556,SILIKA DLH /tps dynamic inline JS,https://silika.jakarta.go.id/tps,Official SILIKA TPS coordinate layer. No explicit capacity field exposed.
213,75,KOTA ADM. JAKARTA TIMUR,CAKUNG,RAWATERATE,Bak RT 014 Rawaterate,-6.189166667,106.9230556,SILIKA DLH /tps dynamic inline JS,https://silika.jakarta.go.id/tps,Official SILIKA TPS coordinate layer. No explicit capacity field exposed.
214,75,KOTA ADM. JAKARTA TIMUR,CAKUNG,RAWATERATE,Bak RT 010 Rawaterate,-6.188333333,106.9233333,SILIKA DLH /tps dynamic inline JS,https://silika.jakarta.go.id/tps,Official SILIKA TPS coordinate layer. No explicit capacity field exposed.
215,75,KOTA ADM. JAKARTA TIMUR,CAKUNG,RAWATERATE,Bak RT 006 Rawaterate,-6.190555556,106.9230556,SILIKA DLH /tps dynamic inline JS,https://silika.jakarta.go.id/tps,Official SILIKA TPS coordinate layer. No explicit capacity field exposed.
216,75,KOTA ADM. JAKARTA TIMUR,CAKUNG,RAWATERATE,Bak RT 001 Rawaterate,-6.1925,106.9227778,SILIKA DLH /tps dynamic inline JS,https://silika.jakarta.go.id/tps,Official SILIKA TPS coordinate layer. No explicit capacity field exposed.
217,75,KOTA ADM. JAKARTA TIMUR,CAKUNG,RAWATERATE,Bak RT 009 Rawaterate,-6.188055556,106.9230556,SILIKA DLH /tps dynamic inline JS,https://silika.jakarta.go.id/tps,Official SILIKA TPS coordinate layer. No explicit capacity field exposed.
218,75,KOTA ADM. JAKARTA TIMUR,CAKUNG,PENGGILINGAN,Pool Gerobak RW 008,-6.188611111,106.9338889,SILIKA DLH /tps dynamic inline JS,https://silika.jakarta.go.id/tps,Official SILIKA TPS coordinate layer. No explicit capacity field exposed.
219,75,KOTA ADM. JAKARTA TIMUR,CAKUNG,PENGGILINGAN,Bak RW 008 Penggilingan,-6.190555556,106.9344444,SILIKA DLH /tps dynamic inline JS,https://silika.jakarta.go.id/tps,Official SILIKA TPS coordinate layer. No explicit capacity field exposed.
220,75,KOTA ADM. JAKARTA TIMUR,CAKUNG,PENGGILINGAN,Dipo Rasamala RW.09,-6.193611111,106.9411111,SILIKA DLH /tps dynamic inline JS,https://silika.jakarta.go.id/tps,Official SILIKA TPS coordinate layer. No explicit capacity field exposed.
379,75,KOTA ADM. JAKARTA TIMUR,CAKUNG,PENGGILINGAN,Bak Rusun Pinus Blok A ,-6.200833333,106.9375,SILIKA DLH /tps dynamic inline JS,https://silika.jakarta.go.id/tps,Official SILIKA TPS coordinate layer. No explicit capacity field exposed.
380,75,KOTA ADM. JAKARTA TIMUR,CAKUNG,PENGGILINGAN,Bak Rusun Pinus Blok B,-6.198055556,106.9397222,SILIKA DLH /tps dynamic inline JS,https://silika.jakarta.go.id/tps,Official SILIKA TPS coordinate layer. No explicit capacity field exposed.
381,75,KOTA ADM. JAKARTA TIMUR,CAKUNG,PENGGILINGAN,Container Rusun Pinus Blok C,-6.203333333,106.9394444,SILIKA DLH /tps dynamic inline JS,https://silika.jakarta.go.id/tps,Official SILIKA TPS coordinate layer. No explicit capacity field exposed.
382,75,KOTA ADM. JAKARTA TIMUR,CAKUNG,PENGGILINGAN,Container RW 18 Penggilingan,-6.201388889,106.9377778,SILIKA DLH /tps dynamic inline JS,https://silika.jakarta.go.id/tps,Official SILIKA TPS coordinate layer. No explicit capacity field exposed.
383,75,KOTA ADM. JAKARTA TIMUR,CAKUNG,PENGGILINGAN,DIPO PIK 2,-6.202777778,106.9280556,SILIKA DLH /tps dynamic inline JS,https://silika.jakarta.go.id/tps,Official SILIKA TPS coordinate layer. No explicit capacity field exposed.
384,75,KOTA ADM. JAKARTA TIMUR,CAKUNG,PENGGILINGAN,DIPO PIK 1,-6.205833333,106.9277778,SILIKA DLH /tps dynamic inline JS,https://silika.jakarta.go.id/tps,Official SILIKA TPS coordinate layer. No explicit capacity field exposed.
385,75,KOTA ADM. JAKARTA TIMUR,CAKUNG,PENGGILINGAN,Container Perum Taman Buaran,-6.211666667,106.9344444,SILIKA DLH /tps dynamic inline JS,https://silika.jakarta.go.id/tps,Official SILIKA TPS coordinate layer. No explicit capacity field exposed.
386,75,KOTA ADM. JAKARTA TIMUR,CAKUNG,PENGGILINGAN,Bak Rusun Komarudin,-6.208055556,106.9425,SILIKA DLH /tps dynamic inline JS,https://silika.jakarta.go.id/tps,Official SILIKA TPS coordinate layer. No explicit capacity field exposed.
387,75,KOTA ADM. JAKARTA TIMUR,CAKUNG,PENGGILINGAN,Bak Tikungan Penggilingan,-6.2125,106.94,SILIKA DLH /tps dynamic inline JS,https://silika.jakarta.go.id/tps,Official SILIKA TPS coordinate layer. No explicit capacity field exposed.
388,75,KOTA ADM. JAKARTA TIMUR,CAKUNG,PENGGILINGAN,Container Kantor Pengadilan Militer,-6.216388889,106.9408333,SILIKA DLH /tps dynamic inline JS,https://silika.jakarta.go.id/tps,Official SILIKA TPS coordinate layer. No explicit capacity field exposed.
389,75,KOTA ADM. JAKARTA TIMUR,CAKUNG,CAKUNG TIMUR,Container RW 02 Cakung Timur,-6.194166667,106.9430556,SILIKA DLH /tps dynamic inline JS,https://silika.jakarta.go.id/tps,Official SILIKA TPS coordinate layer. No explicit capacity field exposed.
390,75,KOTA ADM. JAKARTA TIMUR,CAKUNG,CAKUNG TIMUR,Container RW 13 Cakung Timur,-6.193055556,106.9444444,SILIKA DLH /tps dynamic inline JS,https://silika.jakarta.go.id/tps,Official SILIKA TPS coordinate layer. No explicit capacity field exposed.
391,75,KOTA ADM. JAKARTA TIMUR,CAKUNG,CAKUNG TIMUR,Pool Gerobak Rw 01 Cakung Timur,-6.184166667,106.9558333,SILIKA DLH /tps dynamic inline JS,https://silika.jakarta.go.id/tps,Official SILIKA TPS coordinate layer. No explicit capacity field exposed.
392,75,KOTA ADM. JAKARTA TIMUR,CAKUNG,CAKUNG TIMUR,Bak RW 08 Cakung Timur,-6.167777778,106.9622222,SILIKA DLH /tps dynamic inline JS,https://silika.jakarta.go.id/tps,Official SILIKA TPS coordinate layer. No explicit capacity field exposed.
393,75,KOTA ADM. JAKARTA TIMUR,CAKUNG,CAKUNG TIMUR,Bak RW 07 Cakung Timur,-6.163055556,106.9616667,SILIKA DLH /tps dynamic inline JS,https://silika.jakarta.go.id/tps,Official SILIKA TPS coordinate layer. No explicit capacity field exposed.
394,75,KOTA ADM. JAKARTA TIMUR,CAKUNG,CAKUNG TIMUR,Container RW 06 Cakung Timur,-6.195,106.9430556,SILIKA DLH /tps dynamic inline JS,https://silika.jakarta.go.id/tps,Official SILIKA TPS coordinate layer. No explicit capacity field exposed.
395,75,KOTA ADM. JAKARTA TIMUR,CAKUNG,CAKUNG TIMUR,Container RW 11 Cakung Timur,-6.183611111,106.9477778,SILIKA DLH /tps dynamic inline JS,https://silika.jakarta.go.id/tps,Official SILIKA TPS coordinate layer. No explicit capacity field exposed.
396,75,KOTA ADM. JAKARTA TIMUR,CAKUNG,CAKUNG TIMUR,Pool Gerobak RW 03 Cakung Timur,-6.181944444,106.9433333,SILIKA DLH /tps dynamic inline JS,https://silika.jakarta.go.id/tps,Official SILIKA TPS coordinate layer. No explicit capacity field exposed.
397,75,KOTA ADM. JAKARTA TIMUR,MAKASAR,MAKASAR,Tps Rw 04,-6.276388889,106.8741667,SILIKA DLH /tps dynamic inline JS,https://silika.jakarta.go.id/tps,Official SILIKA TPS coordinate layer. No explicit capacity field exposed.
398,75,KOTA ADM. JAKARTA TIMUR,MAKASAR,MAKASAR,Tps Rw 02 Landasan,-6.276388889,106.8741667,SILIKA DLH /tps dynamic inline JS,https://silika.jakarta.go.id/tps,Official SILIKA TPS coordinate layer. No explicit capacity field exposed.
399,75,KOTA ADM. JAKARTA TIMUR,MAKASAR,PINANGRANTI,Tps Rw 05,-6.280277778,106.8836111,SILIKA DLH /tps dynamic inline JS,https://silika.jakarta.go.id/tps,Official SILIKA TPS coordinate layer. No explicit capacity field exposed.
400,75,KOTA ADM. JAKARTA TIMUR,MAKASAR,PINANGRANTI,TPS Rw 04,-6.277222222,106.8830556,SILIKA DLH /tps dynamic inline JS,https://silika.jakarta.go.id/tps,Official SILIKA TPS coordinate layer. No explicit capacity field exposed.
401,75,KOTA ADM. JAKARTA TIMUR,MAKASAR,PINANGRANTI,Tps Rw 01,-6.286944444,106.8786111,SILIKA DLH /tps dynamic inline JS,https://silika.jakarta.go.id/tps,Official SILIKA TPS coordinate layer. No explicit capacity field exposed.
402,75,KOTA ADM. JAKARTA TIMUR,MAKASAR,KEBON PALA,Tps Rw 04,-6.2625,106.8808333,SILIKA DLH /tps dynamic inline JS,https://silika.jakarta.go.id/tps,Official SILIKA TPS coordinate layer. No explicit capacity field exposed.
403,75,KOTA ADM. JAKARTA TIMUR,MAKASAR,KEBON PALA,Rw 03 SDI,-6.257777778,106.8816667,SILIKA DLH /tps dynamic inline JS,https://silika.jakarta.go.id/tps,Official SILIKA TPS coordinate layer. No explicit capacity field exposed.
404,75,KOTA ADM. JAKARTA TIMUR,MAKASAR,KEBON PALA,Rw 03 Jembatan,-6.262777778,106.8733333,SILIKA DLH /tps dynamic inline JS,https://silika.jakarta.go.id/tps,Official SILIKA TPS coordinate layer. No explicit capacity field exposed.
405,75,KOTA ADM. JAKARTA TIMUR,MAKASAR,KEBON PALA,TPS RW 05 Usman Harun,-6.261111111,106.8733333,SILIKA DLH /tps dynamic inline JS,https://silika.jakarta.go.id/tps,Official SILIKA TPS coordinate layer. No explicit capacity field exposed.
406,75,KOTA ADM. JAKARTA TIMUR,MAKASAR,KEBON PALA,TPS RW 05 Permata,-6.258611111,106.8736111,SILIKA DLH /tps dynamic inline JS,https://silika.jakarta.go.id/tps,Official SILIKA TPS coordinate layer. No explicit capacity field exposed.
407,75,KOTA ADM. JAKARTA TIMUR,MAKASAR,KEBON PALA,Rw 07,-6.255833333,106.8730556,SILIKA DLH /tps dynamic inline JS,https://silika.jakarta.go.id/tps,Official SILIKA TPS coordinate layer. No explicit capacity field exposed.
408,75,KOTA ADM. JAKARTA TIMUR,MAKASAR,KEBON PALA,TPS RW12 Kebon Pala,-6.251944444,106.8736111,SILIKA DLH /tps dynamic inline JS,https://silika.jakarta.go.id/tps,Official SILIKA TPS coordinate layer. No explicit capacity field exposed.
409,75,KOTA ADM. JAKARTA TIMUR,MAKASAR,KEBON PALA,TPS Rw 08,-6.255,106.8761111,SILIKA DLH /tps dynamic inline JS,https://silika.jakarta.go.id/tps,Official SILIKA TPS coordinate layer. No explicit capacity field exposed.
410,75,KOTA ADM. JAKARTA TIMUR,MAKASAR,KEBON PALA,TPS RW 06,-6.249722222,106.8797222,SILIKA DLH /tps dynamic inline JS,https://silika.jakarta.go.id/tps,Official SILIKA TPS coordinate layer. No explicit capacity field exposed.
411,75,KOTA ADM. JAKARTA TIMUR,MAKASAR,CIPINANG MELAYU,Tps Rw 09,-6.255277778,106.905,SILIKA DLH /tps dynamic inline JS,https://silika.jakarta.go.id/tps,Official SILIKA TPS coordinate layer. No explicit capacity field exposed.
412,75,KOTA ADM. JAKARTA TIMUR,MAKASAR,CIPINANG MELAYU,Tps rw 13 Naga,-6.248333333,106.9080556,SILIKA DLH /tps dynamic inline JS,https://silika.jakarta.go.id/tps,Official SILIKA TPS coordinate layer. No explicit capacity field exposed.
413,75,KOTA ADM. JAKARTA TIMUR,MAKASAR,CIPINANG MELAYU,Tps Rw 11,-6.245833333,106.9036111,SILIKA DLH /tps dynamic inline JS,https://silika.jakarta.go.id/tps,Official SILIKA TPS coordinate layer. No explicit capacity field exposed.
414,75,KOTA ADM. JAKARTA TIMUR,MAKASAR,CIPINANG MELAYU,Tps Rw 12,-6.250277778,106.9019444,SILIKA DLH /tps dynamic inline JS,https://silika.jakarta.go.id/tps,Official SILIKA TPS coordinate layer. No explicit capacity field exposed.
415,75,KOTA ADM. JAKARTA TIMUR,MAKASAR,CIPINANG MELAYU,TPS RW O4 Cipinang Melayu,-6.24,106.8936111,SILIKA DLH /tps dynamic inline JS,https://silika.jakarta.go.id/tps,Official SILIKA TPS coordinate layer. No explicit capacity field exposed.
416,75,KOTA ADM. JAKARTA TIMUR,MAKASAR,CIPINANG MELAYU,TPS RW 02 INSPEKSI TARUM BARAT,-6.239722222,106.8866667,SILIKA DLH /tps dynamic inline JS,https://silika.jakarta.go.id/tps,Official SILIKA TPS coordinate layer. No explicit capacity field exposed.
417,75,KOTA ADM. JAKARTA TIMUR,MAKASAR,CIPINANG MELAYU,Tps Rw 01,-6.240277778,106.8811111,SILIKA DLH /tps dynamic inline JS,https://silika.jakarta.go.id/tps,Official SILIKA TPS coordinate layer. No explicit capacity field exposed.
418,75,KOTA ADM. JAKARTA TIMUR,MAKASAR,HALIM PERDANA KUSUMA,TPST RW.3 Halim Perdanakusumah,-6.281342,106.900606,SILIKA DLH /tps dynamic inline JS,https://silika.jakarta.go.id/tps,Official SILIKA TPS coordinate layer. No explicit capacity field exposed.
419,75,KOTA ADM. JAKARTA TIMUR,MAKASAR,HALIM PERDANA KUSUMA,Tps Rw 01,-6.288888889,106.8955556,SILIKA DLH /tps dynamic inline JS,https://silika.jakarta.go.id/tps,Official SILIKA TPS coordinate layer. No explicit capacity field exposed.
420,75,KOTA ADM. JAKARTA TIMUR,MAKASAR,HALIM PERDANA KUSUMA,tps Rw 04,-6.277222222,106.89,SILIKA DLH /tps dynamic inline JS,https://silika.jakarta.go.id/tps,Official SILIKA TPS coordinate layer. No explicit capacity field exposed.
421,75,KOTA ADM. JAKARTA TIMUR,CIPAYUNG,MUNJUL,TPS Jankes,-6.354166667,106.8927778,SILIKA DLH /tps dynamic inline JS,https://silika.jakarta.go.id/tps,Official SILIKA TPS coordinate layer. No explicit capacity field exposed.
422,75,KOTA ADM. JAKARTA TIMUR,CIPAYUNG,MUNJUL,Dipo Polri,-6.349444444,106.8916667,SILIKA DLH /tps dynamic inline JS,https://silika.jakarta.go.id/tps,Official SILIKA TPS coordinate layer. No explicit capacity field exposed.
423,75,KOTA ADM. JAKARTA TIMUR,CIPAYUNG,CILANGKAP,TPS Assyafiyah,-6.333892,106.902764,SILIKA DLH /tps dynamic inline JS,https://silika.jakarta.go.id/tps,Official SILIKA TPS coordinate layer. No explicit capacity field exposed.
424,75,KOTA ADM. JAKARTA TIMUR,CIPAYUNG,CEGER,TPS Pintu Air Ceger,-6.321944444,106.8872222,SILIKA DLH /tps dynamic inline JS,https://silika.jakarta.go.id/tps,Official SILIKA TPS coordinate layer. No explicit capacity field exposed.
425,75,KOTA ADM. JAKARTA TIMUR,CIPAYUNG,BAMBU APUS,TPS RW 04 Bina Asri Nusantara,-6.301388889,106.9083333,SILIKA DLH /tps dynamic inline JS,https://silika.jakarta.go.id/tps,Official SILIKA TPS coordinate layer. No explicit capacity field exposed.
426,75,KOTA ADM. JAKARTA TIMUR,JATINEGARA,CIPINANG MUARA,LPS Cipinang Elok RW 10,-6.224166667,106.8855556,SILIKA DLH /tps dynamic inline JS,https://silika.jakarta.go.id/tps,Official SILIKA TPS coordinate layer. No explicit capacity field exposed.
427,75,KOTA ADM. JAKARTA TIMUR,JATINEGARA,RAWA BUNGA,Dipo Barkah,-6.217222222,106.8727778,SILIKA DLH /tps dynamic inline JS,https://silika.jakarta.go.id/tps,Official SILIKA TPS coordinate layer. No explicit capacity field exposed.
428,75,KOTA ADM. JAKARTA TIMUR,JATINEGARA,BALIMESTER,Dipo Kolong Kp. Melayu,-6.225,106.8677778,SILIKA DLH /tps dynamic inline JS,https://silika.jakarta.go.id/tps,Official SILIKA TPS coordinate layer. No explicit capacity field exposed.
429,75,KOTA ADM. JAKARTA TIMUR,JATINEGARA,BIDARACINA,Dipo GOR Otista,-6.235555556,106.8683333,SILIKA DLH /tps dynamic inline JS,https://silika.jakarta.go.id/tps,Official SILIKA TPS coordinate layer. No explicit capacity field exposed.
430,75,KOTA ADM. JAKARTA TIMUR,JATINEGARA,KAMPUNG MELAYU,TPS Permata,-6.2125,106.8608333,SILIKA DLH /tps dynamic inline JS,https://silika.jakarta.go.id/tps,Official SILIKA TPS coordinate layer. No explicit capacity field exposed.
431,75,KOTA ADM. JAKARTA TIMUR,JATINEGARA,CIPINANG CEMPEDAK,Cawang Kavling,-6.211666667,106.8722222,SILIKA DLH /tps dynamic inline JS,https://silika.jakarta.go.id/tps,Official SILIKA TPS coordinate layer. No explicit capacity field exposed.
432,75,KOTA ADM. JAKARTA TIMUR,JATINEGARA,CIPINANG MUARA,Pool container Rw 013 Cip. Muara,-6.2375,106.8911111,SILIKA DLH /tps dynamic inline JS,https://silika.jakarta.go.id/tps,Official SILIKA TPS coordinate layer. No explicit capacity field exposed.
433,75,KOTA ADM. JAKARTA TIMUR,JATINEGARA,BIDARACINA,Rusun Bidara Cina,-6.243333333,106.8669444,SILIKA DLH /tps dynamic inline JS,https://silika.jakarta.go.id/tps,Official SILIKA TPS coordinate layer. No explicit capacity field exposed.
434,75,KOTA ADM. JAKARTA TIMUR,JATINEGARA,CIPINANG CEMPEDAK,TPS RW.08,-6.233055556,106.8694444,SILIKA DLH /tps dynamic inline JS,https://silika.jakarta.go.id/tps,Official SILIKA TPS coordinate layer. No explicit capacity field exposed.
435,75,KOTA ADM. JAKARTA TIMUR,JATINEGARA,CIPINANG BESAR SELATAN,Tps Rw 05 CBS,-6.232777778,106.8819444,SILIKA DLH /tps dynamic inline JS,https://silika.jakarta.go.id/tps,Official SILIKA TPS coordinate layer. No explicit capacity field exposed.
436,75,KOTA ADM. JAKARTA TIMUR,JATINEGARA,CIPINANG CEMPEDAK,LPS Totogan,-6.236666667,106.8761111,SILIKA DLH /tps dynamic inline JS,https://silika.jakarta.go.id/tps,Official SILIKA TPS coordinate layer. No explicit capacity field exposed.
437,75,KOTA ADM. JAKARTA TIMUR,JATINEGARA,CIPINANG BESAR UTARA,Tps Container Rw 02,-6.223888889,106.8741667,SILIKA DLH /tps dynamic inline JS,https://silika.jakarta.go.id/tps,Official SILIKA TPS coordinate layer. No explicit capacity field exposed.
438,75,KOTA ADM. JAKARTA TIMUR,PASAR REBO,BARU,Jl Haji Hasan,-6.325971,106.850127,SILIKA DLH /tps dynamic inline JS,https://silika.jakarta.go.id/tps,Official SILIKA TPS coordinate layer. No explicit capacity field exposed.
653,75,KOTA ADM. JAKARTA TIMUR,MATRAMAN,KEBON MANGGIS,Bak beton rt 27/03 Berlan,-6.206666667,106.8538889,SILIKA DLH /tps dynamic inline JS,https://silika.jakarta.go.id/tps,Official SILIKA TPS coordinate layer. No explicit capacity field exposed.
654,75,KOTA ADM. JAKARTA TIMUR,PULO GADUNG,KAYU PUTIH,TPS Bombay RW 09 Kayu Putih,-6.171388889,106.88,SILIKA DLH /tps dynamic inline JS,https://silika.jakarta.go.id/tps,Official SILIKA TPS coordinate layer. No explicit capacity field exposed.
655,75,KOTA ADM. JAKARTA TIMUR,PASAR REBO,PEKAYON,Jl. Kopi RW 03,-6.348611111,106.8608333,SILIKA DLH /tps dynamic inline JS,https://silika.jakarta.go.id/tps,Official SILIKA TPS coordinate layer. No explicit capacity field exposed.
751,75,KOTA ADM. JAKARTA TIMUR,KRAMAT JATI,CILILITAN,Dipo PLN Cililitan,-6.261667,106.865278,SILIKA DLH /tps dynamic inline JS,https://silika.jakarta.go.id/tps,Official SILIKA TPS coordinate layer. No explicit capacity field exposed.
762,75,KOTA ADM. JAKARTA TIMUR,CIRACAS,KELAPA DUA WETAN,pool container yayasan PKP,-6.336944444,106.8847222,SILIKA DLH /tps dynamic inline JS,https://silika.jakarta.go.id/tps,Official SILIKA TPS coordinate layer. No explicit capacity field exposed.
763,75,KOTA ADM. JAKARTA TIMUR,CIRACAS,CIBUBUR,Pool Container SMA 99,-6.351111111,106.8694444,SILIKA DLH /tps dynamic inline JS,https://silika.jakarta.go.id/tps,Official SILIKA TPS coordinate layer. No explicit capacity field exposed.
764,75,KOTA ADM. JAKARTA TIMUR,CIRACAS,CIBUBUR,tps rw 06,-6.351944444,106.8905556,SILIKA DLH /tps dynamic inline JS,https://silika.jakarta.go.id/tps,Official SILIKA TPS coordinate layer. No explicit capacity field exposed.
765,75,KOTA ADM. JAKARTA TIMUR,CIRACAS,CIRACAS,pool Gerobak ,-6.326666667,106.8844444,SILIKA DLH /tps dynamic inline JS,https://silika.jakarta.go.id/tps,Official SILIKA TPS coordinate layer. No explicit capacity field exposed.
767,75,KOTA ADM. JAKARTA TIMUR,CIRACAS,CIRACAS,Dipo RW 09 Ciracas,-6.316944444,106.875,SILIKA DLH /tps dynamic inline JS,https://silika.jakarta.go.id/tps,Official SILIKA TPS coordinate layer. No explicit capacity field exposed.
768,75,KOTA ADM. JAKARTA TIMUR,CIRACAS,CIRACAS,TPS 3R RW 09,-6.316666667,106.8752778,SILIKA DLH /tps dynamic inline JS,https://silika.jakarta.go.id/tps,Official SILIKA TPS coordinate layer. No explicit capacity field exposed.
769,75,KOTA ADM. JAKARTA TIMUR,CIRACAS,SUSUKAN,Bak Tol Ciracas,-6.3075,106.8691667,SILIKA DLH /tps dynamic inline JS,https://silika.jakarta.go.id/tps,Official SILIKA TPS coordinate layer. No explicit capacity field exposed.
770,75,KOTA ADM. JAKARTA TIMUR,CIRACAS,SUSUKAN,Bak POM Bensin Susukan,-6.308611111,106.8694444,SILIKA DLH /tps dynamic inline JS,https://silika.jakarta.go.id/tps,Official SILIKA TPS coordinate layer. No explicit capacity field exposed.
771,75,KOTA ADM. JAKARTA TIMUR,CIRACAS,SUSUKAN,Bak Madura Susukan,-6.308055556,106.8716667,SILIKA DLH /tps dynamic inline JS,https://silika.jakarta.go.id/tps,Official SILIKA TPS coordinate layer. No explicit capacity field exposed.
772,75,KOTA ADM. JAKARTA TIMUR,CIRACAS,SUSUKAN,Pool Container RW 02 Atas,-6.31,106.8661111,SILIKA DLH /tps dynamic inline JS,https://silika.jakarta.go.id/tps,Official SILIKA TPS coordinate layer. No explicit capacity field exposed.
773,75,KOTA ADM. JAKARTA TIMUR,CIRACAS,SUSUKAN,Pool Container RW 02 Bawah,-6.310277778,106.8672222,SILIKA DLH /tps dynamic inline JS,https://silika.jakarta.go.id/tps,Official SILIKA TPS coordinate layer. No explicit capacity field exposed.
812,75,KOTA ADM. JAKARTA TIMUR,CIRACAS,RAMBUTAN,TPS Gebras,-6.3075,106.8733333,SILIKA DLH /tps dynamic inline JS,https://silika.jakarta.go.id/tps,Official SILIKA TPS coordinate layer. No explicit capacity field exposed.
813,75,KOTA ADM. JAKARTA TIMUR,CIRACAS,RAMBUTAN,Bak Pisang,-6.3075,106.8825,SILIKA DLH /tps dynamic inline JS,https://silika.jakarta.go.id/tps,Official SILIKA TPS coordinate layer. No explicit capacity field exposed.
814,75,KOTA ADM. JAKARTA TIMUR,CIRACAS,RAMBUTAN,DITKUM TNI AD,-6.3075,106.8805556,SILIKA DLH /tps dynamic inline JS,https://silika.jakarta.go.id/tps,Official SILIKA TPS coordinate layer. No explicit capacity field exposed.
823,75,KOTA ADM. JAKARTA TIMUR,PULO GADUNG,JATINEGARA KAUM,RW 004 Kel. Jatinegara Kaum,-6.199166667,106.9061111,SILIKA DLH /tps dynamic inline JS,https://silika.jakarta.go.id/tps,Official SILIKA TPS coordinate layer. No explicit capacity field exposed.
824,75,KOTA ADM. JAKARTA TIMUR,PULO GADUNG,RAWAMANGUN,"Rw. 010,011 Rawamangun",-6.201388889,106.8902778,SILIKA DLH /tps dynamic inline JS,https://silika.jakarta.go.id/tps,Official SILIKA TPS coordinate layer. No explicit capacity field exposed.
825,75,KOTA ADM. JAKARTA TIMUR,PULO GADUNG,RAWAMANGUN,"Rw. 008,009 Rawamangun",-6.202222222,106.8830556,SILIKA DLH /tps dynamic inline JS,https://silika.jakarta.go.id/tps,Official SILIKA TPS coordinate layer. No explicit capacity field exposed.
826,75,KOTA ADM. JAKARTA TIMUR,PULO GADUNG,JATINEGARA KAUM,RW 07 Jatinegara Kaum,-6.192777778,106.9044444,SILIKA DLH /tps dynamic inline JS,https://silika.jakarta.go.id/tps,Official SILIKA TPS coordinate layer. No explicit capacity field exposed.
827,75,KOTA ADM. JAKARTA TIMUR,PULO GADUNG,JATINEGARA KAUM,RW 06 Jatinegara Kaum,-6.1925,106.9044444,SILIKA DLH /tps dynamic inline JS,https://silika.jakarta.go.id/tps,Official SILIKA TPS coordinate layer. No explicit capacity field exposed.
828,75,KOTA ADM. JAKARTA TIMUR,PULO GADUNG,RAWAMANGUN,RW 07 Rawamangun,-6.194722222,106.8886111,SILIKA DLH /tps dynamic inline JS,https://silika.jakarta.go.id/tps,Official SILIKA TPS coordinate layer. No explicit capacity field exposed.
829,75,KOTA ADM. JAKARTA TIMUR,JATINEGARA,CIPINANG MUARA,Kebon Singkong Cipinang Muara,-6.2218047,106.8947641,SILIKA DLH /tps dynamic inline JS,https://silika.jakarta.go.id/tps,Official SILIKA TPS coordinate layer. No explicit capacity field exposed.
830,75,KOTA ADM. JAKARTA TIMUR,JATINEGARA,CIPINANG BESAR SELATAN,TPS BKT,-6.227777778,106.8827778,SILIKA DLH /tps dynamic inline JS,https://silika.jakarta.go.id/tps,Official SILIKA TPS coordinate layer. No explicit capacity field exposed.
832,75,KOTA ADM. JAKARTA TIMUR,KRAMAT JATI,DUKUH,Jl. Dukuh 5 rt 10 rw 05,-6.294444444,106.8786111,SILIKA DLH /tps dynamic inline JS,https://silika.jakarta.go.id/tps,Official SILIKA TPS coordinate layer. No explicit capacity field exposed.
833,75,KOTA ADM. JAKARTA TIMUR,KRAMAT JATI,TENGAH,TPS RW 05 Kel. Tengah,-6.285833333,106.8691667,SILIKA DLH /tps dynamic inline JS,https://silika.jakarta.go.id/tps,Official SILIKA TPS coordinate layer. No explicit capacity field exposed.
834,75,KOTA ADM. JAKARTA TIMUR,KRAMAT JATI,TENGAH,Jl. Kober rt 09 rw 09,-6.288333333,106.8616667,SILIKA DLH /tps dynamic inline JS,https://silika.jakarta.go.id/tps,Official SILIKA TPS coordinate layer. No explicit capacity field exposed.
835,75,KOTA ADM. JAKARTA TIMUR,KRAMAT JATI,TENGAH,Komplek Paspampres,-6.290277778,106.8677778,SILIKA DLH /tps dynamic inline JS,https://silika.jakarta.go.id/tps,Official SILIKA TPS coordinate layer. No explicit capacity field exposed.
836,75,KOTA ADM. JAKARTA TIMUR,KRAMAT JATI,TENGAH,Jl. Karya,-6.291944444,106.8716667,SILIKA DLH /tps dynamic inline JS,https://silika.jakarta.go.id/tps,Official SILIKA TPS coordinate layer. No explicit capacity field exposed.
837,75,KOTA ADM. JAKARTA TIMUR,KRAMAT JATI,KRAMATJATI,Komplek Kodim RT 09 RW 02,-6.267222222,106.8686111,SILIKA DLH /tps dynamic inline JS,https://silika.jakarta.go.id/tps,Official SILIKA TPS coordinate layer. No explicit capacity field exposed.
838,75,KOTA ADM. JAKARTA TIMUR,KRAMAT JATI,KRAMATJATI,Jl Nussa RW 03,-6.2675,106.8716667,SILIKA DLH /tps dynamic inline JS,https://silika.jakarta.go.id/tps,Official SILIKA TPS coordinate layer. No explicit capacity field exposed.
839,75,KOTA ADM. JAKARTA TIMUR,KRAMAT JATI,KRAMATJATI,Jl RS Polri RT 06 RW 05,-6.269166667,106.8711111,SILIKA DLH /tps dynamic inline JS,https://silika.jakarta.go.id/tps,Official SILIKA TPS coordinate layer. No explicit capacity field exposed.
840,75,KOTA ADM. JAKARTA TIMUR,KRAMAT JATI,KRAMATJATI,Jl. RS Polri RT 11 RW 04,-6.269166667,106.8694444,SILIKA DLH /tps dynamic inline JS,https://silika.jakarta.go.id/tps,Official SILIKA TPS coordinate layer. No explicit capacity field exposed.
841,75,KOTA ADM. JAKARTA TIMUR,KRAMAT JATI,KRAMATJATI,Jl. H. Mudenia RT 06 RW 09,-6.272777778,106.8669444,SILIKA DLH /tps dynamic inline JS,https://silika.jakarta.go.id/tps,Official SILIKA TPS coordinate layer. No explicit capacity field exposed.
842,75,KOTA ADM. JAKARTA TIMUR,KRAMAT JATI,KRAMATJATI,TPS RW 011 Kel. Kramat Jati ,-6.280833333,106.8733333,SILIKA DLH /tps dynamic inline JS,https://silika.jakarta.go.id/tps,Official SILIKA TPS coordinate layer. No explicit capacity field exposed.
843,75,KOTA ADM. JAKARTA TIMUR,KRAMAT JATI,DUKUH,Jl. Pijar RT 12 RW 04,-6.3015625,106.8825639,SILIKA DLH /tps dynamic inline JS,https://silika.jakarta.go.id/tps,Official SILIKA TPS coordinate layer. No explicit capacity field exposed.
844,75,KOTA ADM. JAKARTA TIMUR,KRAMAT JATI,DUKUH,Jl. BHP RT 05 RW 06,-6.295833333,106.8755556,SILIKA DLH /tps dynamic inline JS,https://silika.jakarta.go.id/tps,Official SILIKA TPS coordinate layer. No explicit capacity field exposed.
845,75,KOTA ADM. JAKARTA TIMUR,KRAMAT JATI,DUKUH,Jl. Lebak Juwet RT 14 RW 03,-6.300555556,106.8805556,SILIKA DLH /tps dynamic inline JS,https://silika.jakarta.go.id/tps,Official SILIKA TPS coordinate layer. No explicit capacity field exposed.
846,75,KOTA ADM. JAKARTA TIMUR,KRAMAT JATI,DUKUH,Jl. Dukuh 4 RT 05 RW 01,-6.286388889,106.8766667,SILIKA DLH /tps dynamic inline JS,https://silika.jakarta.go.id/tps,Official SILIKA TPS coordinate layer. No explicit capacity field exposed.
847,75,KOTA ADM. JAKARTA TIMUR,KRAMAT JATI,CAWANG,Jl. Cawang II,-6.249444444,106.8705556,SILIKA DLH /tps dynamic inline JS,https://silika.jakarta.go.id/tps,Official SILIKA TPS coordinate layer. No explicit capacity field exposed.
848,75,KOTA ADM. JAKARTA TIMUR,KRAMAT JATI,CAWANG,Jl. MT Haryono,-6.245833333,106.8702778,SILIKA DLH /tps dynamic inline JS,https://silika.jakarta.go.id/tps,Official SILIKA TPS coordinate layer. No explicit capacity field exposed.
849,75,KOTA ADM. JAKARTA TIMUR,KRAMAT JATI,CAWANG,Jl. Dewi Sartika Gg Tanjung Syanyang,-6.254166667,106.8608333,SILIKA DLH /tps dynamic inline JS,https://silika.jakarta.go.id/tps,Official SILIKA TPS coordinate layer. No explicit capacity field exposed.
850,75,KOTA ADM. JAKARTA TIMUR,KRAMAT JATI,CILILITAN,Jl. Cililitan Besar,-6.264444444,106.8722222,SILIKA DLH /tps dynamic inline JS,https://silika.jakarta.go.id/tps,Official SILIKA TPS coordinate layer. No explicit capacity field exposed.
851,75,KOTA ADM. JAKARTA TIMUR,KRAMAT JATI,TENGAH,Komplek Zeni AD,-6.297222222,106.87,SILIKA DLH /tps dynamic inline JS,https://silika.jakarta.go.id/tps,Official SILIKA TPS coordinate layer. No explicit capacity field exposed.
852,75,KOTA ADM. JAKARTA TIMUR,KRAMAT JATI,BALEKAMBANG,Balekambang RT 05 RW 05,-6.292777778,106.8538889,SILIKA DLH /tps dynamic inline JS,https://silika.jakarta.go.id/tps,Official SILIKA TPS coordinate layer. No explicit capacity field exposed.
853,75,KOTA ADM. JAKARTA TIMUR,KRAMAT JATI,CILILITAN,Komplek Puskesad,-6.263888889,106.8697222,SILIKA DLH /tps dynamic inline JS,https://silika.jakarta.go.id/tps,Official SILIKA TPS coordinate layer. No explicit capacity field exposed.
854,75,KOTA ADM. JAKARTA TIMUR,KRAMAT JATI,CILILITAN,Jl M. Sutoyo,-6.261666667,106.8652778,SILIKA DLH /tps dynamic inline JS,https://silika.jakarta.go.id/tps,Official SILIKA TPS coordinate layer. No explicit capacity field exposed.
855,75,KOTA ADM. JAKARTA TIMUR,KRAMAT JATI,TENGAH,Kelurahan Tengah RT 03 RW 04,-6.293333333,106.8658333,SILIKA DLH /tps dynamic inline JS,https://silika.jakarta.go.id/tps,Official SILIKA TPS coordinate layer. No explicit capacity field exposed.
856,75,KOTA ADM. JAKARTA TIMUR,KRAMAT JATI,KRAMATJATI,Jl. Al Amin,-6.271111111,106.8672222,SILIKA DLH /tps dynamic inline JS,https://silika.jakarta.go.id/tps,Official SILIKA TPS coordinate layer. No explicit capacity field exposed.
857,75,KOTA ADM. JAKARTA TIMUR,KRAMAT JATI,KRAMATJATI,Jl. Nusa I RT 03 RW 05,-6.268055556,106.8708333,SILIKA DLH /tps dynamic inline JS,https://silika.jakarta.go.id/tps,Official SILIKA TPS coordinate layer. No explicit capacity field exposed.
858,75,KOTA ADM. JAKARTA TIMUR,KRAMAT JATI,KRAMATJATI,Jl. RS Polri RT 06 RW 05,-6.269166667,106.8711111,SILIKA DLH /tps dynamic inline JS,https://silika.jakarta.go.id/tps,Official SILIKA TPS coordinate layer. No explicit capacity field exposed.
875,75,KOTA ADM. JAKARTA TIMUR,CAKUNG,CAKUNG BARAT,DIPO PPD RW.07,-6.17387932,106.9332874,SILIKA DLH /tps dynamic inline JS,https://silika.jakarta.go.id/tps,Official SILIKA TPS coordinate layer. No explicit capacity field exposed.
876,75,KOTA ADM. JAKARTA TIMUR,CAKUNG,PULOGEBANG,Dipo Permai Rw.13,-6.1938492,106.9452498,SILIKA DLH /tps dynamic inline JS,https://silika.jakarta.go.id/tps,Official SILIKA TPS coordinate layer. No explicit capacity field exposed.
879,75,KOTA ADM. JAKARTA TIMUR,MAKASAR,PINANGRANTI,Dipo RTM RW.02,-6.292222222,106.8883333,SILIKA DLH /tps dynamic inline JS,https://silika.jakarta.go.id/tps,Official SILIKA TPS coordinate layer. No explicit capacity field exposed.
880,75,KOTA ADM. JAKARTA TIMUR,MAKASAR,KEBON PALA,TPS RW.01 Kamboja,-6.2625,106.8808333,SILIKA DLH /tps dynamic inline JS,https://silika.jakarta.go.id/tps,Official SILIKA TPS coordinate layer. No explicit capacity field exposed.
881,75,KOTA ADM. JAKARTA TIMUR,DUREN SAWIT,DUREN SAWIT,Pool Gerobak RW 04 Duren Sawit,-6.256944444,106.8705556,SILIKA DLH /tps dynamic inline JS,https://silika.jakarta.go.id/tps,Official SILIKA TPS coordinate layer. No explicit capacity field exposed.
882,75,KOTA ADM. JAKARTA TIMUR,DUREN SAWIT,PONDOK BAMBU,Pool Gerobak RW 06 BKT,-6.230555556,106.9086111,SILIKA DLH /tps dynamic inline JS,https://silika.jakarta.go.id/tps,Official SILIKA TPS coordinate layer. No explicit capacity field exposed.
883,75,KOTA ADM. JAKARTA TIMUR,MAKASAR,CIPINANG MELAYU,RW.06 Kodam ,-6.248333333,106.9080556,SILIKA DLH /tps dynamic inline JS,https://silika.jakarta.go.id/tps,Official SILIKA TPS coordinate layer. No explicit capacity field exposed.
884,75,KOTA ADM. JAKARTA TIMUR,MAKASAR,CIPINANG MELAYU,TPS RW 04 Borobudur,-6.242777778,106.8975,SILIKA DLH /tps dynamic inline JS,https://silika.jakarta.go.id/tps,Official SILIKA TPS coordinate layer. No explicit capacity field exposed.
885,75,KOTA ADM. JAKARTA TIMUR,MAKASAR,CIPINANG MELAYU,Tps Rw 03 Kukila,-6.282777778,106.9041667,SILIKA DLH /tps dynamic inline JS,https://silika.jakarta.go.id/tps,Official SILIKA TPS coordinate layer. No explicit capacity field exposed.
886,75,KOTA ADM. JAKARTA TIMUR,MAKASAR,HALIM PERDANA KUSUMA,Tps Rw 05 / 06 Taman Intirub,-6.265555556,106.8777778,SILIKA DLH /tps dynamic inline JS,https://silika.jakarta.go.id/tps,Official SILIKA TPS coordinate layer. No explicit capacity field exposed.
887,75,KOTA ADM. JAKARTA TIMUR,MAKASAR,HALIM PERDANA KUSUMA,Tps Rw 11 Rajawali,-6.256388889,106.8905556,SILIKA DLH /tps dynamic inline JS,https://silika.jakarta.go.id/tps,Official SILIKA TPS coordinate layer. No explicit capacity field exposed.
888,75,KOTA ADM. JAKARTA TIMUR,MAKASAR,HALIM PERDANA KUSUMA,Tps Rw 12 Rajawali,-6.253055556,106.8925,SILIKA DLH /tps dynamic inline JS,https://silika.jakarta.go.id/tps,Official SILIKA TPS coordinate layer. No explicit capacity field exposed.
889,75,KOTA ADM. JAKARTA TIMUR,MAKASAR,HALIM PERDANA KUSUMA,TPST RW.14 Halim Perdanakusumah,-6.250555556,106.8833333,SILIKA DLH /tps dynamic inline JS,https://silika.jakarta.go.id/tps,Official SILIKA TPS coordinate layer. No explicit capacity field exposed.
919,75,KOTA ADM. JAKARTA TIMUR,MAKASAR,KEBON PALA,TPS RW 12 KEBON PALA,-6.255015,106.877142,SILIKA DLH /tps dynamic inline JS,https://silika.jakarta.go.id/tps,Official SILIKA TPS coordinate layer. No explicit capacity field exposed.
920,75,KOTA ADM. JAKARTA TIMUR,MAKASAR,CIPINANG MELAYU,TPS RW 03 CIPINANG MELAYU,-6.220841,106.928616,SILIKA DLH /tps dynamic inline JS,https://silika.jakarta.go.id/tps,Official SILIKA TPS coordinate layer. No explicit capacity field exposed.
1018,75,KOTA ADM. JAKARTA TIMUR,DUREN SAWIT,PONDOK BAMBU,Door To Door Bambu Duri RW.06 Kel.Pondok Bambu,-6.2309614,106.9017372,SILIKA DLH /tps dynamic inline JS,https://silika.jakarta.go.id/tps,Official SILIKA TPS coordinate layer. No explicit capacity field exposed.
1019,75,KOTA ADM. JAKARTA TIMUR,DUREN SAWIT,DUREN SAWIT,Door To Door RW.14 Kel.Duren Sawit,-6.2361013,106.9219162,SILIKA DLH /tps dynamic inline JS,https://silika.jakarta.go.id/tps,Official SILIKA TPS coordinate layer. No explicit capacity field exposed.
1020,75,KOTA ADM. JAKARTA TIMUR,DUREN SAWIT,PONDOK KELAPA,Pool Container RW.07 Kel.Pondok Kelapa,-6.2381014,106.9228707,SILIKA DLH /tps dynamic inline JS,https://silika.jakarta.go.id/tps,Official SILIKA TPS coordinate layer. No explicit capacity field exposed.
1031,75,KOTA ADM. JAKARTA TIMUR,KRAMAT JATI,KRAMATJATI,Tps Pasar Induk,-6.29418,106.872081,SILIKA DLH /tps dynamic inline JS,https://silika.jakarta.go.id/tps,Official SILIKA TPS coordinate layer. No explicit capacity field exposed.
1032,75,KOTA ADM. JAKARTA TIMUR,KRAMAT JATI,DUKUH,Tps Rw 001 Dukuh,-6.287416,106.876265,SILIKA DLH /tps dynamic inline JS,https://silika.jakarta.go.id/tps,Official SILIKA TPS coordinate layer. No explicit capacity field exposed.
1033,75,KOTA ADM. JAKARTA TIMUR,KRAMAT JATI,TENGAH,Tps Rw 007 tengah ,-6.295852,106.871432,SILIKA DLH /tps dynamic inline JS,https://silika.jakarta.go.id/tps,Official SILIKA TPS coordinate layer. No explicit capacity field exposed.
1034,75,KOTA ADM. JAKARTA TIMUR,KRAMAT JATI,KRAMATJATI,Tps Rw 002 Kramat Jati ,-6.26493,106.870928,SILIKA DLH /tps dynamic inline JS,https://silika.jakarta.go.id/tps,Official SILIKA TPS coordinate layer. No explicit capacity field exposed.
1035,75,KOTA ADM. JAKARTA TIMUR,KRAMAT JATI,KRAMATJATI,Tps Rw 002 Kramat Jati ,-6.266298,106.870612,SILIKA DLH /tps dynamic inline JS,https://silika.jakarta.go.id/tps,Official SILIKA TPS coordinate layer. No explicit capacity field exposed.
1036,75,KOTA ADM. JAKARTA TIMUR,KRAMAT JATI,KRAMATJATI,Tps Rw 002 Kramat Jati ,-6.266442,106.870923,SILIKA DLH /tps dynamic inline JS,https://silika.jakarta.go.id/tps,Official SILIKA TPS coordinate layer. No explicit capacity field exposed.
1037,75,KOTA ADM. JAKARTA TIMUR,KRAMAT JATI,KRAMATJATI,Tps Rw 002 Kramat Jati ,-6.265565,106.869164,SILIKA DLH /tps dynamic inline JS,https://silika.jakarta.go.id/tps,Official SILIKA TPS coordinate layer. No explicit capacity field exposed.
1038,75,KOTA ADM. JAKARTA TIMUR,KRAMAT JATI,KRAMATJATI,Tps Lokbin Nusa,-6.268007,106.868344,SILIKA DLH /tps dynamic inline JS,https://silika.jakarta.go.id/tps,Official SILIKA TPS coordinate layer. No explicit capacity field exposed.
1039,75,KOTA ADM. JAKARTA TIMUR,KRAMAT JATI,KRAMATJATI,Tps Rw 005 Kramat Jati,-6.278604,106.864569,SILIKA DLH /tps dynamic inline JS,https://silika.jakarta.go.id/tps,Official SILIKA TPS coordinate layer. No explicit capacity field exposed.
1040,75,KOTA ADM. JAKARTA TIMUR,KRAMAT JATI,KRAMATJATI,Tps Rw 005 Kramat JAti,-6.269151,106.870965,SILIKA DLH /tps dynamic inline JS,https://silika.jakarta.go.id/tps,Official SILIKA TPS coordinate layer. No explicit capacity field exposed.
1041,75,KOTA ADM. JAKARTA TIMUR,KRAMAT JATI,KRAMATJATI,Tps Rw 005 Kramat JAti,-6.268562,106.870859,SILIKA DLH /tps dynamic inline JS,https://silika.jakarta.go.id/tps,Official SILIKA TPS coordinate layer. No explicit capacity field exposed.
1042,75,KOTA ADM. JAKARTA TIMUR,KRAMAT JATI,KRAMATJATI,Tps rw 008 Pusdikes,-6.276701,106.868912,SILIKA DLH /tps dynamic inline JS,https://silika.jakarta.go.id/tps,Official SILIKA TPS coordinate layer. No explicit capacity field exposed.
1043,75,KOTA ADM. JAKARTA TIMUR,KRAMAT JATI,KRAMATJATI,Tps Pasar Kramat Jati ,-6.268704,106.867785,SILIKA DLH /tps dynamic inline JS,https://silika.jakarta.go.id/tps,Official SILIKA TPS coordinate layer. No explicit capacity field exposed.
1044,75,KOTA ADM. JAKARTA TIMUR,KRAMAT JATI,KRAMATJATI,Tps Rw 11 Cawang ,-6.24941,106.870721,SILIKA DLH /tps dynamic inline JS,https://silika.jakarta.go.id/tps,Official SILIKA TPS coordinate layer. No explicit capacity field exposed.
1045,75,KOTA ADM. JAKARTA TIMUR,KRAMAT JATI,KRAMATJATI,Tps Rw 007 Cililitan ,-6.261351,106.86167,SILIKA DLH /tps dynamic inline JS,https://silika.jakarta.go.id/tps,Official SILIKA TPS coordinate layer. No explicit capacity field exposed.
1046,75,KOTA ADM. JAKARTA TIMUR,KRAMAT JATI,CILILITAN,Komplek Rumah Dinas Kodam Jaya Cililitan ,-6.258944,106.866987,SILIKA DLH /tps dynamic inline JS,https://silika.jakarta.go.id/tps,Official SILIKA TPS coordinate layer. No explicit capacity field exposed.
1047,75,KOTA ADM. JAKARTA TIMUR,KRAMAT JATI,CILILITAN,Komplek Pln Cililitan ,-6.26384,106.868478,SILIKA DLH /tps dynamic inline JS,https://silika.jakarta.go.id/tps,Official SILIKA TPS coordinate layer. No explicit capacity field exposed.
1048,75,KOTA ADM. JAKARTA TIMUR,KRAMAT JATI,CILILITAN,TPS RW 003 CILILITAN ,-6.262345,106.871029,SILIKA DLH /tps dynamic inline JS,https://silika.jakarta.go.id/tps,Official SILIKA TPS coordinate layer. No explicit capacity field exposed.
1049,75,KOTA ADM. JAKARTA TIMUR,KRAMAT JATI,CILILITAN,Tps Pasar Jambul ,-6.25615,106.865818,SILIKA DLH /tps dynamic inline JS,https://silika.jakarta.go.id/tps,Official SILIKA TPS coordinate layer. No explicit capacity field exposed.
1062,75,KOTA ADM. JAKARTA TIMUR,CAKUNG,UJUNG MENTENG,TPS Kecamatan Cakung,-6.198766,106.967382,SILIKA DLH /tps dynamic inline JS,https://silika.jakarta.go.id/tps,Official SILIKA TPS coordinate layer. No explicit capacity field exposed.
1063,75,KOTA ADM. JAKARTA TIMUR,CAKUNG,JATINEGARA,Rw 03 Jatinegara,-6.209687,106.901531,SILIKA DLH /tps dynamic inline JS,https://silika.jakarta.go.id/tps,Official SILIKA TPS coordinate layer. No explicit capacity field exposed.
1064,75,KOTA ADM. JAKARTA TIMUR,CAKUNG,JATINEGARA,Pool Gerobak Pulo Kambing Rw 03 Jatinegara,-6.2057073623122045,106.90837461555041,SILIKA DLH /tps dynamic inline JS,https://silika.jakarta.go.id/tps,Official SILIKA TPS coordinate layer. No explicit capacity field exposed.
1065,75,KOTA ADM. JAKARTA TIMUR,CAKUNG,JATINEGARA,Sampah Liar Rw 10 Rawakepiting Kel. Jatinegara,-6.196569,106.919776,SILIKA DLH /tps dynamic inline JS,https://silika.jakarta.go.id/tps,Official SILIKA TPS coordinate layer. No explicit capacity field exposed.
1066,75,KOTA ADM. JAKARTA TIMUR,CAKUNG,JATINEGARA,Bak Beton Arion,-6.203016,106.923056,SILIKA DLH /tps dynamic inline JS,https://silika.jakarta.go.id/tps,Official SILIKA TPS coordinate layer. No explicit capacity field exposed.
1067,75,KOTA ADM. JAKARTA TIMUR,CIRACAS,CIRACAS,TPS LB3 Asrama Dinas Lingkungan Hidup Ciracas,-6.317273,106.875328,SILIKA DLH /tps dynamic inline JS,https://silika.jakarta.go.id/tps,Official SILIKA TPS coordinate layer. No explicit capacity field exposed.
1087,75,KOTA ADM. JAKARTA TIMUR,MATRAMAN,UTAN KAYU UTARA,TPS Rw 001 Utan Kayu Utara,-6.195457,106.861986,SILIKA DLH /tps dynamic inline JS,https://silika.jakarta.go.id/tps,Official SILIKA TPS coordinate layer. No explicit capacity field exposed.
1094,75,KOTA ADM. JAKARTA TIMUR,PASAR REBO,GEDONG,TPS TANAH MERAH,-6.297136617262475,106.85601670345133,SILIKA DLH /tps dynamic inline JS,https://silika.jakarta.go.id/tps,Official SILIKA TPS coordinate layer. No explicit capacity field exposed.
1100,75,KOTA ADM. JAKARTA TIMUR,PASAR REBO,KALISARI,TPS MANUNGGAL BAKTI,-6.3366588,106.8484485,SILIKA DLH /tps dynamic inline JS,https://silika.jakarta.go.id/tps,Official SILIKA TPS coordinate layer. No explicit capacity field exposed.
1101,75,KOTA ADM. JAKARTA TIMUR,PASAR REBO,KALISARI,TPS HUBAD KALISARI,-6.334787,106.8462628,SILIKA DLH /tps dynamic inline JS,https://silika.jakarta.go.id/tps,Official SILIKA TPS coordinate layer. No explicit capacity field exposed.
1102,75,KOTA ADM. JAKARTA TIMUR,PASAR REBO,KALISARI,TPS JALAN BARET BIRU 3 ,-6.337742982241253,106.8547253788823,SILIKA DLH /tps dynamic inline JS,https://silika.jakarta.go.id/tps,Official SILIKA TPS coordinate layer. No explicit capacity field exposed.
1103,75,KOTA ADM. JAKARTA TIMUR,DUREN SAWIT,MALAKA JAYA,TPS RW. 10 Malaka Jaya,-6.2274388,106.933161,SILIKA DLH /tps dynamic inline JS,https://silika.jakarta.go.id/tps,Official SILIKA TPS coordinate layer. No explicit capacity field exposed.
1104,75,KOTA ADM. JAKARTA TIMUR,CAKUNG,UJUNG MENTENG,Dipo Rw. 05 Ujung Menteng,-6.1953375,106.9690781,SILIKA DLH /tps dynamic inline JS,https://silika.jakarta.go.id/tps,Official SILIKA TPS coordinate layer. No explicit capacity field exposed.
